{"metadata":{},"options":{"assumptions":{},"compact":false,"sourceMaps":true,"ast":true,"babelrc":false,"configFile":false,"parserOpts":{"sourceType":"module","sourceFileName":"/home/matheuswm/Downloads/teste/imports/api/metodos.js","plugins":["*","flow","jsx","asyncGenerators","bigInt","classPrivateMethods","classPrivateProperties","classProperties","doExpressions","dynamicImport","exportDefaultFrom","exportExtensions","exportNamespaceFrom","functionBind","functionSent","importMeta","nullishCoalescingOperator","numericSeparator","objectRestSpread","optionalCatchBinding","optionalChaining",["pipelineOperator",{"proposal":"minimal"}],"throwExpressions","objectRestSpread","objectRestSpread","asyncGenerators","classProperties","classPrivateProperties","jsx","nullishCoalescingOperator","nullishCoalescingOperator","optionalChaining","optionalCatchBinding","optionalCatchBinding","classProperties","classPrivateProperties","classPrivateMethods","classProperties","classPrivateProperties","asyncGenerators","asyncGenerators","objectRestSpread","objectRestSpread","logicalAssignment"],"allowImportExportEverywhere":true,"allowReturnOutsideFunction":true,"allowUndeclaredExports":true,"strictMode":false},"caller":{"name":"meteor","arch":"os.linux.x86_64"},"sourceFileName":"imports/api/metodos.js","filename":"/home/matheuswm/Downloads/teste/imports/api/metodos.js","targets":{},"cloneInputAst":true,"browserslistConfigFile":false,"passPerPreset":false,"envName":"development","cwd":"/home/matheuswm/Downloads/teste","root":"/home/matheuswm/Downloads/teste","rootMode":"root","plugins":[{"key":"base$0","visitor":{"_exploded":true,"_verified":true},"options":{}},{"key":"base$0$0","visitor":{"Program":{"enter":[null],"exit":[null]},"_exploded":true,"_verified":true},"options":{"avoidModernSyntax":false,"enforceStrictMode":false,"dynamicImport":true,"generateLetDeclarations":true}},{"key":"transform-runtime","visitor":{"MemberExpression":{"enter":[null]},"ObjectPattern":{"enter":[null]},"BinaryExpression":{"enter":[null]},"_exploded":{},"_verified":{},"Identifier":{"enter":[null]},"JSXIdentifier":{"enter":[null]}},"options":{"version":"7.15.3","helpers":true,"useESModules":false,"corejs":false}},{"key":"syntax-object-rest-spread","visitor":{"_exploded":true,"_verified":true},"options":{}},{"key":"proposal-object-rest-spread","visitor":{"_exploded":{},"_verified":{},"VariableDeclarator":{"enter":[null]},"ExportNamedDeclaration":{"enter":[null]},"CatchClause":{"enter":[null]},"AssignmentExpression":{"enter":[null]},"ArrayPattern":{"enter":[null]},"ObjectExpression":{"enter":[null]},"FunctionDeclaration":{"enter":[null]},"FunctionExpression":{"enter":[null]},"ObjectMethod":{"enter":[null]},"ArrowFunctionExpression":{"enter":[null]},"ClassMethod":{"enter":[null]},"ClassPrivateMethod":{"enter":[null]},"ForInStatement":{"enter":[null]},"ForOfStatement":{"enter":[null]}},"options":{}},{"key":"transform-meteor-async-await","visitor":{"AwaitExpression":{"enter":[null]},"_exploded":true,"_verified":true,"FunctionDeclaration":{"exit":[null]},"FunctionExpression":{"exit":[null]},"ObjectMethod":{"exit":[null]},"ArrowFunctionExpression":{"exit":[null]},"ClassMethod":{"exit":[null]},"ClassPrivateMethod":{"exit":[null]}},"options":{"useNativeAsyncAwait":false}},{"key":"proposal-async-generator-functions","visitor":{"_exploded":{},"_verified":{},"Program":{"enter":[null]}},"options":{}},{"key":"proposal-class-properties","visitor":{"PrivateName":{"enter":[null]},"ExportDefaultDeclaration":{"enter":[null]},"_exploded":true,"_verified":true,"ClassExpression":{"enter":[null]},"ClassDeclaration":{"enter":[null]}},"options":{"loose":true}},{"key":"transform-react-jsx","visitor":{"_exploded":{},"_verified":{},"JSXNamespacedName":{"enter":[null]},"JSXSpreadChild":{"enter":[null]},"Program":{"enter":[null]},"JSXElement":{"exit":[null]},"JSXFragment":{"exit":[null]},"JSXAttribute":{"enter":[null]}},"options":{"pragma":"React.createElement","pragmaFrag":"React.Fragment","runtime":"classic","throwIfNamespace":true,"useBuiltIns":false}},{"key":"transform-react-display-name","visitor":{"ExportDefaultDeclaration":{"enter":[null]},"CallExpression":{"enter":[null]},"_exploded":true,"_verified":true},"options":{}},{"key":"transform-react-pure-annotations","visitor":{"CallExpression":{"enter":[null]},"_exploded":true,"_verified":true},"options":{}},{"key":"syntax-nullish-coalescing-operator","visitor":{"_exploded":true,"_verified":true},"options":{}},{"key":"proposal-nullish-coalescing-operator","visitor":{"_exploded":{},"_verified":{},"LogicalExpression":{"enter":[null]}},"options":{}},{"key":"syntax-optional-chaining","visitor":{"_exploded":true,"_verified":true},"options":{}},{"key":"proposal-optional-chaining","visitor":{"_exploded":true,"OptionalCallExpression":{"enter":[null]},"OptionalMemberExpression":{"enter":[null]},"_verified":true},"options":{}},{"key":"syntax-optional-catch-binding","visitor":{"_exploded":true,"_verified":true},"options":{}},{"key":"proposal-optional-catch-binding","visitor":{"_exploded":{},"_verified":{},"CatchClause":{"enter":[null]}},"options":{}},{"key":"syntax-class-properties","visitor":{"_exploded":true,"_verified":true},"options":{}},{"key":"proposal-class-properties","visitor":{"PrivateName":{"enter":[null]},"ExportDefaultDeclaration":{"enter":[null]},"_exploded":true,"_verified":true,"ClassExpression":{"enter":[null]},"ClassDeclaration":{"enter":[null]}},"options":{}},{"key":"syntax-async-generators","visitor":{"_exploded":true,"_verified":true},"options":{}},{"key":"proposal-async-generator-functions","visitor":{"_exploded":{},"_verified":{},"Program":{"enter":[null]}},"options":{}},{"key":"syntax-object-rest-spread","visitor":{"_exploded":true,"_verified":true},"options":{}},{"key":"proposal-object-rest-spread","visitor":{"_exploded":{},"_verified":{},"VariableDeclarator":{"enter":[null]},"ExportNamedDeclaration":{"enter":[null]},"CatchClause":{"enter":[null]},"AssignmentExpression":{"enter":[null]},"ArrayPattern":{"enter":[null]},"ObjectExpression":{"enter":[null]},"FunctionDeclaration":{"enter":[null]},"FunctionExpression":{"enter":[null]},"ObjectMethod":{"enter":[null]},"ArrowFunctionExpression":{"enter":[null]},"ClassMethod":{"enter":[null]},"ClassPrivateMethod":{"enter":[null]},"ForInStatement":{"enter":[null]},"ForOfStatement":{"enter":[null]}},"options":{}},{"key":"proposal-logical-assignment-operators","visitor":{"_exploded":{},"_verified":{},"AssignmentExpression":{"enter":[null]}},"options":{}},{"key":"transform-literals","visitor":{"NumericLiteral":{"enter":[null]},"StringLiteral":{"enter":[null]},"_exploded":true,"_verified":true},"options":{}},{"key":"transform-template-literals","visitor":{"TaggedTemplateExpression":{"enter":[null]},"TemplateLiteral":{"enter":[null]},"_exploded":true,"_verified":true},"options":{}},{"key":"transform-parameters","visitor":{"_exploded":true,"_verified":true,"FunctionDeclaration":{"enter":[null]},"FunctionExpression":{"enter":[null]},"ObjectMethod":{"enter":[null]},"ArrowFunctionExpression":{"enter":[null]},"ClassMethod":{"enter":[null]},"ClassPrivateMethod":{"enter":[null]}},"options":{}},{"key":"transform-exponentiation-operator","visitor":{"AssignmentExpression":{"enter":[null]},"BinaryExpression":{"enter":[null]},"_exploded":true,"_verified":true},"options":{}}],"presets":[],"generatorOpts":{"filename":"/home/matheuswm/Downloads/teste/imports/api/metodos.js","comments":true,"compact":false,"sourceMaps":true,"sourceFileName":"imports/api/metodos.js"}},"code":"let check;\nmodule.link(\"meteor/check\", {\n  check(v) {\n    check = v;\n  }\n\n}, 0);\nlet Tarefa;\nmodule.link(\"./connection\", {\n  Tarefa(v) {\n    Tarefa = v;\n  }\n\n}, 1);\nlet Accounts;\nmodule.link(\"meteor/accounts-base\", {\n  Accounts(v) {\n    Accounts = v;\n  }\n\n}, 2);\nMeteor.methods({\n  'user.adiciona'(user, senha) {\n    check(user, String);\n    check(senha, String);\n\n    if (!Accounts.findUserByUsername(senha)) {\n      Accounts.createUser({\n        username: user,\n        password: senha\n      });\n    }\n  },\n\n  'tarefa.adiciona'(text) {\n    check(text, String);\n    const data = new Date();\n\n    if (!this.userId) {\n      throw new Meteor.Error('Not authorized.');\n    }\n\n    Tarefa.insert({\n      name: text,\n      criado: data.getDate() + '/' + parseInt(data.getMonth() + 1) + \"/\" + data.getFullYear(),\n      sabor: new Date(),\n      completo: false,\n      deleta: false,\n      prioridade: 0,\n      userId: this.userId\n    });\n  },\n\n  'tarefa.deleta'(tarefaId) {\n    check(tarefaId, String);\n\n    if (!this.userId) {\n      throw new Meteor.Error('Not authorized.');\n    }\n\n    const task = Tarefa.findOne({\n      _id: tarefaId,\n      userId: this.userId\n    });\n\n    if (!task) {\n      throw new Meteor.Error('Access denied.');\n    }\n\n    Tarefa.remove(tarefaId);\n  },\n\n  'tarefa.deleta2'(ids) {\n    check(ids, Array);\n    const query = {\n      _id: {\n        $in: ids\n      }\n    };\n\n    if (!this.userId) {\n      throw new Meteor.Error('Not authorized.');\n    }\n\n    const task = Tarefa.find(query, {\n      userId: this.userId\n    });\n\n    if (!task) {\n      throw new Meteor.Error('Access denied.');\n    }\n\n    Tarefa.remove(query);\n  },\n\n  'tarefa.checado'(tarefaId, completo) {\n    check(tarefaId, String);\n    check(completo, Boolean);\n\n    if (!this.userId) {\n      throw new Meteor.Error('Not authorized.');\n    }\n\n    Tarefa.update(tarefaId, {\n      $set: {\n        completo\n      }\n    });\n  },\n\n  'tarefa.checado3'(tarefaId, prioridade) {\n    check(tarefaId, String);\n    check(prioridade, String);\n\n    if (!this.userId) {\n      throw new Meteor.Error('Not authorized.');\n    }\n\n    Tarefa.update(tarefaId, {\n      $set: {\n        prioridade\n      }\n    });\n  },\n\n  'tarefa.checado2'(tarefaId, deleta) {\n    check(tarefaId, String);\n    check(deleta, Boolean);\n\n    if (!this.userId) {\n      throw new Meteor.Error('Not authorized.');\n    }\n\n    Tarefa.update(tarefaId, {\n      $set: {\n        deleta\n      }\n    });\n  }\n\n});","map":{"version":3,"sources":["imports/api/metodos.js"],"names":["check","module","link","v","Tarefa","Accounts","Meteor","methods","user","senha","String","findUserByUsername","createUser","username","password","text","data","Date","userId","Error","insert","name","criado","getDate","parseInt","getMonth","getFullYear","sabor","completo","deleta","prioridade","tarefaId","task","findOne","_id","remove","ids","Array","query","$in","find","Boolean","update","$set"],"mappings":"AAAA,IAAIA,KAAJ;AAAUC,MAAM,CAACC,IAAP,CAAY,cAAZ,EAA2B;AAACF,EAAAA,KAAK,CAACG,CAAD,EAAG;AAACH,IAAAA,KAAK,GAACG,CAAN;AAAQ;;AAAlB,CAA3B,EAA+C,CAA/C;AAAkD,IAAIC,MAAJ;AAAWH,MAAM,CAACC,IAAP,CAAY,cAAZ,EAA2B;AAACE,EAAAA,MAAM,CAACD,CAAD,EAAG;AAACC,IAAAA,MAAM,GAACD,CAAP;AAAS;;AAApB,CAA3B,EAAiD,CAAjD;AAAoD,IAAIE,QAAJ;AAAaJ,MAAM,CAACC,IAAP,CAAY,sBAAZ,EAAmC;AAACG,EAAAA,QAAQ,CAACF,CAAD,EAAG;AAACE,IAAAA,QAAQ,GAACF,CAAT;AAAW;;AAAxB,CAAnC,EAA6D,CAA7D;AAGxIG,MAAM,CAACC,OAAP,CAAe;AACX,kBAAgBC,IAAhB,EAAqBC,KAArB,EAA2B;AAEzBT,IAAAA,KAAK,CAACQ,IAAD,EAAOE,MAAP,CAAL;AACAV,IAAAA,KAAK,CAACS,KAAD,EAAQC,MAAR,CAAL;;AAEA,QAAI,CAACL,QAAQ,CAACM,kBAAT,CAA4BF,KAA5B,CAAL,EAAyC;AAEvCJ,MAAAA,QAAQ,CAACO,UAAT,CAAoB;AAClBC,QAAAA,QAAQ,EAAEL,IADQ;AAElBM,QAAAA,QAAQ,EAAEL;AAFQ,OAApB;AAID;AAGF,GAfU;;AAgBX,oBAAkBM,IAAlB,EAAwB;AACtBf,IAAAA,KAAK,CAACe,IAAD,EAAOL,MAAP,CAAL;AAEA,UAAMM,IAAI,GAAG,IAAIC,IAAJ,EAAb;;AACA,QAAI,CAAC,KAAKC,MAAV,EAAkB;AAChB,YAAM,IAAIZ,MAAM,CAACa,KAAX,CAAiB,iBAAjB,CAAN;AACD;;AAEDf,IAAAA,MAAM,CAACgB,MAAP,CAAc;AACZC,MAAAA,IAAI,EAAIN,IADI;AAEZO,MAAAA,MAAM,EAAGN,IAAI,CAACO,OAAL,KAAiB,GAAjB,GAAuBC,QAAQ,CAACR,IAAI,CAACS,QAAL,KAAgB,CAAjB,CAA/B,GAAqD,GAArD,GAA0DT,IAAI,CAACU,WAAL,EAFvD;AAGZC,MAAAA,KAAK,EAAE,IAAIV,IAAJ,EAHK;AAIZW,MAAAA,QAAQ,EAAE,KAJE;AAKZC,MAAAA,MAAM,EAAE,KALI;AAMZC,MAAAA,UAAU,EAAE,CANA;AAOZZ,MAAAA,MAAM,EAAE,KAAKA;AAPD,KAAd;AASD,GAjCU;;AAmCX,kBAAgBa,QAAhB,EAA0B;AACxB/B,IAAAA,KAAK,CAAC+B,QAAD,EAAWrB,MAAX,CAAL;;AAEA,QAAI,CAAC,KAAKQ,MAAV,EAAkB;AAChB,YAAM,IAAIZ,MAAM,CAACa,KAAX,CAAiB,iBAAjB,CAAN;AACD;;AACD,UAAMa,IAAI,GAAG5B,MAAM,CAAC6B,OAAP,CAAe;AAAEC,MAAAA,GAAG,EAAEH,QAAP;AAAiBb,MAAAA,MAAM,EAAE,KAAKA;AAA9B,KAAf,CAAb;;AACA,QAAI,CAACc,IAAL,EAAW;AACT,YAAM,IAAI1B,MAAM,CAACa,KAAX,CAAiB,gBAAjB,CAAN;AACD;;AACDf,IAAAA,MAAM,CAAC+B,MAAP,CAAcJ,QAAd;AACD,GA9CU;;AA+CX,mBAAiBK,GAAjB,EAAsB;AACpBpC,IAAAA,KAAK,CAACoC,GAAD,EAAMC,KAAN,CAAL;AACA,UAAMC,KAAK,GAAG;AAAEJ,MAAAA,GAAG,EAAE;AAAEK,QAAAA,GAAG,EAAEH;AAAP;AAAP,KAAd;;AACA,QAAI,CAAC,KAAKlB,MAAV,EAAkB;AAChB,YAAM,IAAIZ,MAAM,CAACa,KAAX,CAAiB,iBAAjB,CAAN;AACD;;AACD,UAAMa,IAAI,GAAG5B,MAAM,CAACoC,IAAP,CAAYF,KAAZ,EAAmB;AAACpB,MAAAA,MAAM,EAAE,KAAKA;AAAd,KAAnB,CAAb;;AACA,QAAI,CAACc,IAAL,EAAW;AACT,YAAM,IAAI1B,MAAM,CAACa,KAAX,CAAiB,gBAAjB,CAAN;AACD;;AAGDf,IAAAA,MAAM,CAAC+B,MAAP,CAAcG,KAAd;AACD,GA5DU;;AA8DX,mBAAiBP,QAAjB,EAA2BH,QAA3B,EAAqC;AACnC5B,IAAAA,KAAK,CAAC+B,QAAD,EAAWrB,MAAX,CAAL;AACAV,IAAAA,KAAK,CAAC4B,QAAD,EAAWa,OAAX,CAAL;;AAEA,QAAI,CAAC,KAAKvB,MAAV,EAAkB;AAChB,YAAM,IAAIZ,MAAM,CAACa,KAAX,CAAiB,iBAAjB,CAAN;AACD;;AAEDf,IAAAA,MAAM,CAACsC,MAAP,CAAcX,QAAd,EAAwB;AACtBY,MAAAA,IAAI,EAAE;AACHf,QAAAA;AADG;AADgB,KAAxB;AAKD,GA3EU;;AA4EX,oBAAkBG,QAAlB,EAA4BD,UAA5B,EAAwC;AACtC9B,IAAAA,KAAK,CAAC+B,QAAD,EAAWrB,MAAX,CAAL;AACAV,IAAAA,KAAK,CAAC8B,UAAD,EAAapB,MAAb,CAAL;;AAEA,QAAI,CAAC,KAAKQ,MAAV,EAAkB;AAChB,YAAM,IAAIZ,MAAM,CAACa,KAAX,CAAiB,iBAAjB,CAAN;AACD;;AAEDf,IAAAA,MAAM,CAACsC,MAAP,CAAcX,QAAd,EAAwB;AACtBY,MAAAA,IAAI,EAAE;AACJb,QAAAA;AADI;AADgB,KAAxB;AAKD,GAzFU;;AA0FX,oBAAkBC,QAAlB,EAA4BF,MAA5B,EAAoC;AAClC7B,IAAAA,KAAK,CAAC+B,QAAD,EAAWrB,MAAX,CAAL;AACAV,IAAAA,KAAK,CAAC6B,MAAD,EAASY,OAAT,CAAL;;AAEA,QAAI,CAAC,KAAKvB,MAAV,EAAkB;AAChB,YAAM,IAAIZ,MAAM,CAACa,KAAX,CAAiB,iBAAjB,CAAN;AACD;;AAEDf,IAAAA,MAAM,CAACsC,MAAP,CAAcX,QAAd,EAAwB;AACtBY,MAAAA,IAAI,EAAE;AACJd,QAAAA;AADI;AADgB,KAAxB;AAKD;;AAvGU,CAAf","sourcesContent":["import { check } from 'meteor/check';\nimport { Tarefa } from './connection';\nimport {Accounts} from 'meteor/accounts-base';\nMeteor.methods({\n    'user.adiciona'(user,senha){\n      \n      check(user, String);\n      check(senha, String)\n   \n      if (!Accounts.findUserByUsername(senha)) {\n        \n        Accounts.createUser({\n          username: user,\n          password: senha\n        });\n      }\n      \n    \n    },\n    'tarefa.adiciona'(text) {\n      check(text, String);\n      \n      const data = new Date()\n      if (!this.userId) {\n        throw new Meteor.Error('Not authorized.');\n      }\n   \n      Tarefa.insert({\n        name:   text,\n        criado: (data.getDate() + '/' + parseInt(data.getMonth()+1) + \"/\" +data.getFullYear()),\n        sabor: new Date(),\n        completo: false,\n        deleta: false,\n        prioridade: 0,\n        userId: this.userId,\n      })\n    },\n   \n    'tarefa.deleta'(tarefaId) {\n      check(tarefaId, String);\n   \n      if (!this.userId) {\n        throw new Meteor.Error('Not authorized.');\n      }\n      const task = Tarefa.findOne({ _id: tarefaId, userId: this.userId });\n      if (!task) {\n        throw new Meteor.Error('Access denied.');\n      }\n      Tarefa.remove(tarefaId);\n    },\n    'tarefa.deleta2'(ids) {\n      check(ids, Array);\n      const query = { _id: { $in: ids} }\n      if (!this.userId) {\n        throw new Meteor.Error('Not authorized.');\n      }\n      const task = Tarefa.find(query, {userId: this.userId });\n      if (!task) {\n        throw new Meteor.Error('Access denied.');\n      }\n     \n      \n      Tarefa.remove(query);\n    },\n   \n    'tarefa.checado'(tarefaId, completo) {\n      check(tarefaId, String);\n      check(completo, Boolean);\n   \n      if (!this.userId) {\n        throw new Meteor.Error('Not authorized.');\n      }\n   \n      Tarefa.update(tarefaId, {\n        $set: {\n           completo\n        }\n      });\n    },\n    'tarefa.checado3'(tarefaId, prioridade) {\n      check(tarefaId, String);\n      check(prioridade, String);\n   \n      if (!this.userId) {\n        throw new Meteor.Error('Not authorized.');\n      }\n   \n      Tarefa.update(tarefaId, {\n        $set: {\n          prioridade\n        }\n      });\n    },\n    'tarefa.checado2'(tarefaId, deleta) {\n      check(tarefaId, String);\n      check(deleta, Boolean);\n   \n      if (!this.userId) {\n        throw new Meteor.Error('Not authorized.');\n      }\n   \n      Tarefa.update(tarefaId, {\n        $set: {\n          deleta\n        }\n      });\n    }\n  });"]},"sourceType":"module","hash":"001dacc264819f728ab9bfb008ff401b3ff9e17b"}
