{"metadata":{},"options":{"assumptions":{},"compact":false,"sourceMaps":true,"ast":true,"babelrc":false,"configFile":false,"parserOpts":{"sourceType":"module","sourceFileName":"/home/matheuswm/Downloads/teste/packages/mongo-id/id.js","plugins":["*","flow","jsx","asyncGenerators","bigInt","classPrivateMethods","classPrivateProperties","classProperties","doExpressions","dynamicImport","exportDefaultFrom","exportExtensions","exportNamespaceFrom","functionBind","functionSent","importMeta","nullishCoalescingOperator","numericSeparator","objectRestSpread","optionalCatchBinding","optionalChaining",["pipelineOperator",{"proposal":"minimal"}],"throwExpressions","classProperties","classPrivateProperties","jsx","nullishCoalescingOperator","nullishCoalescingOperator","optionalChaining","optionalCatchBinding","optionalCatchBinding","classProperties","classPrivateProperties","classPrivateMethods","classProperties","classPrivateProperties","asyncGenerators","asyncGenerators","objectRestSpread","objectRestSpread","logicalAssignment"],"allowImportExportEverywhere":true,"allowReturnOutsideFunction":true,"allowUndeclaredExports":true,"strictMode":false},"caller":{"name":"meteor","arch":"web.browser"},"sourceFileName":"packages/mongo-id/id.js","filename":"/home/matheuswm/Downloads/teste/packages/mongo-id/id.js","targets":{},"cloneInputAst":true,"browserslistConfigFile":false,"passPerPreset":false,"envName":"development","cwd":"/home/matheuswm/Downloads/teste","root":"/home/matheuswm/Downloads/teste","rootMode":"root","plugins":[{"key":"base$0","visitor":{"_exploded":true,"_verified":true},"options":{}},{"key":"base$0$0","visitor":{"Program":{"enter":[null],"exit":[null]},"_exploded":true,"_verified":true},"options":{"avoidModernSyntax":false,"enforceStrictMode":false,"dynamicImport":true,"generateLetDeclarations":true}},{"key":"transform-runtime","visitor":{"MemberExpression":{"enter":[null]},"ObjectPattern":{"enter":[null]},"BinaryExpression":{"enter":[null]},"_exploded":{},"_verified":{},"Identifier":{"enter":[null]},"JSXIdentifier":{"enter":[null]}},"options":{"version":"7.15.3","helpers":true,"useESModules":false,"corejs":false}},{"key":"proposal-class-properties","visitor":{"PrivateName":{"enter":[null]},"ExportDefaultDeclaration":{"enter":[null]},"_exploded":true,"_verified":true,"ClassExpression":{"enter":[null]},"ClassDeclaration":{"enter":[null]}},"options":{"loose":true}},{"key":"transform-react-jsx","visitor":{"_exploded":{},"_verified":{},"JSXNamespacedName":{"enter":[null]},"JSXSpreadChild":{"enter":[null]},"Program":{"enter":[null]},"JSXElement":{"exit":[null]},"JSXFragment":{"exit":[null]},"JSXAttribute":{"enter":[null]}},"options":{"pragma":"React.createElement","pragmaFrag":"React.Fragment","runtime":"classic","throwIfNamespace":true,"useBuiltIns":false}},{"key":"transform-react-display-name","visitor":{"ExportDefaultDeclaration":{"enter":[null]},"CallExpression":{"enter":[null]},"_exploded":true,"_verified":true},"options":{}},{"key":"transform-react-pure-annotations","visitor":{"CallExpression":{"enter":[null]},"_exploded":true,"_verified":true},"options":{}},{"key":"syntax-nullish-coalescing-operator","visitor":{"_exploded":true,"_verified":true},"options":{}},{"key":"proposal-nullish-coalescing-operator","visitor":{"_exploded":{},"_verified":{},"LogicalExpression":{"enter":[null]}},"options":{}},{"key":"syntax-optional-chaining","visitor":{"_exploded":true,"_verified":true},"options":{}},{"key":"proposal-optional-chaining","visitor":{"_exploded":true,"OptionalCallExpression":{"enter":[null]},"OptionalMemberExpression":{"enter":[null]},"_verified":true},"options":{}},{"key":"syntax-optional-catch-binding","visitor":{"_exploded":true,"_verified":true},"options":{}},{"key":"proposal-optional-catch-binding","visitor":{"_exploded":{},"_verified":{},"CatchClause":{"enter":[null]}},"options":{}},{"key":"syntax-class-properties","visitor":{"_exploded":true,"_verified":true},"options":{}},{"key":"proposal-class-properties","visitor":{"PrivateName":{"enter":[null]},"ExportDefaultDeclaration":{"enter":[null]},"_exploded":true,"_verified":true,"ClassExpression":{"enter":[null]},"ClassDeclaration":{"enter":[null]}},"options":{}},{"key":"syntax-async-generators","visitor":{"_exploded":true,"_verified":true},"options":{}},{"key":"proposal-async-generator-functions","visitor":{"_exploded":{},"_verified":{},"Program":{"enter":[null]}},"options":{}},{"key":"syntax-object-rest-spread","visitor":{"_exploded":true,"_verified":true},"options":{}},{"key":"proposal-object-rest-spread","visitor":{"_exploded":{},"_verified":{},"VariableDeclarator":{"enter":[null]},"ExportNamedDeclaration":{"enter":[null]},"CatchClause":{"enter":[null]},"AssignmentExpression":{"enter":[null]},"ArrayPattern":{"enter":[null]},"ObjectExpression":{"enter":[null]},"FunctionDeclaration":{"enter":[null]},"FunctionExpression":{"enter":[null]},"ObjectMethod":{"enter":[null]},"ArrowFunctionExpression":{"enter":[null]},"ClassMethod":{"enter":[null]},"ClassPrivateMethod":{"enter":[null]},"ForInStatement":{"enter":[null]},"ForOfStatement":{"enter":[null]}},"options":{}},{"key":"proposal-logical-assignment-operators","visitor":{"_exploded":{},"_verified":{},"AssignmentExpression":{"enter":[null]}},"options":{}},{"key":"transform-literals","visitor":{"NumericLiteral":{"enter":[null]},"StringLiteral":{"enter":[null]},"_exploded":true,"_verified":true},"options":{}},{"key":"transform-template-literals","visitor":{"TaggedTemplateExpression":{"enter":[null]},"TemplateLiteral":{"enter":[null]},"_exploded":true,"_verified":true},"options":{}},{"key":"transform-parameters","visitor":{"_exploded":true,"_verified":true,"FunctionDeclaration":{"enter":[null]},"FunctionExpression":{"enter":[null]},"ObjectMethod":{"enter":[null]},"ArrowFunctionExpression":{"enter":[null]},"ClassMethod":{"enter":[null]},"ClassPrivateMethod":{"enter":[null]}},"options":{}},{"key":"transform-exponentiation-operator","visitor":{"AssignmentExpression":{"enter":[null]},"BinaryExpression":{"enter":[null]},"_exploded":true,"_verified":true},"options":{}}],"presets":[],"generatorOpts":{"filename":"/home/matheuswm/Downloads/teste/packages/mongo-id/id.js","comments":true,"compact":false,"sourceMaps":true,"sourceFileName":"packages/mongo-id/id.js"}},"code":"module.export({\n  MongoID: () => MongoID\n});\nlet EJSON;\nmodule.link(\"meteor/ejson\", {\n  EJSON(v) {\n    EJSON = v;\n  }\n\n}, 0);\nlet Random;\nmodule.link(\"meteor/random\", {\n  Random(v) {\n    Random = v;\n  }\n\n}, 1);\nconst MongoID = {};\n\nMongoID._looksLikeObjectID = str => str.length === 24 && str.match(/^[0-9a-f]*$/);\n\nMongoID.ObjectID = class ObjectID {\n  constructor(hexString) {\n    //random-based impl of Mongo ObjectID\n    if (hexString) {\n      hexString = hexString.toLowerCase();\n\n      if (!MongoID._looksLikeObjectID(hexString)) {\n        throw new Error('Invalid hexadecimal string for creating an ObjectID');\n      } // meant to work with _.isEqual(), which relies on structural equality\n\n\n      this._str = hexString;\n    } else {\n      this._str = Random.hexString(24);\n    }\n  }\n\n  equals(other) {\n    return other instanceof MongoID.ObjectID && this.valueOf() === other.valueOf();\n  }\n\n  toString() {\n    return \"ObjectID(\\\"\".concat(this._str, \"\\\")\");\n  }\n\n  clone() {\n    return new MongoID.ObjectID(this._str);\n  }\n\n  typeName() {\n    return 'oid';\n  }\n\n  getTimestamp() {\n    return Number.parseInt(this._str.substr(0, 8), 16);\n  }\n\n  valueOf() {\n    return this._str;\n  }\n\n  toJSONValue() {\n    return this.valueOf();\n  }\n\n  toHexString() {\n    return this.valueOf();\n  }\n\n};\nEJSON.addType('oid', str => new MongoID.ObjectID(str));\n\nMongoID.idStringify = id => {\n  if (id instanceof MongoID.ObjectID) {\n    return id.valueOf();\n  } else if (typeof id === 'string') {\n    var firstChar = id.charAt(0);\n\n    if (id === '') {\n      return id;\n    } else if (firstChar === '-' || // escape previously dashed strings\n    firstChar === '~' || // escape escaped numbers, true, false\n    MongoID._looksLikeObjectID(id) || // escape object-id-form strings\n    firstChar === '{') {\n      // escape object-form strings, for maybe implementing later\n      return \"-\".concat(id);\n    } else {\n      return id; // other strings go through unchanged.\n    }\n  } else if (id === undefined) {\n    return '-';\n  } else if (typeof id === 'object' && id !== null) {\n    throw new Error('Meteor does not currently support objects other than ObjectID as ids');\n  } else {\n    // Numbers, true, false, null\n    return \"~\".concat(JSON.stringify(id));\n  }\n};\n\nMongoID.idParse = id => {\n  var firstChar = id.charAt(0);\n\n  if (id === '') {\n    return id;\n  } else if (id === '-') {\n    return undefined;\n  } else if (firstChar === '-') {\n    return id.substr(1);\n  } else if (firstChar === '~') {\n    return JSON.parse(id.substr(1));\n  } else if (MongoID._looksLikeObjectID(id)) {\n    return new MongoID.ObjectID(id);\n  } else {\n    return id;\n  }\n};","map":{"version":3,"sources":["packages/mongo-id/id.js"],"names":["module","export","MongoID","EJSON","link","v","Random","_looksLikeObjectID","str","length","match","ObjectID","constructor","hexString","toLowerCase","Error","_str","equals","other","valueOf","toString","clone","typeName","getTimestamp","Number","parseInt","substr","toJSONValue","toHexString","addType","idStringify","id","firstChar","charAt","undefined","JSON","stringify","idParse","parse"],"mappings":"AAAAA,MAAM,CAACC,MAAP,CAAc;AAACC,EAAAA,OAAO,EAAC,MAAIA;AAAb,CAAd;AAAqC,IAAIC,KAAJ;AAAUH,MAAM,CAACI,IAAP,CAAY,cAAZ,EAA2B;AAACD,EAAAA,KAAK,CAACE,CAAD,EAAG;AAACF,IAAAA,KAAK,GAACE,CAAN;AAAQ;;AAAlB,CAA3B,EAA+C,CAA/C;AAAkD,IAAIC,MAAJ;AAAWN,MAAM,CAACI,IAAP,CAAY,eAAZ,EAA4B;AAACE,EAAAA,MAAM,CAACD,CAAD,EAAG;AAACC,IAAAA,MAAM,GAACD,CAAP;AAAS;;AAApB,CAA5B,EAAkD,CAAlD;AAG5G,MAAMH,OAAO,GAAG,EAAhB;;AAEAA,OAAO,CAACK,kBAAR,GAA6BC,GAAG,IAAIA,GAAG,CAACC,MAAJ,KAAe,EAAf,IAAqBD,GAAG,CAACE,KAAJ,CAAU,aAAV,CAAzD;;AAEAR,OAAO,CAACS,QAAR,GAAmB,MAAMA,QAAN,CAAe;AAChCC,EAAAA,WAAW,CAAEC,SAAF,EAAa;AACtB;AACA,QAAIA,SAAJ,EAAe;AACbA,MAAAA,SAAS,GAAGA,SAAS,CAACC,WAAV,EAAZ;;AACA,UAAI,CAACZ,OAAO,CAACK,kBAAR,CAA2BM,SAA3B,CAAL,EAA4C;AAC1C,cAAM,IAAIE,KAAJ,CAAU,qDAAV,CAAN;AACD,OAJY,CAKb;;;AACA,WAAKC,IAAL,GAAYH,SAAZ;AACD,KAPD,MAOO;AACL,WAAKG,IAAL,GAAYV,MAAM,CAACO,SAAP,CAAiB,EAAjB,CAAZ;AACD;AACF;;AAEDI,EAAAA,MAAM,CAACC,KAAD,EAAQ;AACZ,WAAOA,KAAK,YAAYhB,OAAO,CAACS,QAAzB,IACP,KAAKQ,OAAL,OAAmBD,KAAK,CAACC,OAAN,EADnB;AAED;;AAEDC,EAAAA,QAAQ,GAAG;AACT,gCAAoB,KAAKJ,IAAzB;AACD;;AAEDK,EAAAA,KAAK,GAAG;AACN,WAAO,IAAInB,OAAO,CAACS,QAAZ,CAAqB,KAAKK,IAA1B,CAAP;AACD;;AAEDM,EAAAA,QAAQ,GAAG;AACT,WAAO,KAAP;AACD;;AAEDC,EAAAA,YAAY,GAAG;AACb,WAAOC,MAAM,CAACC,QAAP,CAAgB,KAAKT,IAAL,CAAUU,MAAV,CAAiB,CAAjB,EAAoB,CAApB,CAAhB,EAAwC,EAAxC,CAAP;AACD;;AAEDP,EAAAA,OAAO,GAAG;AACR,WAAO,KAAKH,IAAZ;AACD;;AAEDW,EAAAA,WAAW,GAAG;AACZ,WAAO,KAAKR,OAAL,EAAP;AACD;;AAEDS,EAAAA,WAAW,GAAG;AACZ,WAAO,KAAKT,OAAL,EAAP;AACD;;AA9C+B,CAAlC;AAkDAhB,KAAK,CAAC0B,OAAN,CAAc,KAAd,EAAqBrB,GAAG,IAAI,IAAIN,OAAO,CAACS,QAAZ,CAAqBH,GAArB,CAA5B;;AAEAN,OAAO,CAAC4B,WAAR,GAAuBC,EAAD,IAAQ;AAC5B,MAAIA,EAAE,YAAY7B,OAAO,CAACS,QAA1B,EAAoC;AAClC,WAAOoB,EAAE,CAACZ,OAAH,EAAP;AACD,GAFD,MAEO,IAAI,OAAOY,EAAP,KAAc,QAAlB,EAA4B;AACjC,QAAIC,SAAS,GAAGD,EAAE,CAACE,MAAH,CAAU,CAAV,CAAhB;;AACA,QAAIF,EAAE,KAAK,EAAX,EAAe;AACb,aAAOA,EAAP;AACD,KAFD,MAEO,IAAIC,SAAS,KAAK,GAAd,IAAqB;AACrBA,IAAAA,SAAS,KAAK,GADd,IACqB;AACrB9B,IAAAA,OAAO,CAACK,kBAAR,CAA2BwB,EAA3B,CAFA,IAEkC;AAClCC,IAAAA,SAAS,KAAK,GAHlB,EAGuB;AAAE;AAC9B,wBAAWD,EAAX;AACD,KALM,MAKA;AACL,aAAOA,EAAP,CADK,CACM;AACZ;AACF,GAZM,MAYA,IAAIA,EAAE,KAAKG,SAAX,EAAsB;AAC3B,WAAO,GAAP;AACD,GAFM,MAEA,IAAI,OAAOH,EAAP,KAAc,QAAd,IAA0BA,EAAE,KAAK,IAArC,EAA2C;AAChD,UAAM,IAAIhB,KAAJ,CAAU,sEAAV,CAAN;AACD,GAFM,MAEA;AAAE;AACP,sBAAWoB,IAAI,CAACC,SAAL,CAAeL,EAAf,CAAX;AACD;AACF,CAtBD;;AAwBA7B,OAAO,CAACmC,OAAR,GAAmBN,EAAD,IAAQ;AACxB,MAAIC,SAAS,GAAGD,EAAE,CAACE,MAAH,CAAU,CAAV,CAAhB;;AACA,MAAIF,EAAE,KAAK,EAAX,EAAe;AACb,WAAOA,EAAP;AACD,GAFD,MAEO,IAAIA,EAAE,KAAK,GAAX,EAAgB;AACrB,WAAOG,SAAP;AACD,GAFM,MAEA,IAAIF,SAAS,KAAK,GAAlB,EAAuB;AAC5B,WAAOD,EAAE,CAACL,MAAH,CAAU,CAAV,CAAP;AACD,GAFM,MAEA,IAAIM,SAAS,KAAK,GAAlB,EAAuB;AAC5B,WAAOG,IAAI,CAACG,KAAL,CAAWP,EAAE,CAACL,MAAH,CAAU,CAAV,CAAX,CAAP;AACD,GAFM,MAEA,IAAIxB,OAAO,CAACK,kBAAR,CAA2BwB,EAA3B,CAAJ,EAAoC;AACzC,WAAO,IAAI7B,OAAO,CAACS,QAAZ,CAAqBoB,EAArB,CAAP;AACD,GAFM,MAEA;AACL,WAAOA,EAAP;AACD;AACF,CAfD","sourcesContent":["import { EJSON } from 'meteor/ejson';\nimport { Random } from 'meteor/random';\n\nconst MongoID = {};\n\nMongoID._looksLikeObjectID = str => str.length === 24 && str.match(/^[0-9a-f]*$/);\n\nMongoID.ObjectID = class ObjectID {\n  constructor (hexString) {\n    //random-based impl of Mongo ObjectID\n    if (hexString) {\n      hexString = hexString.toLowerCase();\n      if (!MongoID._looksLikeObjectID(hexString)) {\n        throw new Error('Invalid hexadecimal string for creating an ObjectID');\n      }\n      // meant to work with _.isEqual(), which relies on structural equality\n      this._str = hexString;\n    } else {\n      this._str = Random.hexString(24);\n    }\n  }\n\n  equals(other) {\n    return other instanceof MongoID.ObjectID &&\n    this.valueOf() === other.valueOf();\n  }\n\n  toString() {\n    return `ObjectID(\"${this._str}\")`;\n  }\n\n  clone() {\n    return new MongoID.ObjectID(this._str);\n  }\n\n  typeName() {\n    return 'oid';\n  }\n\n  getTimestamp() {\n    return Number.parseInt(this._str.substr(0, 8), 16);\n  }\n\n  valueOf() {\n    return this._str;\n  }\n\n  toJSONValue() {\n    return this.valueOf();\n  }\n\n  toHexString() {\n    return this.valueOf();\n  }\n\n}\n\nEJSON.addType('oid', str => new MongoID.ObjectID(str));\n\nMongoID.idStringify = (id) => {\n  if (id instanceof MongoID.ObjectID) {\n    return id.valueOf();\n  } else if (typeof id === 'string') {\n    var firstChar = id.charAt(0);\n    if (id === '') {\n      return id;\n    } else if (firstChar === '-' || // escape previously dashed strings\n               firstChar === '~' || // escape escaped numbers, true, false\n               MongoID._looksLikeObjectID(id) || // escape object-id-form strings\n               firstChar === '{') { // escape object-form strings, for maybe implementing later\n      return `-${id}`;\n    } else {\n      return id; // other strings go through unchanged.\n    }\n  } else if (id === undefined) {\n    return '-';\n  } else if (typeof id === 'object' && id !== null) {\n    throw new Error('Meteor does not currently support objects other than ObjectID as ids');\n  } else { // Numbers, true, false, null\n    return `~${JSON.stringify(id)}`;\n  }\n};\n\nMongoID.idParse = (id) => {\n  var firstChar = id.charAt(0);\n  if (id === '') {\n    return id;\n  } else if (id === '-') {\n    return undefined;\n  } else if (firstChar === '-') {\n    return id.substr(1);\n  } else if (firstChar === '~') {\n    return JSON.parse(id.substr(1));\n  } else if (MongoID._looksLikeObjectID(id)) {\n    return new MongoID.ObjectID(id);\n  } else {\n    return id;\n  }\n};\n\nexport { MongoID };\n"]},"sourceType":"module","hash":"0e37d3ddcb25c0ec168f83b07f1dcb52d86ffe29"}
