{"metadata":{},"options":{"assumptions":{},"compact":false,"sourceMaps":true,"ast":true,"babelrc":false,"configFile":false,"parserOpts":{"sourceType":"module","sourceFileName":"/home/matheuswm/Downloads/teste/imports/ui/styles/styleLogin.js","plugins":["*","flow","jsx","asyncGenerators","bigInt","classPrivateMethods","classPrivateProperties","classProperties","doExpressions","dynamicImport","exportDefaultFrom","exportExtensions","exportNamespaceFrom","functionBind","functionSent","importMeta","nullishCoalescingOperator","numericSeparator","objectRestSpread","optionalCatchBinding","optionalChaining",["pipelineOperator",{"proposal":"minimal"}],"throwExpressions","classProperties","classPrivateProperties","jsx","nullishCoalescingOperator","nullishCoalescingOperator","optionalChaining","optionalCatchBinding","optionalCatchBinding","classProperties","classPrivateProperties","classPrivateMethods","classProperties","classPrivateProperties","asyncGenerators","asyncGenerators","objectRestSpread","objectRestSpread","logicalAssignment"],"allowImportExportEverywhere":true,"allowReturnOutsideFunction":true,"allowUndeclaredExports":true,"strictMode":false},"caller":{"name":"meteor","arch":"web.cordova"},"sourceFileName":"imports/ui/styles/styleLogin.js","filename":"/home/matheuswm/Downloads/teste/imports/ui/styles/styleLogin.js","targets":{},"cloneInputAst":true,"browserslistConfigFile":false,"passPerPreset":false,"envName":"development","cwd":"/home/matheuswm/Downloads/teste","root":"/home/matheuswm/Downloads/teste","rootMode":"root","plugins":[{"key":"base$0","visitor":{"_exploded":true,"_verified":true},"options":{}},{"key":"base$0$0","visitor":{"Program":{"enter":[null],"exit":[null]},"_exploded":true,"_verified":true},"options":{"avoidModernSyntax":true,"enforceStrictMode":false,"dynamicImport":true}},{"key":"transform-runtime","visitor":{"MemberExpression":{"enter":[null]},"ObjectPattern":{"enter":[null]},"BinaryExpression":{"enter":[null]},"_exploded":{},"_verified":{},"Identifier":{"enter":[null]},"JSXIdentifier":{"enter":[null]}},"options":{"version":"7.15.3","helpers":true,"useESModules":false,"corejs":false}},{"key":"proposal-class-properties","visitor":{"PrivateName":{"enter":[null]},"ExportDefaultDeclaration":{"enter":[null]},"_exploded":true,"_verified":true,"ClassExpression":{"enter":[null]},"ClassDeclaration":{"enter":[null]}},"options":{"loose":true}},{"key":"base$0$3","visitor":{"FunctionExpression":{"exit":[null]},"_exploded":true,"_verified":true},"options":{}},{"key":"base$0$4","visitor":{"ForInStatement":{"enter":[null]},"_exploded":true,"_verified":true},"options":{}},{"key":"transform-react-jsx","visitor":{"_exploded":{},"_verified":{},"JSXNamespacedName":{"enter":[null]},"JSXSpreadChild":{"enter":[null]},"Program":{"enter":[null]},"JSXElement":{"exit":[null]},"JSXFragment":{"exit":[null]},"JSXAttribute":{"enter":[null]}},"options":{"pragma":"React.createElement","pragmaFrag":"React.Fragment","runtime":"classic","throwIfNamespace":true,"useBuiltIns":false}},{"key":"transform-react-display-name","visitor":{"ExportDefaultDeclaration":{"enter":[null]},"CallExpression":{"enter":[null]},"_exploded":true,"_verified":true},"options":{}},{"key":"transform-react-pure-annotations","visitor":{"CallExpression":{"enter":[null]},"_exploded":true,"_verified":true},"options":{}},{"key":"syntax-nullish-coalescing-operator","visitor":{"_exploded":true,"_verified":true},"options":{}},{"key":"proposal-nullish-coalescing-operator","visitor":{"_exploded":{},"_verified":{},"LogicalExpression":{"enter":[null]}},"options":{}},{"key":"syntax-optional-chaining","visitor":{"_exploded":true,"_verified":true},"options":{}},{"key":"proposal-optional-chaining","visitor":{"_exploded":true,"OptionalCallExpression":{"enter":[null]},"OptionalMemberExpression":{"enter":[null]},"_verified":true},"options":{}},{"key":"syntax-optional-catch-binding","visitor":{"_exploded":true,"_verified":true},"options":{}},{"key":"proposal-optional-catch-binding","visitor":{"_exploded":{},"_verified":{},"CatchClause":{"enter":[null]}},"options":{}},{"key":"syntax-class-properties","visitor":{"_exploded":true,"_verified":true},"options":{}},{"key":"proposal-class-properties","visitor":{"PrivateName":{"enter":[null]},"ExportDefaultDeclaration":{"enter":[null]},"_exploded":true,"_verified":true,"ClassExpression":{"enter":[null]},"ClassDeclaration":{"enter":[null]}},"options":{}},{"key":"syntax-async-generators","visitor":{"_exploded":true,"_verified":true},"options":{}},{"key":"proposal-async-generator-functions","visitor":{"_exploded":{},"_verified":{},"Program":{"enter":[null]}},"options":{}},{"key":"syntax-object-rest-spread","visitor":{"_exploded":true,"_verified":true},"options":{}},{"key":"proposal-object-rest-spread","visitor":{"_exploded":{},"_verified":{},"VariableDeclarator":{"enter":[null]},"ExportNamedDeclaration":{"enter":[null]},"CatchClause":{"enter":[null]},"AssignmentExpression":{"enter":[null]},"ArrayPattern":{"enter":[null]},"ObjectExpression":{"enter":[null]},"FunctionDeclaration":{"enter":[null]},"FunctionExpression":{"enter":[null]},"ObjectMethod":{"enter":[null]},"ArrowFunctionExpression":{"enter":[null]},"ClassMethod":{"enter":[null]},"ClassPrivateMethod":{"enter":[null]},"ForInStatement":{"enter":[null]},"ForOfStatement":{"enter":[null]}},"options":{}},{"key":"proposal-logical-assignment-operators","visitor":{"_exploded":{},"_verified":{},"AssignmentExpression":{"enter":[null]}},"options":{}},{"key":"transform-arrow-functions","visitor":{"ArrowFunctionExpression":{"enter":[null]},"_exploded":true,"_verified":true},"options":{}},{"key":"transform-block-scoped-functions","visitor":{"BlockStatement":{"enter":[null]},"SwitchCase":{"enter":[null]},"_exploded":true,"_verified":true},"options":{}},{"key":"transform-block-scoping","visitor":{"VariableDeclaration":{"enter":[null]},"CatchClause":{"enter":[null]},"_exploded":true,"BlockStatement":{"enter":[null]},"SwitchStatement":{"enter":[null]},"Program":{"enter":[null]},"_verified":true,"DoWhileStatement":{"enter":[null]},"ForInStatement":{"enter":[null]},"ForStatement":{"enter":[null]},"WhileStatement":{"enter":[null]},"ForOfStatement":{"enter":[null]}},"options":{}},{"key":"transform-classes","visitor":{"ExportDefaultDeclaration":{"enter":[null]},"ClassDeclaration":{"enter":[null]},"ClassExpression":{"enter":[null]},"_exploded":true,"_verified":true},"options":{"loose":true}},{"key":"transform-computed-properties","visitor":{"ObjectExpression":{"exit":[null]},"_exploded":true,"_verified":true},"options":{"loose":true}},{"key":"transform-destructuring","visitor":{"ExportNamedDeclaration":{"enter":[null]},"CatchClause":{"enter":[null]},"AssignmentExpression":{"enter":[null]},"VariableDeclaration":{"enter":[null]},"_exploded":true,"_verified":true,"ForInStatement":{"enter":[null]},"ForOfStatement":{"enter":[null]}},"options":{}},{"key":"transform-for-of","visitor":{"ForOfStatement":{"enter":[null]},"_exploded":true,"_verified":true},"options":{"loose":true}},{"key":"transform-literals","visitor":{"NumericLiteral":{"enter":[null]},"StringLiteral":{"enter":[null]},"_exploded":true,"_verified":true},"options":{}},{"key":"transform-object-super","visitor":{"ObjectExpression":{"enter":[null]},"_exploded":true,"_verified":true},"options":{}},{"key":"transform-parameters","visitor":{"_exploded":true,"_verified":true,"FunctionDeclaration":{"enter":[null]},"FunctionExpression":{"enter":[null]},"ObjectMethod":{"enter":[null]},"ArrowFunctionExpression":{"enter":[null]},"ClassMethod":{"enter":[null]},"ClassPrivateMethod":{"enter":[null]}},"options":{}},{"key":"transform-shorthand-properties","visitor":{"ObjectMethod":{"enter":[null]},"ObjectProperty":{"enter":[null]},"_exploded":true,"_verified":true},"options":{}},{"key":"transform-spread","visitor":{"ArrayExpression":{"enter":[null]},"CallExpression":{"enter":[null]},"NewExpression":{"enter":[null]},"_exploded":true,"_verified":true},"options":{}},{"key":"transform-sticky-regex","visitor":{"RegExpLiteral":{"enter":[null]},"_exploded":true,"_verified":true},"options":{}},{"key":"transform-template-literals","visitor":{"TaggedTemplateExpression":{"enter":[null]},"TemplateLiteral":{"enter":[null]},"_exploded":true,"_verified":true},"options":{"loose":true}},{"key":"transform-typeof-symbol","visitor":{"UnaryExpression":{"enter":[null]},"_exploded":true,"_verified":true,"BlockStatement":{"enter":[null]},"CatchClause":{"enter":[null]},"DoWhileStatement":{"enter":[null]},"ForInStatement":{"enter":[null]},"ForStatement":{"enter":[null]},"FunctionDeclaration":{"enter":[null]},"FunctionExpression":{"enter":[null]},"Program":{"enter":[null]},"ObjectMethod":{"enter":[null]},"SwitchStatement":{"enter":[null]},"WhileStatement":{"enter":[null]},"ArrowFunctionExpression":{"enter":[null]},"ClassExpression":{"enter":[null]},"ClassDeclaration":{"enter":[null]},"ForOfStatement":{"enter":[null]},"ClassMethod":{"enter":[null]},"ClassPrivateMethod":{"enter":[null]},"StaticBlock":{"enter":[null]},"TSModuleBlock":{"enter":[null]},"AssignmentPattern":{"enter":[null]},"ArrayPattern":{"enter":[null]},"ObjectPattern":{"enter":[null]}},"options":{}},{"key":"transform-unicode-regex","visitor":{"RegExpLiteral":{"enter":[null]},"_exploded":true,"_verified":true},"options":{}},{"key":"transform-property-literals","visitor":{"ObjectProperty":{"exit":[null]},"_exploded":true,"_verified":true},"options":{}},{"key":"transform-exponentiation-operator","visitor":{"AssignmentExpression":{"enter":[null]},"BinaryExpression":{"enter":[null]},"_exploded":true,"_verified":true},"options":{}},{"key":"regenerator-transform","visitor":{"_exploded":true,"_verified":true,"ObjectMethod":{"enter":[null],"exit":[null]},"ClassMethod":{"enter":[null],"exit":[null]},"ClassPrivateMethod":{"enter":[null],"exit":[null]},"FunctionDeclaration":{"exit":[null]},"FunctionExpression":{"exit":[null]},"ArrowFunctionExpression":{"exit":[null]}},"options":{}}],"presets":[],"generatorOpts":{"filename":"/home/matheuswm/Downloads/teste/imports/ui/styles/styleLogin.js","comments":true,"compact":false,"sourceMaps":true,"sourceFileName":"imports/ui/styles/styleLogin.js"}},"code":"var _templateObject, _templateObject2, _templateObject3;\n\nvar _taggedTemplateLiteralLoose;\n\nmodule.link(\"@babel/runtime/helpers/taggedTemplateLiteralLoose\", {\n  default: function (v) {\n    _taggedTemplateLiteralLoose = v;\n  }\n}, 0);\nmodule.export({\n  Tudo: function () {\n    return Tudo;\n  },\n  Slogin: function () {\n    return Slogin;\n  },\n  Content: function () {\n    return Content;\n  }\n});\nvar styled;\nmodule.link(\"styled-components\", {\n  \"default\": function (v) {\n    styled = v;\n  }\n}, 0);\nvar Tudo = styled.div(_templateObject || (_templateObject = _taggedTemplateLiteralLoose([\"\\n        height: 100%;\\n        display: flex;\\n        justify-content: center;\\n        align-items: center;\\n        background-color: #a1fff2;\\n    \"])));\nvar Slogin = styled.div(_templateObject2 || (_templateObject2 = _taggedTemplateLiteralLoose([\" \\n        width: 100%;\\n        max-width: 25% ;\\n        min-width: 415px;\\n        margin: 20px;\\n        height: 35%;\\n        max-height: 400px;\\n\\n    \"])));\nvar Content = styled.div(_templateObject3 || (_templateObject3 = _taggedTemplateLiteralLoose([\"\\n    \\n        padding-top: 10%;\\n        padding-bottom: 10%;\\n        border-radius: 50px;\\n        width: 100%;\\n        background-color: #FFF;\\n        height: 100%;\\n\\n        form{\\n            width: 100%;\\n            display: flex;\\n            justify-content: center;\\n            align-items: center;\\n            flex-direction: column;\\n            font-size: 1vw;\\n            height: 100%;\\n            \\n           \\n            \\n        }\\n        button{\\n            text-align: center;\\n            padding: 4px;\\n            border-radius: 3px;\\n            border-color: #af54ff;\\n            height: 20%;\\n            width: 25%;\\n            min-width: 150px\\n        }\\n        p{width: 75%;\\n            margin 20px;\\n        }\\n        input{\\n            text-align: center;\\n            width: 100%;\\n            height: 100%;\\n            \\n            border-radius: 10px;\\n            border-color: #af54ff;\\n            \\n        }\\n\\n    @media only screen and (max-device-width: 4000px ),(min-device-width: 4000px) {\\n            form{font-size: 30px}\\n            input{font-size: 30px}\\n            button{font-size: 30px}\\n    }\\n    @media only screen and (max-device-width: 3000px) {\\n        form{font-size: 25px}\\n        input{font-size: 25px}\\n        button{font-size: 25px}\\n    }\\n    @media only screen and (max-device-width: 2500px) {\\n        form{\\n            font-size: 20px}\\n        input{font-size: 20px}\\n        button{font-size: 20px}\\n    }\\n    \"])));","map":{"version":3,"sources":["imports/ui/styles/styleLogin.js"],"names":["_taggedTemplateLiteralLoose","module","link","default","v","export","Tudo","Slogin","Content","styled","div"],"mappings":";;AAAA,IAAIA,2BAAJ;;AAAgCC,MAAM,CAACC,IAAP,CAAY,mDAAZ,EAAgE;AAACC,EAAAA,OAAO,EAAC,UAASC,CAAT,EAAW;AAACJ,IAAAA,2BAA2B,GAACI,CAA5B;AAA8B;AAAnD,CAAhE,EAAqH,CAArH;AAAhCH,MAAM,CAACI,MAAP,CAAc;AAACC,EAAAA,IAAI,EAAC,YAAU;AAAC,WAAOA,IAAP;AAAY,GAA7B;AAA8BC,EAAAA,MAAM,EAAC,YAAU;AAAC,WAAOA,MAAP;AAAc,GAA9D;AAA+DC,EAAAA,OAAO,EAAC,YAAU;AAAC,WAAOA,OAAP;AAAe;AAAjG,CAAd;AAAkH,IAAIC,MAAJ;AAAWR,MAAM,CAACC,IAAP,CAAY,mBAAZ,EAAgC;AAAC,aAAQ,UAASE,CAAT,EAAW;AAACK,IAAAA,MAAM,GAACL,CAAP;AAAS;AAA9B,CAAhC,EAAgE,CAAhE;AAClH,IAAME,IAAI,GAAGG,MAAM,CAACC,GAAV,mOAAV;AAOA,IAAMH,MAAM,GAAGE,MAAM,CAACC,GAAV,yOAAZ;AASA,IAAMF,OAAO,GAAGC,MAAM,CAACC,GAAV,kjDAAb","sourcesContent":["    import styled from \"styled-components\";\n    export const Tudo = styled.div`\n        height: 100%;\n        display: flex;\n        justify-content: center;\n        align-items: center;\n        background-color: #a1fff2;\n    `\n    export const Slogin = styled.div` \n        width: 100%;\n        max-width: 25% ;\n        min-width: 415px;\n        margin: 20px;\n        height: 35%;\n        max-height: 400px;\n\n    `\n    export const Content = styled.div`\n    \n        padding-top: 10%;\n        padding-bottom: 10%;\n        border-radius: 50px;\n        width: 100%;\n        background-color: #FFF;\n        height: 100%;\n\n        form{\n            width: 100%;\n            display: flex;\n            justify-content: center;\n            align-items: center;\n            flex-direction: column;\n            font-size: 1vw;\n            height: 100%;\n            \n           \n            \n        }\n        button{\n            text-align: center;\n            padding: 4px;\n            border-radius: 3px;\n            border-color: #af54ff;\n            height: 20%;\n            width: 25%;\n            min-width: 150px\n        }\n        p{width: 75%;\n            margin 20px;\n        }\n        input{\n            text-align: center;\n            width: 100%;\n            height: 100%;\n            \n            border-radius: 10px;\n            border-color: #af54ff;\n            \n        }\n\n    @media only screen and (max-device-width: 4000px ),(min-device-width: 4000px) {\n            form{font-size: 30px}\n            input{font-size: 30px}\n            button{font-size: 30px}\n    }\n    @media only screen and (max-device-width: 3000px) {\n        form{font-size: 25px}\n        input{font-size: 25px}\n        button{font-size: 25px}\n    }\n    @media only screen and (max-device-width: 2500px) {\n        form{\n            font-size: 20px}\n        input{font-size: 20px}\n        button{font-size: 20px}\n    }\n    `"]},"sourceType":"module","hash":"105b56300831501a2813939935c395c59dfc324f"}
