{"metadata":{},"options":{"assumptions":{},"compact":false,"sourceMaps":true,"ast":true,"babelrc":false,"configFile":false,"parserOpts":{"sourceType":"module","sourceFileName":"/home/matheuswm/Downloads/teste/imports/ui/styles/styleLista.js","plugins":["*","flow","jsx","asyncGenerators","bigInt","classPrivateMethods","classPrivateProperties","classProperties","doExpressions","dynamicImport","exportDefaultFrom","exportExtensions","exportNamespaceFrom","functionBind","functionSent","importMeta","nullishCoalescingOperator","numericSeparator","objectRestSpread","optionalCatchBinding","optionalChaining",["pipelineOperator",{"proposal":"minimal"}],"throwExpressions","classProperties","classPrivateProperties","jsx","nullishCoalescingOperator","nullishCoalescingOperator","optionalChaining","optionalCatchBinding","optionalCatchBinding","classProperties","classPrivateProperties","classPrivateMethods","classProperties","classPrivateProperties","asyncGenerators","asyncGenerators","objectRestSpread","objectRestSpread","logicalAssignment"],"allowImportExportEverywhere":true,"allowReturnOutsideFunction":true,"allowUndeclaredExports":true,"strictMode":false},"caller":{"name":"meteor","arch":"web.browser"},"sourceFileName":"imports/ui/styles/styleLista.js","filename":"/home/matheuswm/Downloads/teste/imports/ui/styles/styleLista.js","inputSourceMap":{"version":3,"sources":["imports/ui/styles/styleLista.js"],"names":["styled","Cabecario","div","Adicionar","TarefaStyle"],"mappings":"AAAA,OAAOA,MAAP,MAAmB,mBAAnB;AACA,OAAO,MAAMC,SAAS,GAAID,MAAM,CAACE,GAAI;AACrC;AACA;AACA;AACA;AACA;AACA;AACA;AACA;AACA;AACA;AACA;AACA;AACA;AACA;AACA;AACA;AACA;AACA;AACA;AACA;AACA;AACA;AACA;AACA;AACA;AACA;AACA;AACA;AACA;AACA;AACA,CA/BO;AAiCP,OAAO,MAAMC,SAAS,GAAGH,MAAM,CAACE,GAAK;AACrC;AACA;AACA;AACA;AACA;AACA;AACA;AACA;AACA;AACA;AACA;AACA;AACA;AACA;AACA;AACA;AACA;AACA;AACA;AACA;AACA;AACA;AACA;AACA;AACA;AACA;AACA;AACA;AACA;AACA;AACA;AACA;AACA;AACA;AACA;AACA;AACA;AACA;AACA,CAvCO;AAwCP,OAAO,MAAME,WAAW,GAAGJ,MAAM,CAACE,GAAK;AACvC;AACA;AACA;AACA;AACA;AACA;AACA;AACA;AACA;AACA;AACA;AACA;AACA;AACA;AACA;AACA;AACA;AACA;AACA;AACA;AACA;AACA;AACA;AACA;AACA;AACA;AACA;AACA;AACA;AACA;AACA;AACA;AACA;AACA;AACA;AACA;AACA;AACA;AACA;AACA;AACA;AACA;AACA;AACA;AACA;AACA;AACA;AACA;AACA;AACA;AACA;AACA;AACA;AACA;AACA;AACA;AACA;AACA;AACA;AACA;AACA;AACA;AACA;AACA;AACA;AACA;AACA;AACA;AACA;AACA;AACA;AACA;AACA;AACA;AACA;AACA;AACA;AACA;AACA;AACA;AACA;AACA;AACA,CAnFO","sourcesContent":["import styled from \"styled-components\";\nexport const Cabecario =  styled.div` \nbackground-color: #a1fff2;\nheight: 10%;\ndisplay: flex;\nalign-items: center;\nfont-size: 1vw;\nfont-weight: 400;\nspan{\n    margin-left: 5%;\n}\nbutton{\n \n    margin-left: 3%;\n    font-size: 1vw;\n    width: 15%;\n    height: 75%;\n    background-color: transparent;\n    border: 0;\n}\nbutton:hover{\n    background-color: white;\n}\n\n@media only screen and (max-device-width: 800px) {\n    font-size: 10px;\n    button{font-size:10px}\n}\n@media only screen and (max-device-width: 650px) {\n    font-size: 10px;\n    button{font-size:8px}\n}\n`\n\nexport const Adicionar = styled.div `\nheight: 10%;\ndisplay: flex;\nalign-items: center;\nwidth: 100%;\nform{\n    width: 100%;\n}\ninput{\n        padding: 0.5%;\n        border-color: #00ffcc;\n        border-radius: 10px;\n        width: 40%;\n        margin-left: 6%;\n        font-size: 1vw;\n        font-weight: 400 ;\n}\nbutton{\n    padding: 1%;\n    margin-left: 3%;\n    border-color: #00ffcc;\n    border-radius: 10px;\n    font-size: 1vw;\n}\nbutton:hover{\n    background-color: #a1fff2 ;\n}\n\n@media only screen and (max-device-width: 800px) {\n    \n    button{font-size:10px}\n    input{font-size:10px}\n}\n@media only screen and (max-device-width: 650px) {\n  \n    button{font-size:8px}\n    input{font-size:8px}\n}\n\n`\nexport const TarefaStyle = styled.div `\n\nwidth: 100%;\nheight: 80%;\n\n\ntable{height:50%;width:  100%;word-break: break-word; margin-top:20px}\n.muda{\n\ndisplay: flex;\nalign-items: center;\njustify-content: center ;\nword-break: break-word\n\n}\n.muda button{\n    padding: 0.8%;\n    margin: 0.5%;\n    font-size: 1vw;\n    border-color: #af54ff;\n    border-radius: 20%;\n    background-color: #befff6;\n\n}\nbutton:hover{\n\nbackground-color: #d6fff9;\n}\nform{\n    display: flex;\n    align-items: center;\n    text-align: center  ;\n}\n\n\ntd{text-align: center;  \nwidth: 15%;\n}\n\n.tabela button{\npadding: 4%;\nborder-color: blue;\nborder-radius: 10%;\nbackground-color: red;\ncolor: white;\nfont-size: 1vw;\n}\n\n.tabela button:hover{\n    background-color: #ff3d57;\n}\nselect{\n    padding: 3%; \n    border-radius: 1000px;\n    border:0px; background-color:#befff6;\n    font-size:1vw;\n}\nth{font-size:1.4vw;width:15%}\ntd{font-size:1vw}\n\n\ninput{width:10%}\n@media only screen and (max-device-width: 800px) {\n    \n    th{font-size:15px;width:15%}\n    td{font-size:10px}\n    table{font-size:10px}\n    .tabela button{font-size:1px}\n    select{font-size:10px}\n    .muda button{font-size:10px}\n    input{width:10px}\n}\n@media only screen and (max-device-width: 650px) {\n    \n    th{font-size:10px;width:15%}\n    td{font-size:8px}\n    table{font-size:8px}\n    .tabela button{font-size:8px}\n    select{font-size:8px}\n    .muda button{font-size:8px}\n    input{width:7px}\n}\n\n`"]},"targets":{},"cloneInputAst":true,"browserslistConfigFile":false,"passPerPreset":false,"envName":"development","cwd":"/home/matheuswm/Downloads/teste","root":"/home/matheuswm/Downloads/teste","rootMode":"root","plugins":[{"key":"base$0","visitor":{"_exploded":true,"_verified":true},"options":{}},{"key":"base$0$0","visitor":{"Program":{"enter":[null],"exit":[null]},"_exploded":true,"_verified":true},"options":{"avoidModernSyntax":false,"enforceStrictMode":false,"dynamicImport":true,"generateLetDeclarations":true}},{"key":"transform-runtime","visitor":{"MemberExpression":{"enter":[null]},"ObjectPattern":{"enter":[null]},"BinaryExpression":{"enter":[null]},"_exploded":{},"_verified":{},"Identifier":{"enter":[null]},"JSXIdentifier":{"enter":[null]}},"options":{"version":"7.15.3","helpers":true,"useESModules":false,"corejs":false}},{"key":"proposal-class-properties","visitor":{"PrivateName":{"enter":[null]},"ExportDefaultDeclaration":{"enter":[null]},"_exploded":true,"_verified":true,"ClassExpression":{"enter":[null]},"ClassDeclaration":{"enter":[null]}},"options":{"loose":true}},{"key":"transform-react-jsx","visitor":{"_exploded":{},"_verified":{},"JSXNamespacedName":{"enter":[null]},"JSXSpreadChild":{"enter":[null]},"Program":{"enter":[null]},"JSXElement":{"exit":[null]},"JSXFragment":{"exit":[null]},"JSXAttribute":{"enter":[null]}},"options":{"pragma":"React.createElement","pragmaFrag":"React.Fragment","runtime":"classic","throwIfNamespace":true,"useBuiltIns":false}},{"key":"transform-react-display-name","visitor":{"ExportDefaultDeclaration":{"enter":[null]},"CallExpression":{"enter":[null]},"_exploded":true,"_verified":true},"options":{}},{"key":"transform-react-pure-annotations","visitor":{"CallExpression":{"enter":[null]},"_exploded":true,"_verified":true},"options":{}},{"key":"syntax-nullish-coalescing-operator","visitor":{"_exploded":true,"_verified":true},"options":{}},{"key":"proposal-nullish-coalescing-operator","visitor":{"_exploded":{},"_verified":{},"LogicalExpression":{"enter":[null]}},"options":{}},{"key":"syntax-optional-chaining","visitor":{"_exploded":true,"_verified":true},"options":{}},{"key":"proposal-optional-chaining","visitor":{"_exploded":true,"OptionalCallExpression":{"enter":[null]},"OptionalMemberExpression":{"enter":[null]},"_verified":true},"options":{}},{"key":"syntax-optional-catch-binding","visitor":{"_exploded":true,"_verified":true},"options":{}},{"key":"proposal-optional-catch-binding","visitor":{"_exploded":{},"_verified":{},"CatchClause":{"enter":[null]}},"options":{}},{"key":"syntax-class-properties","visitor":{"_exploded":true,"_verified":true},"options":{}},{"key":"proposal-class-properties","visitor":{"PrivateName":{"enter":[null]},"ExportDefaultDeclaration":{"enter":[null]},"_exploded":true,"_verified":true,"ClassExpression":{"enter":[null]},"ClassDeclaration":{"enter":[null]}},"options":{}},{"key":"syntax-async-generators","visitor":{"_exploded":true,"_verified":true},"options":{}},{"key":"proposal-async-generator-functions","visitor":{"_exploded":{},"_verified":{},"Program":{"enter":[null]}},"options":{}},{"key":"syntax-object-rest-spread","visitor":{"_exploded":true,"_verified":true},"options":{}},{"key":"proposal-object-rest-spread","visitor":{"_exploded":{},"_verified":{},"VariableDeclarator":{"enter":[null]},"ExportNamedDeclaration":{"enter":[null]},"CatchClause":{"enter":[null]},"AssignmentExpression":{"enter":[null]},"ArrayPattern":{"enter":[null]},"ObjectExpression":{"enter":[null]},"FunctionDeclaration":{"enter":[null]},"FunctionExpression":{"enter":[null]},"ObjectMethod":{"enter":[null]},"ArrowFunctionExpression":{"enter":[null]},"ClassMethod":{"enter":[null]},"ClassPrivateMethod":{"enter":[null]},"ForInStatement":{"enter":[null]},"ForOfStatement":{"enter":[null]}},"options":{}},{"key":"proposal-logical-assignment-operators","visitor":{"_exploded":{},"_verified":{},"AssignmentExpression":{"enter":[null]}},"options":{}},{"key":"transform-literals","visitor":{"NumericLiteral":{"enter":[null]},"StringLiteral":{"enter":[null]},"_exploded":true,"_verified":true},"options":{}},{"key":"transform-template-literals","visitor":{"TaggedTemplateExpression":{"enter":[null]},"TemplateLiteral":{"enter":[null]},"_exploded":true,"_verified":true},"options":{}},{"key":"transform-parameters","visitor":{"_exploded":true,"_verified":true,"FunctionDeclaration":{"enter":[null]},"FunctionExpression":{"enter":[null]},"ObjectMethod":{"enter":[null]},"ArrowFunctionExpression":{"enter":[null]},"ClassMethod":{"enter":[null]},"ClassPrivateMethod":{"enter":[null]}},"options":{}},{"key":"transform-exponentiation-operator","visitor":{"AssignmentExpression":{"enter":[null]},"BinaryExpression":{"enter":[null]},"_exploded":true,"_verified":true},"options":{}}],"presets":[],"generatorOpts":{"filename":"/home/matheuswm/Downloads/teste/imports/ui/styles/styleLista.js","comments":true,"compact":false,"sourceMaps":true,"sourceFileName":"imports/ui/styles/styleLista.js"}},"code":"var _templateObject, _templateObject2, _templateObject3;\n\nlet _taggedTemplateLiteral;\n\nmodule.link(\"@babel/runtime/helpers/taggedTemplateLiteral\", {\n  default(v) {\n    _taggedTemplateLiteral = v;\n  }\n\n}, 0);\nmodule.export({\n  Cabecario: () => Cabecario,\n  Adicionar: () => Adicionar,\n  TarefaStyle: () => TarefaStyle\n});\nlet styled;\nmodule.link(\"styled-components\", {\n  default(v) {\n    styled = v;\n  }\n\n}, 0);\nconst Cabecario = styled.div(_templateObject || (_templateObject = _taggedTemplateLiteral([\" \\nbackground-color: #a1fff2;\\nheight: 10%;\\ndisplay: flex;\\nalign-items: center;\\nfont-size: 1vw;\\nfont-weight: 400;\\nspan{\\n    margin-left: 5%;\\n}\\nbutton{\\n \\n    margin-left: 3%;\\n    font-size: 1vw;\\n    width: 15%;\\n    height: 75%;\\n    background-color: transparent;\\n    border: 0;\\n}\\nbutton:hover{\\n    background-color: white;\\n}\\n\\n@media only screen and (max-device-width: 800px) {\\n    font-size: 10px;\\n    button{font-size:10px}\\n}\\n@media only screen and (max-device-width: 650px) {\\n    font-size: 10px;\\n    button{font-size:8px}\\n}\\n\"])));\nconst Adicionar = styled.div(_templateObject2 || (_templateObject2 = _taggedTemplateLiteral([\"\\nheight: 10%;\\ndisplay: flex;\\nalign-items: center;\\nwidth: 100%;\\nform{\\n    width: 100%;\\n}\\ninput{\\n        padding: 0.5%;\\n        border-color: #00ffcc;\\n        border-radius: 10px;\\n        width: 40%;\\n        margin-left: 6%;\\n        font-size: 1vw;\\n        font-weight: 400 ;\\n}\\nbutton{\\n    padding: 1%;\\n    margin-left: 3%;\\n    border-color: #00ffcc;\\n    border-radius: 10px;\\n    font-size: 1vw;\\n}\\nbutton:hover{\\n    background-color: #a1fff2 ;\\n}\\n\\n@media only screen and (max-device-width: 800px) {\\n    \\n    button{font-size:10px}\\n    input{font-size:10px}\\n}\\n@media only screen and (max-device-width: 650px) {\\n  \\n    button{font-size:8px}\\n    input{font-size:8px}\\n}\\n\\n\"])));\nconst TarefaStyle = styled.div(_templateObject3 || (_templateObject3 = _taggedTemplateLiteral([\"\\n\\nwidth: 100%;\\nheight: 80%;\\n\\n\\ntable{height:50%;width:  100%;word-break: break-word; margin-top:20px}\\n.muda{\\n\\ndisplay: flex;\\nalign-items: center;\\njustify-content: center ;\\nword-break: break-word\\n\\n}\\n.muda button{\\n    padding: 0.8%;\\n    margin: 0.5%;\\n    font-size: 1vw;\\n    border-color: #af54ff;\\n    border-radius: 20%;\\n    background-color: #befff6;\\n\\n}\\nbutton:hover{\\n\\nbackground-color: #d6fff9;\\n}\\nform{\\n    display: flex;\\n    align-items: center;\\n    text-align: center  ;\\n}\\n\\n\\ntd{text-align: center;  \\nwidth: 15%;\\n}\\n\\n.tabela button{\\npadding: 4%;\\nborder-color: blue;\\nborder-radius: 10%;\\nbackground-color: red;\\ncolor: white;\\nfont-size: 1vw;\\n}\\n\\n.tabela button:hover{\\n    background-color: #ff3d57;\\n}\\nselect{\\n    padding: 3%; \\n    border-radius: 1000px;\\n    border:0px; background-color:#befff6;\\n    font-size:1vw;\\n}\\nth{font-size:1.4vw;width:15%}\\ntd{font-size:1vw}\\n\\n\\ninput{width:10%}\\n@media only screen and (max-device-width: 800px) {\\n    \\n    th{font-size:15px;width:15%}\\n    td{font-size:10px}\\n    table{font-size:10px}\\n    .tabela button{font-size:1px}\\n    select{font-size:10px}\\n    .muda button{font-size:10px}\\n    input{width:10px}\\n}\\n@media only screen and (max-device-width: 650px) {\\n    \\n    th{font-size:10px;width:15%}\\n    td{font-size:8px}\\n    table{font-size:8px}\\n    .tabela button{font-size:8px}\\n    select{font-size:8px}\\n    .muda button{font-size:8px}\\n    input{width:7px}\\n}\\n\\n\"])));","map":{"version":3,"sources":["imports/ui/styles/styleLista.js"],"names":["Cabecario","styled","div","Adicionar","TarefaStyle"],"mappings":";;AAAA,IAAA,sBAAA;;AAAmB,MAAA,CAAnB,IAAmB,CAAnB,8CAAmB,EAAnB;AAAA,EAAA,OAAA,CAAA,CAAA,EAAA;AAAA,IAAA,sBAAA,GAAA,CAAA;AAAA;;AAAA,CAAmB,EAAnB,CAAmB;AAAnB,MAAA,CAAA,MAAA,CAAA;AAAA,EAAA,SAAmB,EAAA,MAAA,SAAnB;AAAA,EAAA,SAAA,EAAA,MAAA,SAAA;AAAA,EAAA,WAAA,EAAA,MAAA;AAAA,CAAA;AAAA,IAAA,MAAA;AAAA,MAAA,CAAA,IAAA,CAAA,mBAAA,EAAA;AAAA,EAAA,OAAA,CAAA,CAAA,EAAA;AAAA,IAAA,MAAA,GAAA,CAAA;AAAA;;AAAA,CAAA,EAAA,CAAA;AACO,MAAMA,SAAS,GAAIC,MAAM,CAACC,GAAX,gnBAAf;AAiCA,MAAMC,SAAS,GAAGF,MAAM,CAACC,GAAV,swBAAf;AAwCA,MAAME,WAAW,GAAGH,MAAM,CAACC,GAAV,sgDAAjB","sourcesContent":["import styled from \"styled-components\";\nexport const Cabecario =  styled.div` \nbackground-color: #a1fff2;\nheight: 10%;\ndisplay: flex;\nalign-items: center;\nfont-size: 1vw;\nfont-weight: 400;\nspan{\n    margin-left: 5%;\n}\nbutton{\n \n    margin-left: 3%;\n    font-size: 1vw;\n    width: 15%;\n    height: 75%;\n    background-color: transparent;\n    border: 0;\n}\nbutton:hover{\n    background-color: white;\n}\n\n@media only screen and (max-device-width: 800px) {\n    font-size: 10px;\n    button{font-size:10px}\n}\n@media only screen and (max-device-width: 650px) {\n    font-size: 10px;\n    button{font-size:8px}\n}\n`\n\nexport const Adicionar = styled.div `\nheight: 10%;\ndisplay: flex;\nalign-items: center;\nwidth: 100%;\nform{\n    width: 100%;\n}\ninput{\n        padding: 0.5%;\n        border-color: #00ffcc;\n        border-radius: 10px;\n        width: 40%;\n        margin-left: 6%;\n        font-size: 1vw;\n        font-weight: 400 ;\n}\nbutton{\n    padding: 1%;\n    margin-left: 3%;\n    border-color: #00ffcc;\n    border-radius: 10px;\n    font-size: 1vw;\n}\nbutton:hover{\n    background-color: #a1fff2 ;\n}\n\n@media only screen and (max-device-width: 800px) {\n    \n    button{font-size:10px}\n    input{font-size:10px}\n}\n@media only screen and (max-device-width: 650px) {\n  \n    button{font-size:8px}\n    input{font-size:8px}\n}\n\n`\nexport const TarefaStyle = styled.div `\n\nwidth: 100%;\nheight: 80%;\n\n\ntable{height:50%;width:  100%;word-break: break-word; margin-top:20px}\n.muda{\n\ndisplay: flex;\nalign-items: center;\njustify-content: center ;\nword-break: break-word\n\n}\n.muda button{\n    padding: 0.8%;\n    margin: 0.5%;\n    font-size: 1vw;\n    border-color: #af54ff;\n    border-radius: 20%;\n    background-color: #befff6;\n\n}\nbutton:hover{\n\nbackground-color: #d6fff9;\n}\nform{\n    display: flex;\n    align-items: center;\n    text-align: center  ;\n}\n\n\ntd{text-align: center;  \nwidth: 15%;\n}\n\n.tabela button{\npadding: 4%;\nborder-color: blue;\nborder-radius: 10%;\nbackground-color: red;\ncolor: white;\nfont-size: 1vw;\n}\n\n.tabela button:hover{\n    background-color: #ff3d57;\n}\nselect{\n    padding: 3%; \n    border-radius: 1000px;\n    border:0px; background-color:#befff6;\n    font-size:1vw;\n}\nth{font-size:1.4vw;width:15%}\ntd{font-size:1vw}\n\n\ninput{width:10%}\n@media only screen and (max-device-width: 800px) {\n    \n    th{font-size:15px;width:15%}\n    td{font-size:10px}\n    table{font-size:10px}\n    .tabela button{font-size:1px}\n    select{font-size:10px}\n    .muda button{font-size:10px}\n    input{width:10px}\n}\n@media only screen and (max-device-width: 650px) {\n    \n    th{font-size:10px;width:15%}\n    td{font-size:8px}\n    table{font-size:8px}\n    .tabela button{font-size:8px}\n    select{font-size:8px}\n    .muda button{font-size:8px}\n    input{width:7px}\n}\n\n`"]},"sourceType":"module","hash":"150f43e6f88692b6e941b2d13bdc228ab1dbd739"}
