{"metadata":{},"options":{"assumptions":{},"compact":false,"sourceMaps":true,"ast":true,"babelrc":false,"configFile":false,"parserOpts":{"sourceType":"module","sourceFileName":"/home/matheuswm/Downloads/teste/server/main.js","plugins":["*","flow","jsx","asyncGenerators","bigInt","classPrivateMethods","classPrivateProperties","classProperties","doExpressions","dynamicImport","exportDefaultFrom","exportExtensions","exportNamespaceFrom","functionBind","functionSent","importMeta","nullishCoalescingOperator","numericSeparator","objectRestSpread","optionalCatchBinding","optionalChaining",["pipelineOperator",{"proposal":"minimal"}],"throwExpressions","objectRestSpread","objectRestSpread","asyncGenerators","classProperties","classPrivateProperties","jsx","nullishCoalescingOperator","nullishCoalescingOperator","optionalChaining","optionalCatchBinding","optionalCatchBinding","classProperties","classPrivateProperties","classPrivateMethods","classProperties","classPrivateProperties","asyncGenerators","asyncGenerators","objectRestSpread","objectRestSpread","logicalAssignment"],"allowImportExportEverywhere":true,"allowReturnOutsideFunction":true,"allowUndeclaredExports":true,"strictMode":false},"caller":{"name":"meteor","arch":"os.linux.x86_64"},"sourceFileName":"server/main.js","filename":"/home/matheuswm/Downloads/teste/server/main.js","targets":{},"cloneInputAst":true,"browserslistConfigFile":false,"passPerPreset":false,"envName":"development","cwd":"/home/matheuswm/Downloads/teste","root":"/home/matheuswm/Downloads/teste","rootMode":"root","plugins":[{"key":"base$0","visitor":{"_exploded":true,"_verified":true},"options":{}},{"key":"base$0$0","visitor":{"Program":{"enter":[null],"exit":[null]},"_exploded":true,"_verified":true},"options":{"avoidModernSyntax":false,"enforceStrictMode":false,"dynamicImport":true,"generateLetDeclarations":true}},{"key":"transform-runtime","visitor":{"MemberExpression":{"enter":[null]},"ObjectPattern":{"enter":[null]},"BinaryExpression":{"enter":[null]},"_exploded":{},"_verified":{},"Identifier":{"enter":[null]},"JSXIdentifier":{"enter":[null]}},"options":{"version":"7.15.3","helpers":true,"useESModules":false,"corejs":false}},{"key":"syntax-object-rest-spread","visitor":{"_exploded":true,"_verified":true},"options":{}},{"key":"proposal-object-rest-spread","visitor":{"_exploded":{},"_verified":{},"VariableDeclarator":{"enter":[null]},"ExportNamedDeclaration":{"enter":[null]},"CatchClause":{"enter":[null]},"AssignmentExpression":{"enter":[null]},"ArrayPattern":{"enter":[null]},"ObjectExpression":{"enter":[null]},"FunctionDeclaration":{"enter":[null]},"FunctionExpression":{"enter":[null]},"ObjectMethod":{"enter":[null]},"ArrowFunctionExpression":{"enter":[null]},"ClassMethod":{"enter":[null]},"ClassPrivateMethod":{"enter":[null]},"ForInStatement":{"enter":[null]},"ForOfStatement":{"enter":[null]}},"options":{}},{"key":"transform-meteor-async-await","visitor":{"AwaitExpression":{"enter":[null]},"_exploded":true,"_verified":true,"FunctionDeclaration":{"exit":[null]},"FunctionExpression":{"exit":[null]},"ObjectMethod":{"exit":[null]},"ArrowFunctionExpression":{"exit":[null]},"ClassMethod":{"exit":[null]},"ClassPrivateMethod":{"exit":[null]}},"options":{"useNativeAsyncAwait":false}},{"key":"proposal-async-generator-functions","visitor":{"_exploded":{},"_verified":{},"Program":{"enter":[null]}},"options":{}},{"key":"proposal-class-properties","visitor":{"PrivateName":{"enter":[null]},"ExportDefaultDeclaration":{"enter":[null]},"_exploded":true,"_verified":true,"ClassExpression":{"enter":[null]},"ClassDeclaration":{"enter":[null]}},"options":{"loose":true}},{"key":"transform-react-jsx","visitor":{"_exploded":{},"_verified":{},"JSXNamespacedName":{"enter":[null]},"JSXSpreadChild":{"enter":[null]},"Program":{"enter":[null]},"JSXElement":{"exit":[null]},"JSXFragment":{"exit":[null]},"JSXAttribute":{"enter":[null]}},"options":{"pragma":"React.createElement","pragmaFrag":"React.Fragment","runtime":"classic","throwIfNamespace":true,"useBuiltIns":false}},{"key":"transform-react-display-name","visitor":{"ExportDefaultDeclaration":{"enter":[null]},"CallExpression":{"enter":[null]},"_exploded":true,"_verified":true},"options":{}},{"key":"transform-react-pure-annotations","visitor":{"CallExpression":{"enter":[null]},"_exploded":true,"_verified":true},"options":{}},{"key":"syntax-nullish-coalescing-operator","visitor":{"_exploded":true,"_verified":true},"options":{}},{"key":"proposal-nullish-coalescing-operator","visitor":{"_exploded":{},"_verified":{},"LogicalExpression":{"enter":[null]}},"options":{}},{"key":"syntax-optional-chaining","visitor":{"_exploded":true,"_verified":true},"options":{}},{"key":"proposal-optional-chaining","visitor":{"_exploded":true,"OptionalCallExpression":{"enter":[null]},"OptionalMemberExpression":{"enter":[null]},"_verified":true},"options":{}},{"key":"syntax-optional-catch-binding","visitor":{"_exploded":true,"_verified":true},"options":{}},{"key":"proposal-optional-catch-binding","visitor":{"_exploded":{},"_verified":{},"CatchClause":{"enter":[null]}},"options":{}},{"key":"syntax-class-properties","visitor":{"_exploded":true,"_verified":true},"options":{}},{"key":"proposal-class-properties","visitor":{"PrivateName":{"enter":[null]},"ExportDefaultDeclaration":{"enter":[null]},"_exploded":true,"_verified":true,"ClassExpression":{"enter":[null]},"ClassDeclaration":{"enter":[null]}},"options":{}},{"key":"syntax-async-generators","visitor":{"_exploded":true,"_verified":true},"options":{}},{"key":"proposal-async-generator-functions","visitor":{"_exploded":{},"_verified":{},"Program":{"enter":[null]}},"options":{}},{"key":"syntax-object-rest-spread","visitor":{"_exploded":true,"_verified":true},"options":{}},{"key":"proposal-object-rest-spread","visitor":{"_exploded":{},"_verified":{},"VariableDeclarator":{"enter":[null]},"ExportNamedDeclaration":{"enter":[null]},"CatchClause":{"enter":[null]},"AssignmentExpression":{"enter":[null]},"ArrayPattern":{"enter":[null]},"ObjectExpression":{"enter":[null]},"FunctionDeclaration":{"enter":[null]},"FunctionExpression":{"enter":[null]},"ObjectMethod":{"enter":[null]},"ArrowFunctionExpression":{"enter":[null]},"ClassMethod":{"enter":[null]},"ClassPrivateMethod":{"enter":[null]},"ForInStatement":{"enter":[null]},"ForOfStatement":{"enter":[null]}},"options":{}},{"key":"proposal-logical-assignment-operators","visitor":{"_exploded":{},"_verified":{},"AssignmentExpression":{"enter":[null]}},"options":{}},{"key":"transform-literals","visitor":{"NumericLiteral":{"enter":[null]},"StringLiteral":{"enter":[null]},"_exploded":true,"_verified":true},"options":{}},{"key":"transform-template-literals","visitor":{"TaggedTemplateExpression":{"enter":[null]},"TemplateLiteral":{"enter":[null]},"_exploded":true,"_verified":true},"options":{}},{"key":"transform-parameters","visitor":{"_exploded":true,"_verified":true,"FunctionDeclaration":{"enter":[null]},"FunctionExpression":{"enter":[null]},"ObjectMethod":{"enter":[null]},"ArrowFunctionExpression":{"enter":[null]},"ClassMethod":{"enter":[null]},"ClassPrivateMethod":{"enter":[null]}},"options":{}},{"key":"transform-exponentiation-operator","visitor":{"AssignmentExpression":{"enter":[null]},"BinaryExpression":{"enter":[null]},"_exploded":true,"_verified":true},"options":{}}],"presets":[],"generatorOpts":{"filename":"/home/matheuswm/Downloads/teste/server/main.js","comments":true,"compact":false,"sourceMaps":true,"sourceFileName":"server/main.js"}},"code":"let Meteor;\nmodule.link(\"meteor/meteor\", {\n  Meteor(v) {\n    Meteor = v;\n  }\n\n}, 0);\nlet Manda;\nmodule.link(\"../imports/ui/manda\", {\n  Manda(v) {\n    Manda = v;\n  }\n\n}, 1);\nlet Tarefa;\nmodule.link(\"../imports/api/connection\", {\n  Tarefa(v) {\n    Tarefa = v;\n  }\n\n}, 2);\nlet Accounts;\nmodule.link(\"meteor/accounts-base\", {\n  Accounts(v) {\n    Accounts = v;\n  }\n\n}, 3);\nmodule.link(\"/imports/api/metodos\");\nmodule.link(\"/imports/api/mostra\");\nMeteor.startup(() => {\n  process.env.MONGO_URL = Meteor.settings.MONGO_URL;\n});\n/*const SEED_USERNAME = 'meteorit';\nconst SEED_PASSWORD = 'password';\n\nMeteor.startup(() => {\n  if (!Accounts.findUserByUsername(SEED_USERNAME)) {\n    Accounts.createUser({\n      username: SEED_USERNAME,\n      password: SEED_PASSWORD,\n    });\n  }\n});\n/*const SEED_USERNAME = 'meteorite';\nconst SEED_PASSWORD = 'password';\n\nconst insertTask = taskText => Tarefa.insert({ name: taskText });\nMeteor.startup(() => {\n \n    [\n      'First Task',\n      'Second Task',\n      'Third Task',\n      'Fourth Task',\n      'Fifth Task',\n      'Sixth Task',\n      'Seventh Task'\n    ].forEach(insertTask)\n  \n});\n\n\n/*\nconst insertTask = taskText => Tarefa.insert({ text: taskText });\n \n\n\nconst adiona = a => {\n  Tarefa.insert({ name: a, createdAt: new Date() });\n}\n\nexport const Lista = () => {\n  listas = useTracker(() => Tarefa.find({}).fetch());\n  const adiona = a => {\n    Tarefa.insert({ name: a, createdAt: new Date() });\n  }\n  return JSON.parse(listas)}\n  //return({ listas.map(task => <li key={ task._id }>{listas.name}</li>)}\n//)\n//\n      //}*/","map":{"version":3,"sources":["server/main.js"],"names":["Meteor","module","link","v","Manda","Tarefa","Accounts","startup","process","env","MONGO_URL","settings"],"mappings":"AAAA,IAAIA,MAAJ;AAAWC,MAAM,CAACC,IAAP,CAAY,eAAZ,EAA4B;AAACF,EAAAA,MAAM,CAACG,CAAD,EAAG;AAACH,IAAAA,MAAM,GAACG,CAAP;AAAS;;AAApB,CAA5B,EAAkD,CAAlD;AAAqD,IAAIC,KAAJ;AAAUH,MAAM,CAACC,IAAP,CAAY,qBAAZ,EAAkC;AAACE,EAAAA,KAAK,CAACD,CAAD,EAAG;AAACC,IAAAA,KAAK,GAACD,CAAN;AAAQ;;AAAlB,CAAlC,EAAsD,CAAtD;AAAyD,IAAIE,MAAJ;AAAWJ,MAAM,CAACC,IAAP,CAAY,2BAAZ,EAAwC;AAACG,EAAAA,MAAM,CAACF,CAAD,EAAG;AAACE,IAAAA,MAAM,GAACF,CAAP;AAAS;;AAApB,CAAxC,EAA8D,CAA9D;AAAiE,IAAIG,QAAJ;AAAaL,MAAM,CAACC,IAAP,CAAY,sBAAZ,EAAmC;AAACI,EAAAA,QAAQ,CAACH,CAAD,EAAG;AAACG,IAAAA,QAAQ,GAACH,CAAT;AAAW;;AAAxB,CAAnC,EAA6D,CAA7D;AAAgEF,MAAM,CAACC,IAAP,CAAY,sBAAZ;AAAoCD,MAAM,CAACC,IAAP,CAAY,qBAAZ;AAQhUF,MAAM,CAACO,OAAP,CAAe,MAAI;AAAEC,EAAAA,OAAO,CAACC,GAAR,CAAYC,SAAZ,GAAwBV,MAAM,CAACW,QAAP,CAAgBD,SAAxC;AAAqD,CAA1E;AACA;AACA;AACA;AACA;AACA;AACA;AACA;AACA;AACA;AACA;AACA;AACA;AACA;AACA;AACA;AACA;AACA;AACA;AACA;AACA;AACA;AACA;AACA;AACA;AACA;AACA;AACA;AACA;AACA;AACA;AACA;AACA;AACA;AACA;AACA;AACA;AACA;AACA;AACA;AACA;AACA;AACA;AACA;AACA;AACA;AACA;AACA;AACA;AACA","sourcesContent":["import { Meteor } from 'meteor/meteor';\nimport { Manda } from '../imports/ui/manda';\nimport { Tarefa } from '../imports/api/connection';\n//import {Accounts} from 'meteor/accounts-password';\nimport {Accounts} from 'meteor/accounts-base';\n\nimport '/imports/api/metodos'\nimport '/imports/api/mostra'\nMeteor.startup(()=>{ process.env.MONGO_URL = Meteor.settings.MONGO_URL  ;})\n/*const SEED_USERNAME = 'meteorit';\nconst SEED_PASSWORD = 'password';\n\nMeteor.startup(() => {\n  if (!Accounts.findUserByUsername(SEED_USERNAME)) {\n    Accounts.createUser({\n      username: SEED_USERNAME,\n      password: SEED_PASSWORD,\n    });\n  }\n});\n/*const SEED_USERNAME = 'meteorite';\nconst SEED_PASSWORD = 'password';\n\nconst insertTask = taskText => Tarefa.insert({ name: taskText });\nMeteor.startup(() => {\n \n    [\n      'First Task',\n      'Second Task',\n      'Third Task',\n      'Fourth Task',\n      'Fifth Task',\n      'Sixth Task',\n      'Seventh Task'\n    ].forEach(insertTask)\n  \n});\n\n\n/*\nconst insertTask = taskText => Tarefa.insert({ text: taskText });\n \n\n\nconst adiona = a => {\n  Tarefa.insert({ name: a, createdAt: new Date() });\n}\n\nexport const Lista = () => {\n  listas = useTracker(() => Tarefa.find({}).fetch());\n  const adiona = a => {\n    Tarefa.insert({ name: a, createdAt: new Date() });\n  }\n  return JSON.parse(listas)}\n  //return({ listas.map(task => <li key={ task._id }>{listas.name}</li>)}\n//)\n//\n      //}*/"]},"sourceType":"module","hash":"1885420ee7a9e59bfbe0082bc6696528588ebc90"}
