{"metadata":{},"options":{"assumptions":{},"compact":false,"sourceMaps":true,"ast":true,"babelrc":false,"configFile":false,"parserOpts":{"sourceType":"module","sourceFileName":"/home/matheuswm/Downloads/teste/imports/ui/App.jsx","plugins":["*","flow","jsx","asyncGenerators","bigInt","classPrivateMethods","classPrivateProperties","classProperties","doExpressions","dynamicImport","exportDefaultFrom","exportExtensions","exportNamespaceFrom","functionBind","functionSent","importMeta","nullishCoalescingOperator","numericSeparator","objectRestSpread","optionalCatchBinding","optionalChaining",["pipelineOperator",{"proposal":"minimal"}],"throwExpressions","classProperties","classPrivateProperties","jsx","nullishCoalescingOperator","nullishCoalescingOperator","optionalChaining","optionalCatchBinding","optionalCatchBinding","classProperties","classPrivateProperties","classPrivateMethods","classProperties","classPrivateProperties","asyncGenerators","asyncGenerators","objectRestSpread","objectRestSpread","logicalAssignment"],"allowImportExportEverywhere":true,"allowReturnOutsideFunction":true,"allowUndeclaredExports":true,"strictMode":false},"caller":{"name":"meteor","arch":"web.browser"},"sourceFileName":"imports/ui/App.jsx","filename":"/home/matheuswm/Downloads/teste/imports/ui/App.jsx","inputSourceMap":{"version":3,"sources":["imports/ui/App.jsx"],"names":["React","Fragment","Task","Manda","useTracker","Login","GlobalStyle","Cabecario","App","user","Meteor","logout","username"],"mappings":";;AAAA,OAAOA,KAAP,IAAgBC,QAAhB,QAAgC,OAAhC;AACA,SAASC,IAAT,QAAoB,QAApB;AACA,SAASC,KAAT,QAAsB,aAAtB;AACA,SAASC,UAAT,QAA2B,0BAA3B;AACA,SAASC,KAAT,QAAsB,aAAtB;AACA,OAAOC,WAAP,MAAwB,wBAAxB;AACA,SAAQC,SAAR,QAAwB,wBAAxB;AACA,OAAO,MAAMC,GAAG,GAAG,MAAM;AAAA;;AACzB,QAAMC,IAAI,GAAGL,UAAU,CAAC,MAAMM,MAAM,CAACD,IAAP,EAAP,CAAvB;;AACA,QAAME,MAAM,GAAG,MAAMD,MAAM,CAACC,MAAP,EAArB;;AACE,SAEE;AACJ,OAAO,CAAC,WAAD;AACP,IAAI,CAACF,IAAI,GACH,CAAC,QAAD;AACN,QAAQ,CAAC,SAAD,CAAW,UAAU,MAArB,CAA6B;AACrC;AACA,QAAQ,CAAC,IAAD,CAAM,CAACA,IAAI,CAACG,QAAN,CAAe,EAAE,IAAF;AAC7B,QAAQ,CAAC,MAAD,CAAQ,QAAQ,CAACD,MAAD,CAAhB,CAAyB,WAAW,EAAE,MAAF;AAC5C;AACA,QAAQ,EAAE,SAAF;AACR;AACA,IAAI,CAAC,KAAD;AACJ;AACA;AACA,IAAI,CAAC,GAAD;AACJ;AACA;AACA,KAAK,CAAC,IAAD;AACL;AACA,IAAI,EAAE,GAAF;AACJ,IAAI,EAAE,QAAF,CAlBK,GAmBA,CAAC,KAAD,GAnBL;AAoBJ,IAAI,GAxBF;AA2BD,CA9BM;;GAAMH,G;UACAJ,U;;;KADAI,G","sourcesContent":["import React, { Fragment } from 'react';\nimport { Task} from './Task'\nimport { Manda } from './manda.jsx';\nimport { useTracker } from 'meteor/react-meteor-data';\nimport { Login } from './Login.jsx';\nimport GlobalStyle from '../globalstyles/global';\nimport {Cabecario} from './styles/styleLista.js';\nexport const App = () => {\nconst user = useTracker(() => Meteor.user())\nconst logout = () => Meteor.logout();\n  return(\n   \n    <>\n       <GlobalStyle/>\n    {user ? (\n      <Fragment>\n        <Cabecario className=\"user\" > \n        \n        <span>{user.username}</span>\n        <button onClick={logout}>  log out  </button>\n       \n        </Cabecario>\n    \n    <Manda/>\n    \n    \n    <div>\n      \n     \n     <Task/>\n    \n    </div>\n    </Fragment>\n    ) : (<Login/> )}\n    </>\n    )\n\n};\n"]},"targets":{},"cloneInputAst":true,"browserslistConfigFile":false,"passPerPreset":false,"envName":"development","cwd":"/home/matheuswm/Downloads/teste","root":"/home/matheuswm/Downloads/teste","rootMode":"root","plugins":[{"key":"base$0","visitor":{"_exploded":true,"_verified":true},"options":{}},{"key":"base$0$0","visitor":{"Program":{"enter":[null],"exit":[null]},"_exploded":true,"_verified":true},"options":{"avoidModernSyntax":false,"enforceStrictMode":false,"dynamicImport":true,"generateLetDeclarations":true}},{"key":"transform-runtime","visitor":{"MemberExpression":{"enter":[null]},"ObjectPattern":{"enter":[null]},"BinaryExpression":{"enter":[null]},"_exploded":{},"_verified":{},"Identifier":{"enter":[null]},"JSXIdentifier":{"enter":[null]}},"options":{"version":"7.15.3","helpers":true,"useESModules":false,"corejs":false}},{"key":"proposal-class-properties","visitor":{"PrivateName":{"enter":[null]},"ExportDefaultDeclaration":{"enter":[null]},"_exploded":true,"_verified":true,"ClassExpression":{"enter":[null]},"ClassDeclaration":{"enter":[null]}},"options":{"loose":true}},{"key":"transform-react-jsx","visitor":{"_exploded":{},"_verified":{},"JSXNamespacedName":{"enter":[null]},"JSXSpreadChild":{"enter":[null]},"Program":{"enter":[null]},"JSXElement":{"exit":[null]},"JSXFragment":{"exit":[null]},"JSXAttribute":{"enter":[null]}},"options":{"pragma":"React.createElement","pragmaFrag":"React.Fragment","runtime":"classic","throwIfNamespace":true,"useBuiltIns":false}},{"key":"transform-react-display-name","visitor":{"ExportDefaultDeclaration":{"enter":[null]},"CallExpression":{"enter":[null]},"_exploded":true,"_verified":true},"options":{}},{"key":"transform-react-pure-annotations","visitor":{"CallExpression":{"enter":[null]},"_exploded":true,"_verified":true},"options":{}},{"key":"syntax-nullish-coalescing-operator","visitor":{"_exploded":true,"_verified":true},"options":{}},{"key":"proposal-nullish-coalescing-operator","visitor":{"_exploded":{},"_verified":{},"LogicalExpression":{"enter":[null]}},"options":{}},{"key":"syntax-optional-chaining","visitor":{"_exploded":true,"_verified":true},"options":{}},{"key":"proposal-optional-chaining","visitor":{"_exploded":true,"OptionalCallExpression":{"enter":[null]},"OptionalMemberExpression":{"enter":[null]},"_verified":true},"options":{}},{"key":"syntax-optional-catch-binding","visitor":{"_exploded":true,"_verified":true},"options":{}},{"key":"proposal-optional-catch-binding","visitor":{"_exploded":{},"_verified":{},"CatchClause":{"enter":[null]}},"options":{}},{"key":"syntax-class-properties","visitor":{"_exploded":true,"_verified":true},"options":{}},{"key":"proposal-class-properties","visitor":{"PrivateName":{"enter":[null]},"ExportDefaultDeclaration":{"enter":[null]},"_exploded":true,"_verified":true,"ClassExpression":{"enter":[null]},"ClassDeclaration":{"enter":[null]}},"options":{}},{"key":"syntax-async-generators","visitor":{"_exploded":true,"_verified":true},"options":{}},{"key":"proposal-async-generator-functions","visitor":{"_exploded":{},"_verified":{},"Program":{"enter":[null]}},"options":{}},{"key":"syntax-object-rest-spread","visitor":{"_exploded":true,"_verified":true},"options":{}},{"key":"proposal-object-rest-spread","visitor":{"_exploded":{},"_verified":{},"VariableDeclarator":{"enter":[null]},"ExportNamedDeclaration":{"enter":[null]},"CatchClause":{"enter":[null]},"AssignmentExpression":{"enter":[null]},"ArrayPattern":{"enter":[null]},"ObjectExpression":{"enter":[null]},"FunctionDeclaration":{"enter":[null]},"FunctionExpression":{"enter":[null]},"ObjectMethod":{"enter":[null]},"ArrowFunctionExpression":{"enter":[null]},"ClassMethod":{"enter":[null]},"ClassPrivateMethod":{"enter":[null]},"ForInStatement":{"enter":[null]},"ForOfStatement":{"enter":[null]}},"options":{}},{"key":"proposal-logical-assignment-operators","visitor":{"_exploded":{},"_verified":{},"AssignmentExpression":{"enter":[null]}},"options":{}},{"key":"transform-literals","visitor":{"NumericLiteral":{"enter":[null]},"StringLiteral":{"enter":[null]},"_exploded":true,"_verified":true},"options":{}},{"key":"transform-template-literals","visitor":{"TaggedTemplateExpression":{"enter":[null]},"TemplateLiteral":{"enter":[null]},"_exploded":true,"_verified":true},"options":{}},{"key":"transform-parameters","visitor":{"_exploded":true,"_verified":true,"FunctionDeclaration":{"enter":[null]},"FunctionExpression":{"enter":[null]},"ObjectMethod":{"enter":[null]},"ArrowFunctionExpression":{"enter":[null]},"ClassMethod":{"enter":[null]},"ClassPrivateMethod":{"enter":[null]}},"options":{}},{"key":"transform-exponentiation-operator","visitor":{"AssignmentExpression":{"enter":[null]},"BinaryExpression":{"enter":[null]},"_exploded":true,"_verified":true},"options":{}}],"presets":[],"generatorOpts":{"filename":"/home/matheuswm/Downloads/teste/imports/ui/App.jsx","comments":true,"compact":false,"sourceMaps":true,"sourceFileName":"imports/ui/App.jsx"}},"code":"module.export({\n  App: () => App\n});\nlet React, Fragment;\nmodule.link(\"react\", {\n  default(v) {\n    React = v;\n  },\n\n  Fragment(v) {\n    Fragment = v;\n  }\n\n}, 0);\nlet Task;\nmodule.link(\"./Task\", {\n  Task(v) {\n    Task = v;\n  }\n\n}, 1);\nlet Manda;\nmodule.link(\"./manda.jsx\", {\n  Manda(v) {\n    Manda = v;\n  }\n\n}, 2);\nlet useTracker;\nmodule.link(\"meteor/react-meteor-data\", {\n  useTracker(v) {\n    useTracker = v;\n  }\n\n}, 3);\nlet Login;\nmodule.link(\"./Login.jsx\", {\n  Login(v) {\n    Login = v;\n  }\n\n}, 4);\nlet GlobalStyle;\nmodule.link(\"../globalstyles/global\", {\n  default(v) {\n    GlobalStyle = v;\n  }\n\n}, 5);\nlet Cabecario;\nmodule.link(\"./styles/styleLista.js\", {\n  Cabecario(v) {\n    Cabecario = v;\n  }\n\n}, 6);\n\nvar _s = $RefreshSig$();\n\nconst App = () => {\n  _s();\n\n  const user = useTracker(() => Meteor.user());\n\n  const logout = () => Meteor.logout();\n\n  return /*#__PURE__*/React.createElement(React.Fragment, null, /*#__PURE__*/React.createElement(GlobalStyle, null), user ? /*#__PURE__*/React.createElement(Fragment, null, /*#__PURE__*/React.createElement(Cabecario, {\n    className: \"user\"\n  }, /*#__PURE__*/React.createElement(\"span\", null, user.username), /*#__PURE__*/React.createElement(\"button\", {\n    onClick: logout\n  }, \"  log out  \")), /*#__PURE__*/React.createElement(Manda, null), /*#__PURE__*/React.createElement(\"div\", null, /*#__PURE__*/React.createElement(Task, null))) : /*#__PURE__*/React.createElement(Login, null));\n};\n\n_s(App, \"PVUKFkb6DwZs8dcIQY4kCxLgi64=\", false, function () {\n  return [useTracker];\n});\n\n_c = App;\n\nvar _c;\n\n$RefreshReg$(_c, \"App\");","map":{"version":3,"sources":["imports/ui/App.jsx"],"names":["App","user","useTracker","Meteor","logout"],"mappings":";;;;;;;;;;;;;;;;;;;;;;;;;;;;;;;;;;;;;;;;;;;;;;;;;;;;;;;;;;;AAOO,MAAMA,GAAG,GAAG,MAAM;AAAA,EAAA,EAAA;;AACzB,QAAMC,IAAI,GAAGC,UAAU,CAAC,MAAMC,MAAM,CAApC,IAA8BA,EAAP,CAAvB;;AACA,QAAMC,MAAM,GAAG,MAAMD,MAAM,CAA3B,MAAqBA,EAArB;;AACE,sBAEE,uDACG,oBAAA,WAAA,OADH,EAECF,IAAI,gBACH,oBAAA,QAAA,qBACE,oBAAA,SAAA;AAAW,IAAA,SAAA,EAAX;AAAA,kBAEA,kCAAOA,IAAI,CAAL,QAAN,CAFA,eAGA;AAAQ,IAAA,OAAA,EAAR;AAAA,mBAHA,CADF,eAQF,oBAAA,KAAA,OARE,eAWF,8CAGC,oBAAA,IAAA,OAHD,CAXE,CADG,gBAmBA,oBAnBL,KAmBK,OArBL,CAFF;AAHK,CAAA;;GAAMD,G;UACAE,U;;;KADAF,G","sourcesContent":["import React, { Fragment } from 'react';\nimport { Task} from './Task'\nimport { Manda } from './manda.jsx';\nimport { useTracker } from 'meteor/react-meteor-data';\nimport { Login } from './Login.jsx';\nimport GlobalStyle from '../globalstyles/global';\nimport {Cabecario} from './styles/styleLista.js';\nexport const App = () => {\nconst user = useTracker(() => Meteor.user())\nconst logout = () => Meteor.logout();\n  return(\n   \n    <>\n       <GlobalStyle/>\n    {user ? (\n      <Fragment>\n        <Cabecario className=\"user\" > \n        \n        <span>{user.username}</span>\n        <button onClick={logout}>  log out  </button>\n       \n        </Cabecario>\n    \n    <Manda/>\n    \n    \n    <div>\n      \n     \n     <Task/>\n    \n    </div>\n    </Fragment>\n    ) : (<Login/> )}\n    </>\n    )\n\n};\n"]},"sourceType":"module","hash":"1faebf8f812370accf3b0fcb85c09cdf31ed1b54"}
