{"metadata":{},"options":{"assumptions":{},"compact":false,"sourceMaps":true,"ast":true,"babelrc":false,"configFile":false,"parserOpts":{"sourceType":"module","sourceFileName":"/home/matheuswm/Downloads/teste/imports/ui/styles/styleLogin.js","plugins":["*","flow","jsx","asyncGenerators","bigInt","classPrivateMethods","classPrivateProperties","classProperties","doExpressions","dynamicImport","exportDefaultFrom","exportExtensions","exportNamespaceFrom","functionBind","functionSent","importMeta","nullishCoalescingOperator","numericSeparator","objectRestSpread","optionalCatchBinding","optionalChaining",["pipelineOperator",{"proposal":"minimal"}],"throwExpressions","classProperties","classPrivateProperties","jsx","nullishCoalescingOperator","nullishCoalescingOperator","optionalChaining","optionalCatchBinding","optionalCatchBinding","classProperties","classPrivateProperties","classPrivateMethods","classProperties","classPrivateProperties","asyncGenerators","asyncGenerators","objectRestSpread","objectRestSpread","logicalAssignment"],"allowImportExportEverywhere":true,"allowReturnOutsideFunction":true,"allowUndeclaredExports":true,"strictMode":false},"caller":{"name":"meteor","arch":"web.browser"},"sourceFileName":"imports/ui/styles/styleLogin.js","filename":"/home/matheuswm/Downloads/teste/imports/ui/styles/styleLogin.js","inputSourceMap":{"version":3,"sources":["imports/ui/styles/styleLogin.js"],"names":["styled","Tudo","div","Slogin","Content"],"mappings":"AAAI,OAAOA,MAAP,MAAmB,mBAAnB;AACA,OAAO,MAAMC,IAAI,GAAGD,MAAM,CAACE,GAAI;AACnC;AACA;AACA;AACA;AACA;AACA,KANW;AAOP,OAAO,MAAMC,MAAM,GAAGH,MAAM,CAACE,GAAI;AACrC;AACA;AACA;AACA;AACA;AACA;AACA;AACA,KARW;AASP,OAAO,MAAME,OAAO,GAAGJ,MAAM,CAACE,GAAI;AACtC;AACA;AACA;AACA;AACA;AACA;AACA;AACA;AACA;AACA;AACA;AACA;AACA;AACA;AACA;AACA;AACA;AACA;AACA;AACA;AACA;AACA;AACA;AACA;AACA;AACA;AACA;AACA;AACA;AACA;AACA;AACA;AACA;AACA;AACA;AACA;AACA;AACA;AACA;AACA;AACA;AACA;AACA;AACA;AACA;AACA;AACA;AACA;AACA;AACA;AACA;AACA;AACA;AACA;AACA;AACA;AACA;AACA;AACA,KA3DW","sourcesContent":["    import styled from \"styled-components\";\n    export const Tudo = styled.div`\n        height: 100%;\n        display: flex;\n        justify-content: center;\n        align-items: center;\n        background-color: #a1fff2;\n    `\n    export const Slogin = styled.div` \n        width: 100%;\n        max-width: 25% ;\n        min-width: 415px;\n        margin: 20px;\n        height: 35%;\n        max-height: 400px;\n\n    `\n    export const Content = styled.div`\n    \n        padding-top: 10%;\n        padding-bottom: 10%;\n        border-radius: 50px;\n        width: 100%;\n        background-color: #FFF;\n        height: 100%;\n\n        form{\n            width: 100%;\n            display: flex;\n            justify-content: center;\n            align-items: center;\n            flex-direction: column;\n            font-size: 1vw;\n            height: 100%;\n            \n           \n            \n        }\n        button{\n            text-align: center;\n            padding: 4px;\n            border-radius: 3px;\n            border-color: #af54ff;\n            height: 20%;\n            width: 25%;\n            min-width: 150px\n        }\n        p{width: 75%;\n            margin 3%;\n        }\n        input{\n            text-align: center;\n            width: 100%;\n            height: 100%;\n            \n            border-radius: 10px;\n            border-color: #af54ff;\n            \n        }\n\n    @media only screen and (max-device-width: 4000px ),(min-device-width: 4000px) {\n            form{font-size: 30px}\n            input{font-size: 30px}\n            button{font-size: 30px}\n    }\n    @media only screen and (max-device-width: 3000px) {\n        form{font-size: 25px}\n        input{font-size: 25px}\n        button{font-size: 25px}\n    }\n    @media only screen and (max-device-width: 2500px) {\n        form{\n            font-size: 20px}\n        input{font-size: 20px}\n        button{font-size: 20px}\n    }\n    `"]},"targets":{},"cloneInputAst":true,"browserslistConfigFile":false,"passPerPreset":false,"envName":"development","cwd":"/home/matheuswm/Downloads/teste","root":"/home/matheuswm/Downloads/teste","rootMode":"root","plugins":[{"key":"base$0","visitor":{"_exploded":true,"_verified":true},"options":{}},{"key":"base$0$0","visitor":{"Program":{"enter":[null],"exit":[null]},"_exploded":true,"_verified":true},"options":{"avoidModernSyntax":false,"enforceStrictMode":false,"dynamicImport":true,"generateLetDeclarations":true}},{"key":"transform-runtime","visitor":{"MemberExpression":{"enter":[null]},"ObjectPattern":{"enter":[null]},"BinaryExpression":{"enter":[null]},"_exploded":{},"_verified":{},"Identifier":{"enter":[null]},"JSXIdentifier":{"enter":[null]}},"options":{"version":"7.15.3","helpers":true,"useESModules":false,"corejs":false}},{"key":"proposal-class-properties","visitor":{"PrivateName":{"enter":[null]},"ExportDefaultDeclaration":{"enter":[null]},"_exploded":true,"_verified":true,"ClassExpression":{"enter":[null]},"ClassDeclaration":{"enter":[null]}},"options":{"loose":true}},{"key":"transform-react-jsx","visitor":{"_exploded":{},"_verified":{},"JSXNamespacedName":{"enter":[null]},"JSXSpreadChild":{"enter":[null]},"Program":{"enter":[null]},"JSXElement":{"exit":[null]},"JSXFragment":{"exit":[null]},"JSXAttribute":{"enter":[null]}},"options":{"pragma":"React.createElement","pragmaFrag":"React.Fragment","runtime":"classic","throwIfNamespace":true,"useBuiltIns":false}},{"key":"transform-react-display-name","visitor":{"ExportDefaultDeclaration":{"enter":[null]},"CallExpression":{"enter":[null]},"_exploded":true,"_verified":true},"options":{}},{"key":"transform-react-pure-annotations","visitor":{"CallExpression":{"enter":[null]},"_exploded":true,"_verified":true},"options":{}},{"key":"syntax-nullish-coalescing-operator","visitor":{"_exploded":true,"_verified":true},"options":{}},{"key":"proposal-nullish-coalescing-operator","visitor":{"_exploded":{},"_verified":{},"LogicalExpression":{"enter":[null]}},"options":{}},{"key":"syntax-optional-chaining","visitor":{"_exploded":true,"_verified":true},"options":{}},{"key":"proposal-optional-chaining","visitor":{"_exploded":true,"OptionalCallExpression":{"enter":[null]},"OptionalMemberExpression":{"enter":[null]},"_verified":true},"options":{}},{"key":"syntax-optional-catch-binding","visitor":{"_exploded":true,"_verified":true},"options":{}},{"key":"proposal-optional-catch-binding","visitor":{"_exploded":{},"_verified":{},"CatchClause":{"enter":[null]}},"options":{}},{"key":"syntax-class-properties","visitor":{"_exploded":true,"_verified":true},"options":{}},{"key":"proposal-class-properties","visitor":{"PrivateName":{"enter":[null]},"ExportDefaultDeclaration":{"enter":[null]},"_exploded":true,"_verified":true,"ClassExpression":{"enter":[null]},"ClassDeclaration":{"enter":[null]}},"options":{}},{"key":"syntax-async-generators","visitor":{"_exploded":true,"_verified":true},"options":{}},{"key":"proposal-async-generator-functions","visitor":{"_exploded":{},"_verified":{},"Program":{"enter":[null]}},"options":{}},{"key":"syntax-object-rest-spread","visitor":{"_exploded":true,"_verified":true},"options":{}},{"key":"proposal-object-rest-spread","visitor":{"_exploded":{},"_verified":{},"VariableDeclarator":{"enter":[null]},"ExportNamedDeclaration":{"enter":[null]},"CatchClause":{"enter":[null]},"AssignmentExpression":{"enter":[null]},"ArrayPattern":{"enter":[null]},"ObjectExpression":{"enter":[null]},"FunctionDeclaration":{"enter":[null]},"FunctionExpression":{"enter":[null]},"ObjectMethod":{"enter":[null]},"ArrowFunctionExpression":{"enter":[null]},"ClassMethod":{"enter":[null]},"ClassPrivateMethod":{"enter":[null]},"ForInStatement":{"enter":[null]},"ForOfStatement":{"enter":[null]}},"options":{}},{"key":"proposal-logical-assignment-operators","visitor":{"_exploded":{},"_verified":{},"AssignmentExpression":{"enter":[null]}},"options":{}},{"key":"transform-literals","visitor":{"NumericLiteral":{"enter":[null]},"StringLiteral":{"enter":[null]},"_exploded":true,"_verified":true},"options":{}},{"key":"transform-template-literals","visitor":{"TaggedTemplateExpression":{"enter":[null]},"TemplateLiteral":{"enter":[null]},"_exploded":true,"_verified":true},"options":{}},{"key":"transform-parameters","visitor":{"_exploded":true,"_verified":true,"FunctionDeclaration":{"enter":[null]},"FunctionExpression":{"enter":[null]},"ObjectMethod":{"enter":[null]},"ArrowFunctionExpression":{"enter":[null]},"ClassMethod":{"enter":[null]},"ClassPrivateMethod":{"enter":[null]}},"options":{}},{"key":"transform-exponentiation-operator","visitor":{"AssignmentExpression":{"enter":[null]},"BinaryExpression":{"enter":[null]},"_exploded":true,"_verified":true},"options":{}}],"presets":[],"generatorOpts":{"filename":"/home/matheuswm/Downloads/teste/imports/ui/styles/styleLogin.js","comments":true,"compact":false,"sourceMaps":true,"sourceFileName":"imports/ui/styles/styleLogin.js"}},"code":"var _templateObject, _templateObject2, _templateObject3;\n\nlet _taggedTemplateLiteral;\n\nmodule.link(\"@babel/runtime/helpers/taggedTemplateLiteral\", {\n  default(v) {\n    _taggedTemplateLiteral = v;\n  }\n\n}, 0);\nmodule.export({\n  Tudo: () => Tudo,\n  Slogin: () => Slogin,\n  Content: () => Content\n});\nlet styled;\nmodule.link(\"styled-components\", {\n  default(v) {\n    styled = v;\n  }\n\n}, 0);\nconst Tudo = styled.div(_templateObject || (_templateObject = _taggedTemplateLiteral([\"\\n        height: 100%;\\n        display: flex;\\n        justify-content: center;\\n        align-items: center;\\n        background-color: #a1fff2;\\n    \"])));\nconst Slogin = styled.div(_templateObject2 || (_templateObject2 = _taggedTemplateLiteral([\" \\n        width: 100%;\\n        max-width: 25% ;\\n        min-width: 415px;\\n        margin: 20px;\\n        height: 35%;\\n        max-height: 400px;\\n\\n    \"])));\nconst Content = styled.div(_templateObject3 || (_templateObject3 = _taggedTemplateLiteral([\"\\n    \\n        padding-top: 10%;\\n        padding-bottom: 10%;\\n        border-radius: 50px;\\n        width: 100%;\\n        background-color: #FFF;\\n        height: 100%;\\n\\n        form{\\n            width: 100%;\\n            display: flex;\\n            justify-content: center;\\n            align-items: center;\\n            flex-direction: column;\\n            font-size: 1vw;\\n            height: 100%;\\n            \\n           \\n            \\n        }\\n        button{\\n            text-align: center;\\n            padding: 4px;\\n            border-radius: 3px;\\n            border-color: #af54ff;\\n            height: 20%;\\n            width: 25%;\\n            min-width: 150px\\n        }\\n        p{width: 75%;\\n            margin 3%;\\n        }\\n        input{\\n            text-align: center;\\n            width: 100%;\\n            height: 100%;\\n            \\n            border-radius: 10px;\\n            border-color: #af54ff;\\n            \\n        }\\n\\n    @media only screen and (max-device-width: 4000px ),(min-device-width: 4000px) {\\n            form{font-size: 30px}\\n            input{font-size: 30px}\\n            button{font-size: 30px}\\n    }\\n    @media only screen and (max-device-width: 3000px) {\\n        form{font-size: 25px}\\n        input{font-size: 25px}\\n        button{font-size: 25px}\\n    }\\n    @media only screen and (max-device-width: 2500px) {\\n        form{\\n            font-size: 20px}\\n        input{font-size: 20px}\\n        button{font-size: 20px}\\n    }\\n    \"])));","map":{"version":3,"sources":["imports/ui/styles/styleLogin.js"],"names":["Tudo","styled","div","Slogin","Content"],"mappings":";;AAAI,IAAA,sBAAA;;AAAmB,MAAA,CAAA,IAAA,CAAnB,8CAAmB,EAAnB;AAAA,EAAA,OAAA,CAAA,CAAA,EAAA;AAAA,IAAA,sBAAA,GAAA,CAAA;AAAA;;AAAA,CAAmB,EAAnB,CAAmB;AAAnB,MAAA,CAAA,MAAA,CAAA;AAAA,EAAA,IAAmB,EAAA,MAAA,IAAnB;AAAmB,EAAA,MAAA,EAAnB,MAAA,MAAA;AAAA,EAAA,OAAA,EAAA,MAAA;AAAA,CAAA;AAAA,IAAA,MAAA;AAAA,MAAA,CAAA,IAAA,CAAA,mBAAA,EAAA;AAAA,EAAA,OAAA,CAAA,CAAA,EAAA;AAAA,IAAA,MAAA,GAAA,CAAA;AAAA;;AAAA,CAAA,EAAA,CAAA;AACO,MAAMA,IAAI,GAAGC,MAAM,CAACC,GAAV,8NAAV;AAOA,MAAMC,MAAM,GAAGF,MAAM,CAACC,GAAV,oOAAZ;AASA,MAAME,OAAO,GAAGH,MAAM,CAACC,GAAV,2iDAAb","sourcesContent":["    import styled from \"styled-components\";\n    export const Tudo = styled.div`\n        height: 100%;\n        display: flex;\n        justify-content: center;\n        align-items: center;\n        background-color: #a1fff2;\n    `\n    export const Slogin = styled.div` \n        width: 100%;\n        max-width: 25% ;\n        min-width: 415px;\n        margin: 20px;\n        height: 35%;\n        max-height: 400px;\n\n    `\n    export const Content = styled.div`\n    \n        padding-top: 10%;\n        padding-bottom: 10%;\n        border-radius: 50px;\n        width: 100%;\n        background-color: #FFF;\n        height: 100%;\n\n        form{\n            width: 100%;\n            display: flex;\n            justify-content: center;\n            align-items: center;\n            flex-direction: column;\n            font-size: 1vw;\n            height: 100%;\n            \n           \n            \n        }\n        button{\n            text-align: center;\n            padding: 4px;\n            border-radius: 3px;\n            border-color: #af54ff;\n            height: 20%;\n            width: 25%;\n            min-width: 150px\n        }\n        p{width: 75%;\n            margin 3%;\n        }\n        input{\n            text-align: center;\n            width: 100%;\n            height: 100%;\n            \n            border-radius: 10px;\n            border-color: #af54ff;\n            \n        }\n\n    @media only screen and (max-device-width: 4000px ),(min-device-width: 4000px) {\n            form{font-size: 30px}\n            input{font-size: 30px}\n            button{font-size: 30px}\n    }\n    @media only screen and (max-device-width: 3000px) {\n        form{font-size: 25px}\n        input{font-size: 25px}\n        button{font-size: 25px}\n    }\n    @media only screen and (max-device-width: 2500px) {\n        form{\n            font-size: 20px}\n        input{font-size: 20px}\n        button{font-size: 20px}\n    }\n    `"]},"sourceType":"module","hash":"248d3fad010b2b5de620192ca155afe13fc7f787"}
