{"metadata":{},"options":{"assumptions":{},"compact":false,"sourceMaps":true,"ast":true,"babelrc":false,"configFile":false,"parserOpts":{"sourceType":"module","sourceFileName":"/home/matheuswm/Downloads/teste/imports/ui/estado.jsx","plugins":["*","flow","jsx","asyncGenerators","bigInt","classPrivateMethods","classPrivateProperties","classProperties","doExpressions","dynamicImport","exportDefaultFrom","exportExtensions","exportNamespaceFrom","functionBind","functionSent","importMeta","nullishCoalescingOperator","numericSeparator","objectRestSpread","optionalCatchBinding","optionalChaining",["pipelineOperator",{"proposal":"minimal"}],"throwExpressions","classProperties","classPrivateProperties","jsx","nullishCoalescingOperator","nullishCoalescingOperator","optionalChaining","optionalCatchBinding","optionalCatchBinding","classProperties","classPrivateProperties","classPrivateMethods","classProperties","classPrivateProperties","asyncGenerators","asyncGenerators","objectRestSpread","objectRestSpread","logicalAssignment"],"allowImportExportEverywhere":true,"allowReturnOutsideFunction":true,"allowUndeclaredExports":true,"strictMode":false},"caller":{"name":"meteor","arch":"web.browser"},"sourceFileName":"imports/ui/estado.jsx","filename":"/home/matheuswm/Downloads/teste/imports/ui/estado.jsx","inputSourceMap":{"version":3,"sources":["imports/ui/estado.jsx"],"names":["React","Estado","estado","task","mudaEstado"],"mappings":"AAAA,OAAOA,KAAP,MAAkB,OAAlB;AAIA,OAAO,MAAMC,MAAM,GAAI,CAAC;AAACC,EAAAA,MAAD;AAASC,EAAAA,IAAT;AAAcC,EAAAA;AAAd,CAAD,KAA8B;AAEjD,SAAQ,EAAE;AACd;AACA,IAAI,CAAC,KAAD,CACA,UAAU,KADV,CAEA,KAAK,UAFL,CAGA,QAAQ,CAACF,MAAD,CAHR,CAIA,SAAS,CAAC,MAAME,UAAU,CAACD,IAAD,CAAjB,CAJT;AAKJ,IAAI,GAPA;AASH,CAXM;KAAMF,M","sourcesContent":["import React from 'react'\n\n\n\nexport const Estado  = ({estado, task,mudaEstado}) =>{\n\n    return (<>  \n   \n    <input\n    className=\"vai\"\n    type=\"checkbox\"\n    checked={estado}\n    onChange={() => mudaEstado(task)}/>\n    </>)\n  \n}\n    \n"]},"targets":{},"cloneInputAst":true,"browserslistConfigFile":false,"passPerPreset":false,"envName":"development","cwd":"/home/matheuswm/Downloads/teste","root":"/home/matheuswm/Downloads/teste","rootMode":"root","plugins":[{"key":"base$0","visitor":{"_exploded":true,"_verified":true},"options":{}},{"key":"base$0$0","visitor":{"Program":{"enter":[null],"exit":[null]},"_exploded":true,"_verified":true},"options":{"avoidModernSyntax":false,"enforceStrictMode":false,"dynamicImport":true,"generateLetDeclarations":true}},{"key":"transform-runtime","visitor":{"MemberExpression":{"enter":[null]},"ObjectPattern":{"enter":[null]},"BinaryExpression":{"enter":[null]},"_exploded":{},"_verified":{},"Identifier":{"enter":[null]},"JSXIdentifier":{"enter":[null]}},"options":{"version":"7.15.3","helpers":true,"useESModules":false,"corejs":false}},{"key":"proposal-class-properties","visitor":{"PrivateName":{"enter":[null]},"ExportDefaultDeclaration":{"enter":[null]},"_exploded":true,"_verified":true,"ClassExpression":{"enter":[null]},"ClassDeclaration":{"enter":[null]}},"options":{"loose":true}},{"key":"transform-react-jsx","visitor":{"_exploded":{},"_verified":{},"JSXNamespacedName":{"enter":[null]},"JSXSpreadChild":{"enter":[null]},"Program":{"enter":[null]},"JSXElement":{"exit":[null]},"JSXFragment":{"exit":[null]},"JSXAttribute":{"enter":[null]}},"options":{"pragma":"React.createElement","pragmaFrag":"React.Fragment","runtime":"classic","throwIfNamespace":true,"useBuiltIns":false}},{"key":"transform-react-display-name","visitor":{"ExportDefaultDeclaration":{"enter":[null]},"CallExpression":{"enter":[null]},"_exploded":true,"_verified":true},"options":{}},{"key":"transform-react-pure-annotations","visitor":{"CallExpression":{"enter":[null]},"_exploded":true,"_verified":true},"options":{}},{"key":"syntax-nullish-coalescing-operator","visitor":{"_exploded":true,"_verified":true},"options":{}},{"key":"proposal-nullish-coalescing-operator","visitor":{"_exploded":{},"_verified":{},"LogicalExpression":{"enter":[null]}},"options":{}},{"key":"syntax-optional-chaining","visitor":{"_exploded":true,"_verified":true},"options":{}},{"key":"proposal-optional-chaining","visitor":{"_exploded":true,"OptionalCallExpression":{"enter":[null]},"OptionalMemberExpression":{"enter":[null]},"_verified":true},"options":{}},{"key":"syntax-optional-catch-binding","visitor":{"_exploded":true,"_verified":true},"options":{}},{"key":"proposal-optional-catch-binding","visitor":{"_exploded":{},"_verified":{},"CatchClause":{"enter":[null]}},"options":{}},{"key":"syntax-class-properties","visitor":{"_exploded":true,"_verified":true},"options":{}},{"key":"proposal-class-properties","visitor":{"PrivateName":{"enter":[null]},"ExportDefaultDeclaration":{"enter":[null]},"_exploded":true,"_verified":true,"ClassExpression":{"enter":[null]},"ClassDeclaration":{"enter":[null]}},"options":{}},{"key":"syntax-async-generators","visitor":{"_exploded":true,"_verified":true},"options":{}},{"key":"proposal-async-generator-functions","visitor":{"_exploded":{},"_verified":{},"Program":{"enter":[null]}},"options":{}},{"key":"syntax-object-rest-spread","visitor":{"_exploded":true,"_verified":true},"options":{}},{"key":"proposal-object-rest-spread","visitor":{"_exploded":{},"_verified":{},"VariableDeclarator":{"enter":[null]},"ExportNamedDeclaration":{"enter":[null]},"CatchClause":{"enter":[null]},"AssignmentExpression":{"enter":[null]},"ArrayPattern":{"enter":[null]},"ObjectExpression":{"enter":[null]},"FunctionDeclaration":{"enter":[null]},"FunctionExpression":{"enter":[null]},"ObjectMethod":{"enter":[null]},"ArrowFunctionExpression":{"enter":[null]},"ClassMethod":{"enter":[null]},"ClassPrivateMethod":{"enter":[null]},"ForInStatement":{"enter":[null]},"ForOfStatement":{"enter":[null]}},"options":{}},{"key":"proposal-logical-assignment-operators","visitor":{"_exploded":{},"_verified":{},"AssignmentExpression":{"enter":[null]}},"options":{}},{"key":"transform-literals","visitor":{"NumericLiteral":{"enter":[null]},"StringLiteral":{"enter":[null]},"_exploded":true,"_verified":true},"options":{}},{"key":"transform-template-literals","visitor":{"TaggedTemplateExpression":{"enter":[null]},"TemplateLiteral":{"enter":[null]},"_exploded":true,"_verified":true},"options":{}},{"key":"transform-parameters","visitor":{"_exploded":true,"_verified":true,"FunctionDeclaration":{"enter":[null]},"FunctionExpression":{"enter":[null]},"ObjectMethod":{"enter":[null]},"ArrowFunctionExpression":{"enter":[null]},"ClassMethod":{"enter":[null]},"ClassPrivateMethod":{"enter":[null]}},"options":{}},{"key":"transform-exponentiation-operator","visitor":{"AssignmentExpression":{"enter":[null]},"BinaryExpression":{"enter":[null]},"_exploded":true,"_verified":true},"options":{}}],"presets":[],"generatorOpts":{"filename":"/home/matheuswm/Downloads/teste/imports/ui/estado.jsx","comments":true,"compact":false,"sourceMaps":true,"sourceFileName":"imports/ui/estado.jsx"}},"code":"module.export({\n  Estado: () => Estado\n});\nlet React;\nmodule.link(\"react\", {\n  default(v) {\n    React = v;\n  }\n\n}, 0);\n\nconst Estado = _ref => {\n  let {\n    estado,\n    task,\n    mudaEstado\n  } = _ref;\n  return /*#__PURE__*/React.createElement(React.Fragment, null, /*#__PURE__*/React.createElement(\"input\", {\n    className: \"vai\",\n    type: \"checkbox\",\n    checked: estado,\n    onChange: () => mudaEstado(task)\n  }));\n};\n\n_c = Estado;\n\nvar _c;\n\n$RefreshReg$(_c, \"Estado\");","map":{"version":3,"sources":["imports/ui/estado.jsx"],"names":["Estado","mudaEstado"],"mappings":"AAAA,MAAA,CAAA,MAAA,CAAA;AAAA,EAAA,MAAkB,EAAlB,MAAA;AAAA,CAAA;AAAA,IAAA,KAAA;AAAA,MAAA,CAAA,IAAA,CAAA,OAAA,EAAA;AAAA,EAAA,OAAA,CAAA,CAAA,EAAA;AAAA,IAAA,KAAA,GAAA,CAAA;AAAA;;AAAA,CAAA,EAAA,CAAA;;AAIO,MAAMA,MAAM,GAAI,QAA8B;AAAA,MAA7B;AAAA,IAAA,MAAA;AAAA,IAAA,IAAA;AAAcC,IAAAA;AAAd,GAA6B;AAEjD,sBAAQ,uDAER;AACA,IAAA,SAAA,EADA,KAAA;AAEA,IAAA,IAAA,EAFA,UAAA;AAGA,IAAA,OAAA,EAHA,MAAA;AAIA,IAAA,QAAA,EAAU,MAAMA,UAAU,CAJ1B,IAI0B;AAJ1B,IAFQ,CAAR;AAFG,CAAA;;KAAMD,M","sourcesContent":["import React from 'react'\n\n\n\nexport const Estado  = ({estado, task,mudaEstado}) =>{\n\n    return (<>  \n   \n    <input\n    className=\"vai\"\n    type=\"checkbox\"\n    checked={estado}\n    onChange={() => mudaEstado(task)}/>\n    </>)\n  \n}\n    \n"]},"sourceType":"module","hash":"3ad4f23fe5d667bddde42995171e37e5f60d984f"}
