{"metadata":{},"options":{"assumptions":{},"compact":false,"sourceMaps":true,"ast":true,"babelrc":false,"configFile":false,"parserOpts":{"sourceType":"module","sourceFileName":"/home/matheuswm/Downloads/teste/packages/random/AbstractRandomGenerator.js","plugins":["*","flow","jsx","asyncGenerators","bigInt","classPrivateMethods","classPrivateProperties","classProperties","doExpressions","dynamicImport","exportDefaultFrom","exportExtensions","exportNamespaceFrom","functionBind","functionSent","importMeta","nullishCoalescingOperator","numericSeparator","objectRestSpread","optionalCatchBinding","optionalChaining",["pipelineOperator",{"proposal":"minimal"}],"throwExpressions","classProperties","classPrivateProperties","jsx","nullishCoalescingOperator","nullishCoalescingOperator","optionalChaining","optionalCatchBinding","optionalCatchBinding","classProperties","classPrivateProperties","classPrivateMethods","classProperties","classPrivateProperties","asyncGenerators","asyncGenerators","objectRestSpread","objectRestSpread","logicalAssignment"],"allowImportExportEverywhere":true,"allowReturnOutsideFunction":true,"allowUndeclaredExports":true,"strictMode":false},"caller":{"name":"meteor","arch":"web.browser"},"sourceFileName":"packages/random/AbstractRandomGenerator.js","filename":"/home/matheuswm/Downloads/teste/packages/random/AbstractRandomGenerator.js","targets":{},"cloneInputAst":true,"browserslistConfigFile":false,"passPerPreset":false,"envName":"development","cwd":"/home/matheuswm/Downloads/teste","root":"/home/matheuswm/Downloads/teste","rootMode":"root","plugins":[{"key":"base$0","visitor":{"_exploded":true,"_verified":true},"options":{}},{"key":"base$0$0","visitor":{"Program":{"enter":[null],"exit":[null]},"_exploded":true,"_verified":true},"options":{"avoidModernSyntax":false,"enforceStrictMode":false,"dynamicImport":true,"generateLetDeclarations":true}},{"key":"transform-runtime","visitor":{"MemberExpression":{"enter":[null]},"ObjectPattern":{"enter":[null]},"BinaryExpression":{"enter":[null]},"_exploded":{},"_verified":{},"Identifier":{"enter":[null]},"JSXIdentifier":{"enter":[null]}},"options":{"version":"7.15.3","helpers":true,"useESModules":false,"corejs":false}},{"key":"proposal-class-properties","visitor":{"PrivateName":{"enter":[null]},"ExportDefaultDeclaration":{"enter":[null]},"_exploded":true,"_verified":true,"ClassExpression":{"enter":[null]},"ClassDeclaration":{"enter":[null]}},"options":{"loose":true}},{"key":"transform-react-jsx","visitor":{"_exploded":{},"_verified":{},"JSXNamespacedName":{"enter":[null]},"JSXSpreadChild":{"enter":[null]},"Program":{"enter":[null]},"JSXElement":{"exit":[null]},"JSXFragment":{"exit":[null]},"JSXAttribute":{"enter":[null]}},"options":{"pragma":"React.createElement","pragmaFrag":"React.Fragment","runtime":"classic","throwIfNamespace":true,"useBuiltIns":false}},{"key":"transform-react-display-name","visitor":{"ExportDefaultDeclaration":{"enter":[null]},"CallExpression":{"enter":[null]},"_exploded":true,"_verified":true},"options":{}},{"key":"transform-react-pure-annotations","visitor":{"CallExpression":{"enter":[null]},"_exploded":true,"_verified":true},"options":{}},{"key":"syntax-nullish-coalescing-operator","visitor":{"_exploded":true,"_verified":true},"options":{}},{"key":"proposal-nullish-coalescing-operator","visitor":{"_exploded":{},"_verified":{},"LogicalExpression":{"enter":[null]}},"options":{}},{"key":"syntax-optional-chaining","visitor":{"_exploded":true,"_verified":true},"options":{}},{"key":"proposal-optional-chaining","visitor":{"_exploded":true,"OptionalCallExpression":{"enter":[null]},"OptionalMemberExpression":{"enter":[null]},"_verified":true},"options":{}},{"key":"syntax-optional-catch-binding","visitor":{"_exploded":true,"_verified":true},"options":{}},{"key":"proposal-optional-catch-binding","visitor":{"_exploded":{},"_verified":{},"CatchClause":{"enter":[null]}},"options":{}},{"key":"syntax-class-properties","visitor":{"_exploded":true,"_verified":true},"options":{}},{"key":"proposal-class-properties","visitor":{"PrivateName":{"enter":[null]},"ExportDefaultDeclaration":{"enter":[null]},"_exploded":true,"_verified":true,"ClassExpression":{"enter":[null]},"ClassDeclaration":{"enter":[null]}},"options":{}},{"key":"syntax-async-generators","visitor":{"_exploded":true,"_verified":true},"options":{}},{"key":"proposal-async-generator-functions","visitor":{"_exploded":{},"_verified":{},"Program":{"enter":[null]}},"options":{}},{"key":"syntax-object-rest-spread","visitor":{"_exploded":true,"_verified":true},"options":{}},{"key":"proposal-object-rest-spread","visitor":{"_exploded":{},"_verified":{},"VariableDeclarator":{"enter":[null]},"ExportNamedDeclaration":{"enter":[null]},"CatchClause":{"enter":[null]},"AssignmentExpression":{"enter":[null]},"ArrayPattern":{"enter":[null]},"ObjectExpression":{"enter":[null]},"FunctionDeclaration":{"enter":[null]},"FunctionExpression":{"enter":[null]},"ObjectMethod":{"enter":[null]},"ArrowFunctionExpression":{"enter":[null]},"ClassMethod":{"enter":[null]},"ClassPrivateMethod":{"enter":[null]},"ForInStatement":{"enter":[null]},"ForOfStatement":{"enter":[null]}},"options":{}},{"key":"proposal-logical-assignment-operators","visitor":{"_exploded":{},"_verified":{},"AssignmentExpression":{"enter":[null]}},"options":{}},{"key":"transform-literals","visitor":{"NumericLiteral":{"enter":[null]},"StringLiteral":{"enter":[null]},"_exploded":true,"_verified":true},"options":{}},{"key":"transform-template-literals","visitor":{"TaggedTemplateExpression":{"enter":[null]},"TemplateLiteral":{"enter":[null]},"_exploded":true,"_verified":true},"options":{}},{"key":"transform-parameters","visitor":{"_exploded":true,"_verified":true,"FunctionDeclaration":{"enter":[null]},"FunctionExpression":{"enter":[null]},"ObjectMethod":{"enter":[null]},"ArrowFunctionExpression":{"enter":[null]},"ClassMethod":{"enter":[null]},"ClassPrivateMethod":{"enter":[null]}},"options":{}},{"key":"transform-exponentiation-operator","visitor":{"AssignmentExpression":{"enter":[null]},"BinaryExpression":{"enter":[null]},"_exploded":true,"_verified":true},"options":{}}],"presets":[],"generatorOpts":{"filename":"/home/matheuswm/Downloads/teste/packages/random/AbstractRandomGenerator.js","comments":true,"compact":false,"sourceMaps":true,"sourceFileName":"packages/random/AbstractRandomGenerator.js"}},"code":"module.export({\n  default: () => RandomGenerator\n});\nlet Meteor;\nmodule.link(\"meteor/meteor\", {\n  Meteor(v) {\n    Meteor = v;\n  }\n\n}, 0);\nconst UNMISTAKABLE_CHARS = '23456789ABCDEFGHJKLMNPQRSTWXYZabcdefghijkmnopqrstuvwxyz';\nconst BASE64_CHARS = 'abcdefghijklmnopqrstuvwxyzABCDEFGHIJKLMNOPQRSTUVWXYZ' + '0123456789-_'; // `type` is one of `RandomGenerator.Type` as defined below.\n//\n// options:\n// - seeds: (required, only for RandomGenerator.Type.ALEA) an array\n//   whose items will be `toString`ed and used as the seed to the Alea\n//   algorithm\n\nclass RandomGenerator {\n  /**\n   * @name Random.fraction\n   * @summary Return a number between 0 and 1, like `Math.random`.\n   * @locus Anywhere\n   */\n  fraction() {\n    throw new Error(\"Unknown random generator type\");\n  }\n  /**\n   * @name Random.hexString\n   * @summary Return a random string of `n` hexadecimal digits.\n   * @locus Anywhere\n   * @param {Number} n Length of the string\n   */\n\n\n  hexString(digits) {\n    return this._randomString(digits, '0123456789abcdef');\n  }\n\n  _randomString(charsCount, alphabet) {\n    let result = '';\n\n    for (let i = 0; i < charsCount; i++) {\n      result += this.choice(alphabet);\n    }\n\n    return result;\n  }\n  /**\n   * @name Random.id\n   * @summary Return a unique identifier, such as `\"Jjwjg6gouWLXhMGKW\"`, that is\n   * likely to be unique in the whole world.\n   * @locus Anywhere\n   * @param {Number} [n] Optional length of the identifier in characters\n   *   (defaults to 17)\n   */\n\n\n  id(charsCount) {\n    // 17 characters is around 96 bits of entropy, which is the amount of\n    // state in the Alea PRNG.\n    if (charsCount === undefined) {\n      charsCount = 17;\n    }\n\n    return this._randomString(charsCount, UNMISTAKABLE_CHARS);\n  }\n  /**\n   * @name Random.secret\n   * @summary Return a random string of printable characters with 6 bits of\n   * entropy per character. Use `Random.secret` for security-critical secrets\n   * that are intended for machine, rather than human, consumption.\n   * @locus Anywhere\n   * @param {Number} [n] Optional length of the secret string (defaults to 43\n   *   characters, or 256 bits of entropy)\n   */\n\n\n  secret(charsCount) {\n    // Default to 256 bits of entropy, or 43 characters at 6 bits per\n    // character.\n    if (charsCount === undefined) {\n      charsCount = 43;\n    }\n\n    return this._randomString(charsCount, BASE64_CHARS);\n  }\n  /**\n   * @name Random.choice\n   * @summary Return a random element of the given array or string.\n   * @locus Anywhere\n   * @param {Array|String} arrayOrString Array or string to choose from\n   */\n\n\n  choice(arrayOrString) {\n    const index = Math.floor(this.fraction() * arrayOrString.length);\n\n    if (typeof arrayOrString === 'string') {\n      return arrayOrString.substr(index, 1);\n    }\n\n    return arrayOrString[index];\n  }\n\n}","map":{"version":3,"sources":["packages/random/AbstractRandomGenerator.js"],"names":["module","export","default","RandomGenerator","Meteor","link","v","UNMISTAKABLE_CHARS","BASE64_CHARS","fraction","Error","hexString","digits","_randomString","charsCount","alphabet","result","i","choice","id","undefined","secret","arrayOrString","index","Math","floor","length","substr"],"mappings":"AAAAA,MAAM,CAACC,MAAP,CAAc;AAACC,EAAAA,OAAO,EAAC,MAAIC;AAAb,CAAd;AAA6C,IAAIC,MAAJ;AAAWJ,MAAM,CAACK,IAAP,CAAY,eAAZ,EAA4B;AAACD,EAAAA,MAAM,CAACE,CAAD,EAAG;AAACF,IAAAA,MAAM,GAACE,CAAP;AAAS;;AAApB,CAA5B,EAAkD,CAAlD;AAWxD,MAAMC,kBAAkB,GAAG,yDAA3B;AACA,MAAMC,YAAY,GAAG,yDACnB,cADF,C,CAGA;AACA;AACA;AACA;AACA;AACA;;AACe,MAAML,eAAN,CAAsB;AAEnC;AACF;AACA;AACA;AACA;AACEM,EAAAA,QAAQ,GAAI;AACV,UAAM,IAAIC,KAAJ,iCAAN;AACD;AAED;AACF;AACA;AACA;AACA;AACA;;;AACEC,EAAAA,SAAS,CAAEC,MAAF,EAAU;AACjB,WAAO,KAAKC,aAAL,CAAmBD,MAAnB,EAA2B,kBAA3B,CAAP;AACD;;AAEDC,EAAAA,aAAa,CAAEC,UAAF,EAAcC,QAAd,EAAwB;AACnC,QAAIC,MAAM,GAAG,EAAb;;AACA,SAAK,IAAIC,CAAC,GAAG,CAAb,EAAgBA,CAAC,GAAGH,UAApB,EAAgCG,CAAC,EAAjC,EAAqC;AACnCD,MAAAA,MAAM,IAAI,KAAKE,MAAL,CAAYH,QAAZ,CAAV;AACD;;AACD,WAAOC,MAAP;AACD;AAED;AACF;AACA;AACA;AACA;AACA;AACA;AACA;;;AACEG,EAAAA,EAAE,CAAEL,UAAF,EAAc;AACd;AACA;AACA,QAAIA,UAAU,KAAKM,SAAnB,EAA8B;AAC5BN,MAAAA,UAAU,GAAG,EAAb;AACD;;AAED,WAAO,KAAKD,aAAL,CAAmBC,UAAnB,EAA+BP,kBAA/B,CAAP;AACD;AAED;AACF;AACA;AACA;AACA;AACA;AACA;AACA;AACA;;;AACEc,EAAAA,MAAM,CAAEP,UAAF,EAAc;AAClB;AACA;AACA,QAAIA,UAAU,KAAKM,SAAnB,EAA8B;AAC5BN,MAAAA,UAAU,GAAG,EAAb;AACD;;AAED,WAAO,KAAKD,aAAL,CAAmBC,UAAnB,EAA+BN,YAA/B,CAAP;AACD;AAED;AACF;AACA;AACA;AACA;AACA;;;AACEU,EAAAA,MAAM,CAAEI,aAAF,EAAiB;AACrB,UAAMC,KAAK,GAAGC,IAAI,CAACC,KAAL,CAAW,KAAKhB,QAAL,KAAkBa,aAAa,CAACI,MAA3C,CAAd;;AACA,QAAI,OAAOJ,aAAP,KAAyB,QAA7B,EAAuC;AACrC,aAAOA,aAAa,CAACK,MAAd,CAAqBJ,KAArB,EAA4B,CAA5B,CAAP;AACD;;AACD,WAAOD,aAAa,CAACC,KAAD,CAApB;AACD;;AA9EkC","sourcesContent":["// We use cryptographically strong PRNGs (crypto.getRandomBytes() on the server,\n// window.crypto.getRandomValues() in the browser) when available. If these\n// PRNGs fail, we fall back to the Alea PRNG, which is not cryptographically\n// strong, and we seed it with various sources such as the date, Math.random,\n// and window size on the client.  When using crypto.getRandomValues(), our\n// primitive is hexString(), from which we construct fraction(). When using\n// window.crypto.getRandomValues() or alea, the primitive is fraction and we use\n// that to construct hex string.\n\nimport { Meteor } from 'meteor/meteor';\n\nconst UNMISTAKABLE_CHARS = '23456789ABCDEFGHJKLMNPQRSTWXYZabcdefghijkmnopqrstuvwxyz';\nconst BASE64_CHARS = 'abcdefghijklmnopqrstuvwxyzABCDEFGHIJKLMNOPQRSTUVWXYZ' +\n  '0123456789-_';\n\n// `type` is one of `RandomGenerator.Type` as defined below.\n//\n// options:\n// - seeds: (required, only for RandomGenerator.Type.ALEA) an array\n//   whose items will be `toString`ed and used as the seed to the Alea\n//   algorithm\nexport default class RandomGenerator {\n\n  /**\n   * @name Random.fraction\n   * @summary Return a number between 0 and 1, like `Math.random`.\n   * @locus Anywhere\n   */\n  fraction () {\n    throw new Error(`Unknown random generator type`);\n  }\n\n  /**\n   * @name Random.hexString\n   * @summary Return a random string of `n` hexadecimal digits.\n   * @locus Anywhere\n   * @param {Number} n Length of the string\n   */\n  hexString (digits) {\n    return this._randomString(digits, '0123456789abcdef');\n  }\n\n  _randomString (charsCount, alphabet) {\n    let result = '';\n    for (let i = 0; i < charsCount; i++) {\t\n      result += this.choice(alphabet);\n    }\n    return result;\n  }\n\n  /**\n   * @name Random.id\n   * @summary Return a unique identifier, such as `\"Jjwjg6gouWLXhMGKW\"`, that is\n   * likely to be unique in the whole world.\n   * @locus Anywhere\n   * @param {Number} [n] Optional length of the identifier in characters\n   *   (defaults to 17)\n   */\n  id (charsCount) {\n    // 17 characters is around 96 bits of entropy, which is the amount of\n    // state in the Alea PRNG.\n    if (charsCount === undefined) {\n      charsCount = 17;\n    }\n\n    return this._randomString(charsCount, UNMISTAKABLE_CHARS);\n  }\n\n  /**\n   * @name Random.secret\n   * @summary Return a random string of printable characters with 6 bits of\n   * entropy per character. Use `Random.secret` for security-critical secrets\n   * that are intended for machine, rather than human, consumption.\n   * @locus Anywhere\n   * @param {Number} [n] Optional length of the secret string (defaults to 43\n   *   characters, or 256 bits of entropy)\n   */\n  secret (charsCount) {\n    // Default to 256 bits of entropy, or 43 characters at 6 bits per\n    // character.\n    if (charsCount === undefined) {\n      charsCount = 43;\n    }\n\n    return this._randomString(charsCount, BASE64_CHARS);\n  }\n\n  /**\n   * @name Random.choice\n   * @summary Return a random element of the given array or string.\n   * @locus Anywhere\n   * @param {Array|String} arrayOrString Array or string to choose from\n   */\n  choice (arrayOrString) {\n    const index = Math.floor(this.fraction() * arrayOrString.length);\n    if (typeof arrayOrString === 'string') {\n      return arrayOrString.substr(index, 1);\n    }\n    return arrayOrString[index];\n  }\n}\n"]},"sourceType":"module","hash":"3c924133815e3508fcac3f0179e9160834ed77cd"}
