{"metadata":{},"options":{"assumptions":{},"compact":false,"sourceMaps":true,"ast":true,"babelrc":false,"configFile":false,"parserOpts":{"sourceType":"module","sourceFileName":"/home/matheuswm/Downloads/teste/packages/ddp-client/client/client_convenience.js","plugins":["*","flow","jsx","asyncGenerators","bigInt","classPrivateMethods","classPrivateProperties","classProperties","doExpressions","dynamicImport","exportDefaultFrom","exportExtensions","exportNamespaceFrom","functionBind","functionSent","importMeta","nullishCoalescingOperator","numericSeparator","objectRestSpread","optionalCatchBinding","optionalChaining",["pipelineOperator",{"proposal":"minimal"}],"throwExpressions","classProperties","classPrivateProperties","jsx","nullishCoalescingOperator","nullishCoalescingOperator","optionalChaining","optionalCatchBinding","optionalCatchBinding","classProperties","classPrivateProperties","classPrivateMethods","classProperties","classPrivateProperties","asyncGenerators","asyncGenerators","objectRestSpread","objectRestSpread","logicalAssignment"],"allowImportExportEverywhere":true,"allowReturnOutsideFunction":true,"allowUndeclaredExports":true,"strictMode":false},"caller":{"name":"meteor","arch":"web.browser.legacy"},"sourceFileName":"packages/ddp-client/client/client_convenience.js","filename":"/home/matheuswm/Downloads/teste/packages/ddp-client/client/client_convenience.js","targets":{},"cloneInputAst":true,"browserslistConfigFile":false,"passPerPreset":false,"envName":"development","cwd":"/home/matheuswm/Downloads/teste","root":"/home/matheuswm/Downloads/teste","rootMode":"root","plugins":[{"key":"base$0","visitor":{"_exploded":true,"_verified":true},"options":{}},{"key":"base$0$0","visitor":{"Program":{"enter":[null],"exit":[null]},"_exploded":true,"_verified":true},"options":{"avoidModernSyntax":true,"enforceStrictMode":false,"dynamicImport":true}},{"key":"transform-runtime","visitor":{"MemberExpression":{"enter":[null]},"ObjectPattern":{"enter":[null]},"BinaryExpression":{"enter":[null]},"_exploded":{},"_verified":{},"Identifier":{"enter":[null]},"JSXIdentifier":{"enter":[null]}},"options":{"version":"7.15.3","helpers":true,"useESModules":false,"corejs":false}},{"key":"proposal-class-properties","visitor":{"PrivateName":{"enter":[null]},"ExportDefaultDeclaration":{"enter":[null]},"_exploded":true,"_verified":true,"ClassExpression":{"enter":[null]},"ClassDeclaration":{"enter":[null]}},"options":{"loose":true}},{"key":"base$0$3","visitor":{"FunctionExpression":{"exit":[null]},"_exploded":true,"_verified":true},"options":{}},{"key":"base$0$4","visitor":{"ForInStatement":{"enter":[null]},"_exploded":true,"_verified":true},"options":{}},{"key":"transform-react-jsx","visitor":{"_exploded":{},"_verified":{},"JSXNamespacedName":{"enter":[null]},"JSXSpreadChild":{"enter":[null]},"Program":{"enter":[null]},"JSXElement":{"exit":[null]},"JSXFragment":{"exit":[null]},"JSXAttribute":{"enter":[null]}},"options":{"pragma":"React.createElement","pragmaFrag":"React.Fragment","runtime":"classic","throwIfNamespace":true,"useBuiltIns":false}},{"key":"transform-react-display-name","visitor":{"ExportDefaultDeclaration":{"enter":[null]},"CallExpression":{"enter":[null]},"_exploded":true,"_verified":true},"options":{}},{"key":"transform-react-pure-annotations","visitor":{"CallExpression":{"enter":[null]},"_exploded":true,"_verified":true},"options":{}},{"key":"syntax-nullish-coalescing-operator","visitor":{"_exploded":true,"_verified":true},"options":{}},{"key":"proposal-nullish-coalescing-operator","visitor":{"_exploded":{},"_verified":{},"LogicalExpression":{"enter":[null]}},"options":{}},{"key":"syntax-optional-chaining","visitor":{"_exploded":true,"_verified":true},"options":{}},{"key":"proposal-optional-chaining","visitor":{"_exploded":true,"OptionalCallExpression":{"enter":[null]},"OptionalMemberExpression":{"enter":[null]},"_verified":true},"options":{}},{"key":"syntax-optional-catch-binding","visitor":{"_exploded":true,"_verified":true},"options":{}},{"key":"proposal-optional-catch-binding","visitor":{"_exploded":{},"_verified":{},"CatchClause":{"enter":[null]}},"options":{}},{"key":"syntax-class-properties","visitor":{"_exploded":true,"_verified":true},"options":{}},{"key":"proposal-class-properties","visitor":{"PrivateName":{"enter":[null]},"ExportDefaultDeclaration":{"enter":[null]},"_exploded":true,"_verified":true,"ClassExpression":{"enter":[null]},"ClassDeclaration":{"enter":[null]}},"options":{}},{"key":"syntax-async-generators","visitor":{"_exploded":true,"_verified":true},"options":{}},{"key":"proposal-async-generator-functions","visitor":{"_exploded":{},"_verified":{},"Program":{"enter":[null]}},"options":{}},{"key":"syntax-object-rest-spread","visitor":{"_exploded":true,"_verified":true},"options":{}},{"key":"proposal-object-rest-spread","visitor":{"_exploded":{},"_verified":{},"VariableDeclarator":{"enter":[null]},"ExportNamedDeclaration":{"enter":[null]},"CatchClause":{"enter":[null]},"AssignmentExpression":{"enter":[null]},"ArrayPattern":{"enter":[null]},"ObjectExpression":{"enter":[null]},"FunctionDeclaration":{"enter":[null]},"FunctionExpression":{"enter":[null]},"ObjectMethod":{"enter":[null]},"ArrowFunctionExpression":{"enter":[null]},"ClassMethod":{"enter":[null]},"ClassPrivateMethod":{"enter":[null]},"ForInStatement":{"enter":[null]},"ForOfStatement":{"enter":[null]}},"options":{}},{"key":"proposal-logical-assignment-operators","visitor":{"_exploded":{},"_verified":{},"AssignmentExpression":{"enter":[null]}},"options":{}},{"key":"transform-arrow-functions","visitor":{"ArrowFunctionExpression":{"enter":[null]},"_exploded":true,"_verified":true},"options":{}},{"key":"transform-block-scoped-functions","visitor":{"BlockStatement":{"enter":[null]},"SwitchCase":{"enter":[null]},"_exploded":true,"_verified":true},"options":{}},{"key":"transform-block-scoping","visitor":{"VariableDeclaration":{"enter":[null]},"CatchClause":{"enter":[null]},"_exploded":true,"BlockStatement":{"enter":[null]},"SwitchStatement":{"enter":[null]},"Program":{"enter":[null]},"_verified":true,"DoWhileStatement":{"enter":[null]},"ForInStatement":{"enter":[null]},"ForStatement":{"enter":[null]},"WhileStatement":{"enter":[null]},"ForOfStatement":{"enter":[null]}},"options":{}},{"key":"transform-classes","visitor":{"ExportDefaultDeclaration":{"enter":[null]},"ClassDeclaration":{"enter":[null]},"ClassExpression":{"enter":[null]},"_exploded":true,"_verified":true},"options":{"loose":true}},{"key":"transform-computed-properties","visitor":{"ObjectExpression":{"exit":[null]},"_exploded":true,"_verified":true},"options":{"loose":true}},{"key":"transform-destructuring","visitor":{"ExportNamedDeclaration":{"enter":[null]},"CatchClause":{"enter":[null]},"AssignmentExpression":{"enter":[null]},"VariableDeclaration":{"enter":[null]},"_exploded":true,"_verified":true,"ForInStatement":{"enter":[null]},"ForOfStatement":{"enter":[null]}},"options":{}},{"key":"transform-for-of","visitor":{"ForOfStatement":{"enter":[null]},"_exploded":true,"_verified":true},"options":{"loose":true}},{"key":"transform-literals","visitor":{"NumericLiteral":{"enter":[null]},"StringLiteral":{"enter":[null]},"_exploded":true,"_verified":true},"options":{}},{"key":"transform-object-super","visitor":{"ObjectExpression":{"enter":[null]},"_exploded":true,"_verified":true},"options":{}},{"key":"transform-parameters","visitor":{"_exploded":true,"_verified":true,"FunctionDeclaration":{"enter":[null]},"FunctionExpression":{"enter":[null]},"ObjectMethod":{"enter":[null]},"ArrowFunctionExpression":{"enter":[null]},"ClassMethod":{"enter":[null]},"ClassPrivateMethod":{"enter":[null]}},"options":{}},{"key":"transform-shorthand-properties","visitor":{"ObjectMethod":{"enter":[null]},"ObjectProperty":{"enter":[null]},"_exploded":true,"_verified":true},"options":{}},{"key":"transform-spread","visitor":{"ArrayExpression":{"enter":[null]},"CallExpression":{"enter":[null]},"NewExpression":{"enter":[null]},"_exploded":true,"_verified":true},"options":{}},{"key":"transform-sticky-regex","visitor":{"RegExpLiteral":{"enter":[null]},"_exploded":true,"_verified":true},"options":{}},{"key":"transform-template-literals","visitor":{"TaggedTemplateExpression":{"enter":[null]},"TemplateLiteral":{"enter":[null]},"_exploded":true,"_verified":true},"options":{"loose":true}},{"key":"transform-typeof-symbol","visitor":{"UnaryExpression":{"enter":[null]},"_exploded":true,"_verified":true,"BlockStatement":{"enter":[null]},"CatchClause":{"enter":[null]},"DoWhileStatement":{"enter":[null]},"ForInStatement":{"enter":[null]},"ForStatement":{"enter":[null]},"FunctionDeclaration":{"enter":[null]},"FunctionExpression":{"enter":[null]},"Program":{"enter":[null]},"ObjectMethod":{"enter":[null]},"SwitchStatement":{"enter":[null]},"WhileStatement":{"enter":[null]},"ArrowFunctionExpression":{"enter":[null]},"ClassExpression":{"enter":[null]},"ClassDeclaration":{"enter":[null]},"ForOfStatement":{"enter":[null]},"ClassMethod":{"enter":[null]},"ClassPrivateMethod":{"enter":[null]},"StaticBlock":{"enter":[null]},"TSModuleBlock":{"enter":[null]},"AssignmentPattern":{"enter":[null]},"ArrayPattern":{"enter":[null]},"ObjectPattern":{"enter":[null]}},"options":{}},{"key":"transform-unicode-regex","visitor":{"RegExpLiteral":{"enter":[null]},"_exploded":true,"_verified":true},"options":{}},{"key":"transform-property-literals","visitor":{"ObjectProperty":{"exit":[null]},"_exploded":true,"_verified":true},"options":{}},{"key":"transform-exponentiation-operator","visitor":{"AssignmentExpression":{"enter":[null]},"BinaryExpression":{"enter":[null]},"_exploded":true,"_verified":true},"options":{}},{"key":"regenerator-transform","visitor":{"_exploded":true,"_verified":true,"ObjectMethod":{"enter":[null],"exit":[null]},"ClassMethod":{"enter":[null],"exit":[null]},"ClassPrivateMethod":{"enter":[null],"exit":[null]},"FunctionDeclaration":{"exit":[null]},"FunctionExpression":{"exit":[null]},"ArrowFunctionExpression":{"exit":[null]}},"options":{}}],"presets":[],"generatorOpts":{"filename":"/home/matheuswm/Downloads/teste/packages/ddp-client/client/client_convenience.js","comments":true,"compact":false,"sourceMaps":true,"sourceFileName":"packages/ddp-client/client/client_convenience.js"}},"code":"var DDP;\nmodule.link(\"../common/namespace.js\", {\n  DDP: function (v) {\n    DDP = v;\n  }\n}, 0);\nvar Meteor;\nmodule.link(\"meteor/meteor\", {\n  Meteor: function (v) {\n    Meteor = v;\n  }\n}, 1);\n\n// Meteor.refresh can be called on the client (if you're in common code) but it\n// only has an effect on the server.\nMeteor.refresh = function () {}; // By default, try to connect back to the same endpoint as the page\n// was served from.\n//\n// XXX We should be doing this a different way. Right now we don't\n// include ROOT_URL_PATH_PREFIX when computing ddpUrl. (We don't\n// include it on the server when computing\n// DDP_DEFAULT_CONNECTION_URL, and we don't include it in our\n// default, '/'.) We get by with this because DDP.connect then\n// forces the URL passed to it to be interpreted relative to the\n// app's deploy path, even if it is absolute. Instead, we should\n// make DDP_DEFAULT_CONNECTION_URL, if set, include the path prefix;\n// make the default ddpUrl be '' rather that '/'; and make\n// _translateUrl in stream_client_common.js not force absolute paths\n// to be treated like relative paths. See also\n// stream_client_common.js #RationalizingRelativeDDPURLs\n\n\nvar runtimeConfig = typeof __meteor_runtime_config__ !== 'undefined' ? __meteor_runtime_config__ : Object.create(null);\nvar ddpUrl = runtimeConfig.DDP_DEFAULT_CONNECTION_URL || '/';\nvar retry = new Retry();\n\nfunction onDDPVersionNegotiationFailure(description) {\n  Meteor._debug(description);\n\n  if (Package.reload) {\n    var migrationData = Package.reload.Reload._migrationData('livedata') || Object.create(null);\n    var failures = migrationData.DDPVersionNegotiationFailures || 0;\n    ++failures;\n\n    Package.reload.Reload._onMigrate('livedata', function () {\n      return [true, {\n        DDPVersionNegotiationFailures: failures\n      }];\n    });\n\n    retry.retryLater(failures, function () {\n      Package.reload.Reload._reload({\n        immediateMigration: true\n      });\n    });\n  }\n}\n\nMeteor.connection = DDP.connect(ddpUrl, {\n  onDDPVersionNegotiationFailure: onDDPVersionNegotiationFailure\n}); // Proxy the public methods of Meteor.connection so they can\n// be called directly on Meteor.\n\n['subscribe', 'methods', 'call', 'apply', 'status', 'reconnect', 'disconnect'].forEach(function (name) {\n  Meteor[name] = Meteor.connection[name].bind(Meteor.connection);\n});","map":{"version":3,"sources":["packages/ddp-client/client/client_convenience.js"],"names":["DDP","module","link","v","Meteor","refresh","runtimeConfig","__meteor_runtime_config__","Object","create","ddpUrl","DDP_DEFAULT_CONNECTION_URL","retry","Retry","onDDPVersionNegotiationFailure","description","_debug","Package","reload","migrationData","Reload","_migrationData","failures","DDPVersionNegotiationFailures","_onMigrate","retryLater","_reload","immediateMigration","connection","connect","forEach","name","bind"],"mappings":"AAAA,IAAIA,GAAJ;AAAQC,MAAM,CAACC,IAAP,CAAY,wBAAZ,EAAqC;AAACF,EAAAA,GAAG,EAAC,UAASG,CAAT,EAAW;AAACH,IAAAA,GAAG,GAACG,CAAJ;AAAM;AAAvB,CAArC,EAA8D,CAA9D;AAAiE,IAAIC,MAAJ;AAAWH,MAAM,CAACC,IAAP,CAAY,eAAZ,EAA4B;AAACE,EAAAA,MAAM,EAAC,UAASD,CAAT,EAAW;AAACC,IAAAA,MAAM,GAACD,CAAP;AAAS;AAA7B,CAA5B,EAA2D,CAA3D;;AAGpF;AACA;AACAC,MAAM,CAACC,OAAP,GAAiB,YAAM,CAAE,CAAzB,C,CAEA;AACA;AACA;AACA;AACA;AACA;AACA;AACA;AACA;AACA;AACA;AACA;AACA;AACA;AACA;;;AACA,IAAMC,aAAa,GAAG,OAAOC,yBAAP,KAAqC,WAArC,GAAmDA,yBAAnD,GAA+EC,MAAM,CAACC,MAAP,CAAc,IAAd,CAArG;AACA,IAAMC,MAAM,GAAGJ,aAAa,CAACK,0BAAd,IAA4C,GAA3D;AAEA,IAAMC,KAAK,GAAG,IAAIC,KAAJ,EAAd;;AAEA,SAASC,8BAAT,CAAwCC,WAAxC,EAAqD;AACnDX,EAAAA,MAAM,CAACY,MAAP,CAAcD,WAAd;;AACA,MAAIE,OAAO,CAACC,MAAZ,EAAoB;AAClB,QAAMC,aAAa,GAAGF,OAAO,CAACC,MAAR,CAAeE,MAAf,CAAsBC,cAAtB,CAAqC,UAArC,KAAoDb,MAAM,CAACC,MAAP,CAAc,IAAd,CAA1E;AACA,QAAIa,QAAQ,GAAGH,aAAa,CAACI,6BAAd,IAA+C,CAA9D;AACA,MAAED,QAAF;;AACAL,IAAAA,OAAO,CAACC,MAAR,CAAeE,MAAf,CAAsBI,UAAtB,CAAiC,UAAjC,EAA6C;AAAA,aAAM,CAAC,IAAD,EAAO;AAAED,QAAAA,6BAA6B,EAAED;AAAjC,OAAP,CAAN;AAAA,KAA7C;;AACAV,IAAAA,KAAK,CAACa,UAAN,CAAiBH,QAAjB,EAA2B,YAAM;AAC/BL,MAAAA,OAAO,CAACC,MAAR,CAAeE,MAAf,CAAsBM,OAAtB,CAA8B;AAAEC,QAAAA,kBAAkB,EAAE;AAAtB,OAA9B;AACD,KAFD;AAGD;AACF;;AAEDvB,MAAM,CAACwB,UAAP,GAAoB5B,GAAG,CAAC6B,OAAJ,CAAYnB,MAAZ,EAAoB;AACtCI,EAAAA,8BAA8B,EAAEA;AADM,CAApB,CAApB,C,CAIA;AACA;;AACA,CACE,WADF,EAEE,SAFF,EAGE,MAHF,EAIE,OAJF,EAKE,QALF,EAME,WANF,EAOE,YAPF,EAQEgB,OARF,CAQU,UAAAC,IAAI,EAAI;AAChB3B,EAAAA,MAAM,CAAC2B,IAAD,CAAN,GAAe3B,MAAM,CAACwB,UAAP,CAAkBG,IAAlB,EAAwBC,IAAxB,CAA6B5B,MAAM,CAACwB,UAApC,CAAf;AACD,CAVD","sourcesContent":["import { DDP } from '../common/namespace.js';\nimport { Meteor } from 'meteor/meteor';\n\n// Meteor.refresh can be called on the client (if you're in common code) but it\n// only has an effect on the server.\nMeteor.refresh = () => {};\n\n// By default, try to connect back to the same endpoint as the page\n// was served from.\n//\n// XXX We should be doing this a different way. Right now we don't\n// include ROOT_URL_PATH_PREFIX when computing ddpUrl. (We don't\n// include it on the server when computing\n// DDP_DEFAULT_CONNECTION_URL, and we don't include it in our\n// default, '/'.) We get by with this because DDP.connect then\n// forces the URL passed to it to be interpreted relative to the\n// app's deploy path, even if it is absolute. Instead, we should\n// make DDP_DEFAULT_CONNECTION_URL, if set, include the path prefix;\n// make the default ddpUrl be '' rather that '/'; and make\n// _translateUrl in stream_client_common.js not force absolute paths\n// to be treated like relative paths. See also\n// stream_client_common.js #RationalizingRelativeDDPURLs\nconst runtimeConfig = typeof __meteor_runtime_config__ !== 'undefined' ? __meteor_runtime_config__ : Object.create(null);\nconst ddpUrl = runtimeConfig.DDP_DEFAULT_CONNECTION_URL || '/';\n\nconst retry = new Retry();\n\nfunction onDDPVersionNegotiationFailure(description) {\n  Meteor._debug(description);\n  if (Package.reload) {\n    const migrationData = Package.reload.Reload._migrationData('livedata') || Object.create(null);\n    let failures = migrationData.DDPVersionNegotiationFailures || 0;\n    ++failures;\n    Package.reload.Reload._onMigrate('livedata', () => [true, { DDPVersionNegotiationFailures: failures }]);\n    retry.retryLater(failures, () => {\n      Package.reload.Reload._reload({ immediateMigration: true });\n    });\n  }\n}\n\nMeteor.connection = DDP.connect(ddpUrl, {\n  onDDPVersionNegotiationFailure: onDDPVersionNegotiationFailure\n});\n\n// Proxy the public methods of Meteor.connection so they can\n// be called directly on Meteor.\n[\n  'subscribe',\n  'methods',\n  'call',\n  'apply',\n  'status',\n  'reconnect',\n  'disconnect'\n].forEach(name => {\n  Meteor[name] = Meteor.connection[name].bind(Meteor.connection);\n});\n"]},"sourceType":"module","hash":"3da780e45da780e7f66b99494293e093b05cae50"}
