{"metadata":{},"options":{"assumptions":{},"compact":false,"sourceMaps":true,"ast":true,"babelrc":false,"configFile":false,"parserOpts":{"sourceType":"module","sourceFileName":"/home/matheuswm/Downloads/teste/packages/random/AleaRandomGenerator.js","plugins":["*","flow","jsx","asyncGenerators","bigInt","classPrivateMethods","classPrivateProperties","classProperties","doExpressions","dynamicImport","exportDefaultFrom","exportExtensions","exportNamespaceFrom","functionBind","functionSent","importMeta","nullishCoalescingOperator","numericSeparator","objectRestSpread","optionalCatchBinding","optionalChaining",["pipelineOperator",{"proposal":"minimal"}],"throwExpressions","classProperties","classPrivateProperties","jsx","nullishCoalescingOperator","nullishCoalescingOperator","optionalChaining","optionalCatchBinding","optionalCatchBinding","classProperties","classPrivateProperties","classPrivateMethods","classProperties","classPrivateProperties","asyncGenerators","asyncGenerators","objectRestSpread","objectRestSpread","logicalAssignment"],"allowImportExportEverywhere":true,"allowReturnOutsideFunction":true,"allowUndeclaredExports":true,"strictMode":false},"caller":{"name":"meteor","arch":"web.browser.legacy"},"sourceFileName":"packages/random/AleaRandomGenerator.js","filename":"/home/matheuswm/Downloads/teste/packages/random/AleaRandomGenerator.js","targets":{},"cloneInputAst":true,"browserslistConfigFile":false,"passPerPreset":false,"envName":"development","cwd":"/home/matheuswm/Downloads/teste","root":"/home/matheuswm/Downloads/teste","rootMode":"root","plugins":[{"key":"base$0","visitor":{"_exploded":true,"_verified":true},"options":{}},{"key":"base$0$0","visitor":{"Program":{"enter":[null],"exit":[null]},"_exploded":true,"_verified":true},"options":{"avoidModernSyntax":true,"enforceStrictMode":false,"dynamicImport":true}},{"key":"transform-runtime","visitor":{"MemberExpression":{"enter":[null]},"ObjectPattern":{"enter":[null]},"BinaryExpression":{"enter":[null]},"_exploded":{},"_verified":{},"Identifier":{"enter":[null]},"JSXIdentifier":{"enter":[null]}},"options":{"version":"7.15.3","helpers":true,"useESModules":false,"corejs":false}},{"key":"proposal-class-properties","visitor":{"PrivateName":{"enter":[null]},"ExportDefaultDeclaration":{"enter":[null]},"_exploded":true,"_verified":true,"ClassExpression":{"enter":[null]},"ClassDeclaration":{"enter":[null]}},"options":{"loose":true}},{"key":"base$0$3","visitor":{"FunctionExpression":{"exit":[null]},"_exploded":true,"_verified":true},"options":{}},{"key":"base$0$4","visitor":{"ForInStatement":{"enter":[null]},"_exploded":true,"_verified":true},"options":{}},{"key":"transform-react-jsx","visitor":{"_exploded":{},"_verified":{},"JSXNamespacedName":{"enter":[null]},"JSXSpreadChild":{"enter":[null]},"Program":{"enter":[null]},"JSXElement":{"exit":[null]},"JSXFragment":{"exit":[null]},"JSXAttribute":{"enter":[null]}},"options":{"pragma":"React.createElement","pragmaFrag":"React.Fragment","runtime":"classic","throwIfNamespace":true,"useBuiltIns":false}},{"key":"transform-react-display-name","visitor":{"ExportDefaultDeclaration":{"enter":[null]},"CallExpression":{"enter":[null]},"_exploded":true,"_verified":true},"options":{}},{"key":"transform-react-pure-annotations","visitor":{"CallExpression":{"enter":[null]},"_exploded":true,"_verified":true},"options":{}},{"key":"syntax-nullish-coalescing-operator","visitor":{"_exploded":true,"_verified":true},"options":{}},{"key":"proposal-nullish-coalescing-operator","visitor":{"_exploded":{},"_verified":{},"LogicalExpression":{"enter":[null]}},"options":{}},{"key":"syntax-optional-chaining","visitor":{"_exploded":true,"_verified":true},"options":{}},{"key":"proposal-optional-chaining","visitor":{"_exploded":true,"OptionalCallExpression":{"enter":[null]},"OptionalMemberExpression":{"enter":[null]},"_verified":true},"options":{}},{"key":"syntax-optional-catch-binding","visitor":{"_exploded":true,"_verified":true},"options":{}},{"key":"proposal-optional-catch-binding","visitor":{"_exploded":{},"_verified":{},"CatchClause":{"enter":[null]}},"options":{}},{"key":"syntax-class-properties","visitor":{"_exploded":true,"_verified":true},"options":{}},{"key":"proposal-class-properties","visitor":{"PrivateName":{"enter":[null]},"ExportDefaultDeclaration":{"enter":[null]},"_exploded":true,"_verified":true,"ClassExpression":{"enter":[null]},"ClassDeclaration":{"enter":[null]}},"options":{}},{"key":"syntax-async-generators","visitor":{"_exploded":true,"_verified":true},"options":{}},{"key":"proposal-async-generator-functions","visitor":{"_exploded":{},"_verified":{},"Program":{"enter":[null]}},"options":{}},{"key":"syntax-object-rest-spread","visitor":{"_exploded":true,"_verified":true},"options":{}},{"key":"proposal-object-rest-spread","visitor":{"_exploded":{},"_verified":{},"VariableDeclarator":{"enter":[null]},"ExportNamedDeclaration":{"enter":[null]},"CatchClause":{"enter":[null]},"AssignmentExpression":{"enter":[null]},"ArrayPattern":{"enter":[null]},"ObjectExpression":{"enter":[null]},"FunctionDeclaration":{"enter":[null]},"FunctionExpression":{"enter":[null]},"ObjectMethod":{"enter":[null]},"ArrowFunctionExpression":{"enter":[null]},"ClassMethod":{"enter":[null]},"ClassPrivateMethod":{"enter":[null]},"ForInStatement":{"enter":[null]},"ForOfStatement":{"enter":[null]}},"options":{}},{"key":"proposal-logical-assignment-operators","visitor":{"_exploded":{},"_verified":{},"AssignmentExpression":{"enter":[null]}},"options":{}},{"key":"transform-arrow-functions","visitor":{"ArrowFunctionExpression":{"enter":[null]},"_exploded":true,"_verified":true},"options":{}},{"key":"transform-block-scoped-functions","visitor":{"BlockStatement":{"enter":[null]},"SwitchCase":{"enter":[null]},"_exploded":true,"_verified":true},"options":{}},{"key":"transform-block-scoping","visitor":{"VariableDeclaration":{"enter":[null]},"CatchClause":{"enter":[null]},"_exploded":true,"BlockStatement":{"enter":[null]},"SwitchStatement":{"enter":[null]},"Program":{"enter":[null]},"_verified":true,"DoWhileStatement":{"enter":[null]},"ForInStatement":{"enter":[null]},"ForStatement":{"enter":[null]},"WhileStatement":{"enter":[null]},"ForOfStatement":{"enter":[null]}},"options":{}},{"key":"transform-classes","visitor":{"ExportDefaultDeclaration":{"enter":[null]},"ClassDeclaration":{"enter":[null]},"ClassExpression":{"enter":[null]},"_exploded":true,"_verified":true},"options":{"loose":true}},{"key":"transform-computed-properties","visitor":{"ObjectExpression":{"exit":[null]},"_exploded":true,"_verified":true},"options":{"loose":true}},{"key":"transform-destructuring","visitor":{"ExportNamedDeclaration":{"enter":[null]},"CatchClause":{"enter":[null]},"AssignmentExpression":{"enter":[null]},"VariableDeclaration":{"enter":[null]},"_exploded":true,"_verified":true,"ForInStatement":{"enter":[null]},"ForOfStatement":{"enter":[null]}},"options":{}},{"key":"transform-for-of","visitor":{"ForOfStatement":{"enter":[null]},"_exploded":true,"_verified":true},"options":{"loose":true}},{"key":"transform-literals","visitor":{"NumericLiteral":{"enter":[null]},"StringLiteral":{"enter":[null]},"_exploded":true,"_verified":true},"options":{}},{"key":"transform-object-super","visitor":{"ObjectExpression":{"enter":[null]},"_exploded":true,"_verified":true},"options":{}},{"key":"transform-parameters","visitor":{"_exploded":true,"_verified":true,"FunctionDeclaration":{"enter":[null]},"FunctionExpression":{"enter":[null]},"ObjectMethod":{"enter":[null]},"ArrowFunctionExpression":{"enter":[null]},"ClassMethod":{"enter":[null]},"ClassPrivateMethod":{"enter":[null]}},"options":{}},{"key":"transform-shorthand-properties","visitor":{"ObjectMethod":{"enter":[null]},"ObjectProperty":{"enter":[null]},"_exploded":true,"_verified":true},"options":{}},{"key":"transform-spread","visitor":{"ArrayExpression":{"enter":[null]},"CallExpression":{"enter":[null]},"NewExpression":{"enter":[null]},"_exploded":true,"_verified":true},"options":{}},{"key":"transform-sticky-regex","visitor":{"RegExpLiteral":{"enter":[null]},"_exploded":true,"_verified":true},"options":{}},{"key":"transform-template-literals","visitor":{"TaggedTemplateExpression":{"enter":[null]},"TemplateLiteral":{"enter":[null]},"_exploded":true,"_verified":true},"options":{"loose":true}},{"key":"transform-typeof-symbol","visitor":{"UnaryExpression":{"enter":[null]},"_exploded":true,"_verified":true,"BlockStatement":{"enter":[null]},"CatchClause":{"enter":[null]},"DoWhileStatement":{"enter":[null]},"ForInStatement":{"enter":[null]},"ForStatement":{"enter":[null]},"FunctionDeclaration":{"enter":[null]},"FunctionExpression":{"enter":[null]},"Program":{"enter":[null]},"ObjectMethod":{"enter":[null]},"SwitchStatement":{"enter":[null]},"WhileStatement":{"enter":[null]},"ArrowFunctionExpression":{"enter":[null]},"ClassExpression":{"enter":[null]},"ClassDeclaration":{"enter":[null]},"ForOfStatement":{"enter":[null]},"ClassMethod":{"enter":[null]},"ClassPrivateMethod":{"enter":[null]},"StaticBlock":{"enter":[null]},"TSModuleBlock":{"enter":[null]},"AssignmentPattern":{"enter":[null]},"ArrayPattern":{"enter":[null]},"ObjectPattern":{"enter":[null]}},"options":{}},{"key":"transform-unicode-regex","visitor":{"RegExpLiteral":{"enter":[null]},"_exploded":true,"_verified":true},"options":{}},{"key":"transform-property-literals","visitor":{"ObjectProperty":{"exit":[null]},"_exploded":true,"_verified":true},"options":{}},{"key":"transform-exponentiation-operator","visitor":{"AssignmentExpression":{"enter":[null]},"BinaryExpression":{"enter":[null]},"_exploded":true,"_verified":true},"options":{}},{"key":"regenerator-transform","visitor":{"_exploded":true,"_verified":true,"ObjectMethod":{"enter":[null],"exit":[null]},"ClassMethod":{"enter":[null],"exit":[null]},"ClassPrivateMethod":{"enter":[null],"exit":[null]},"FunctionDeclaration":{"exit":[null]},"FunctionExpression":{"exit":[null]},"ArrowFunctionExpression":{"exit":[null]}},"options":{}}],"presets":[],"generatorOpts":{"filename":"/home/matheuswm/Downloads/teste/packages/random/AleaRandomGenerator.js","comments":true,"compact":false,"sourceMaps":true,"sourceFileName":"packages/random/AleaRandomGenerator.js"}},"code":"var _inheritsLoose;\n\nmodule.link(\"@babel/runtime/helpers/inheritsLoose\", {\n  default: function (v) {\n    _inheritsLoose = v;\n  }\n}, 0);\nmodule.export({\n  \"default\": function () {\n    return AleaRandomGenerator;\n  }\n});\nvar RandomGenerator;\nmodule.link(\"./AbstractRandomGenerator\", {\n  \"default\": function (v) {\n    RandomGenerator = v;\n  }\n}, 0);\n\n// Alea PRNG, which is not cryptographically strong\n// see http://baagoe.org/en/wiki/Better_random_numbers_for_javascript\n// for a full discussion and Alea implementation.\nfunction Alea(seeds) {\n  function Mash() {\n    var n = 0xefc8249d;\n\n    var mash = function (data) {\n      data = data.toString();\n\n      for (var i = 0; i < data.length; i++) {\n        n += data.charCodeAt(i);\n        var h = 0.02519603282416938 * n;\n        n = h >>> 0;\n        h -= n;\n        h *= n;\n        n = h >>> 0;\n        h -= n;\n        n += h * 0x100000000; // 2^32\n      }\n\n      return (n >>> 0) * 2.3283064365386963e-10; // 2^-32\n    };\n\n    mash.version = 'Mash 0.9';\n    return mash;\n  }\n\n  var s0 = 0;\n  var s1 = 0;\n  var s2 = 0;\n  var c = 1;\n\n  if (seeds.length === 0) {\n    seeds = [+new Date()];\n  }\n\n  var mash = Mash();\n  s0 = mash(' ');\n  s1 = mash(' ');\n  s2 = mash(' ');\n\n  for (var i = 0; i < seeds.length; i++) {\n    s0 -= mash(seeds[i]);\n\n    if (s0 < 0) {\n      s0 += 1;\n    }\n\n    s1 -= mash(seeds[i]);\n\n    if (s1 < 0) {\n      s1 += 1;\n    }\n\n    s2 -= mash(seeds[i]);\n\n    if (s2 < 0) {\n      s2 += 1;\n    }\n  }\n\n  mash = null;\n\n  var random = function () {\n    var t = 2091639 * s0 + c * 2.3283064365386963e-10; // 2^-32\n\n    s0 = s1;\n    s1 = s2;\n    return s2 = t - (c = t | 0);\n  };\n\n  random.uint32 = function () {\n    return random() * 0x100000000;\n  }; // 2^32\n\n\n  random.fract53 = function () {\n    return random() + (random() * 0x200000 | 0) * 1.1102230246251565e-16;\n  }; // 2^-53\n\n\n  random.version = 'Alea 0.9';\n  random.args = seeds;\n  return random;\n} // options:\n// - seeds: an array\n//   whose items will be `toString`ed and used as the seed to the Alea\n//   algorithm\n\n\nvar AleaRandomGenerator = /*#__PURE__*/function (_RandomGenerator) {\n  _inheritsLoose(AleaRandomGenerator, _RandomGenerator);\n\n  function AleaRandomGenerator() {\n    var _this;\n\n    var _ref = arguments.length > 0 && arguments[0] !== undefined ? arguments[0] : {},\n        _ref$seeds = _ref.seeds,\n        seeds = _ref$seeds === void 0 ? [] : _ref$seeds;\n\n    _this = _RandomGenerator.call(this) || this;\n\n    if (!seeds) {\n      throw new Error('No seeds were provided for Alea PRNG');\n    }\n\n    _this.alea = Alea(seeds);\n    return _this;\n  }\n  /**\n   * @name Random.fraction\n   * @summary Return a number between 0 and 1, like `Math.random`.\n   * @locus Anywhere\n   */\n\n\n  var _proto = AleaRandomGenerator.prototype;\n\n  _proto.fraction = function () {\n    function fraction() {\n      return this.alea();\n    }\n\n    return fraction;\n  }();\n\n  return AleaRandomGenerator;\n}(RandomGenerator);","map":{"version":3,"sources":["packages/random/AleaRandomGenerator.js"],"names":["_inheritsLoose","module","link","default","v","export","AleaRandomGenerator","RandomGenerator","Alea","seeds","Mash","n","mash","data","toString","i","length","charCodeAt","h","version","s0","s1","s2","c","Date","random","t","uint32","fract53","args","Error","alea","fraction"],"mappings":"AAAA,IAAIA,cAAJ;;AAAmBC,MAAM,CAACC,IAAP,CAAY,sCAAZ,EAAmD;AAACC,EAAAA,OAAO,EAAC,UAASC,CAAT,EAAW;AAACJ,IAAAA,cAAc,GAACI,CAAf;AAAiB;AAAtC,CAAnD,EAA2F,CAA3F;AAAnBH,MAAM,CAACI,MAAP,CAAc;AAAC,aAAQ,YAAU;AAAC,WAAOC,mBAAP;AAA2B;AAA/C,CAAd;AAAgE,IAAIC,eAAJ;AAAoBN,MAAM,CAACC,IAAP,CAAY,2BAAZ,EAAwC;AAAC,aAAQ,UAASE,CAAT,EAAW;AAACG,IAAAA,eAAe,GAACH,CAAhB;AAAkB;AAAvC,CAAxC,EAAiF,CAAjF;;AAEpF;AACA;AACA;AACA,SAASI,IAAT,CAAcC,KAAd,EAAqB;AACnB,WAASC,IAAT,GAAgB;AACd,QAAIC,CAAC,GAAG,UAAR;;AAEA,QAAMC,IAAI,GAAG,UAACC,IAAD,EAAU;AACrBA,MAAAA,IAAI,GAAGA,IAAI,CAACC,QAAL,EAAP;;AACA,WAAK,IAAIC,CAAC,GAAG,CAAb,EAAgBA,CAAC,GAAGF,IAAI,CAACG,MAAzB,EAAiCD,CAAC,EAAlC,EAAsC;AACpCJ,QAAAA,CAAC,IAAIE,IAAI,CAACI,UAAL,CAAgBF,CAAhB,CAAL;AACA,YAAIG,CAAC,GAAG,sBAAsBP,CAA9B;AACAA,QAAAA,CAAC,GAAGO,CAAC,KAAK,CAAV;AACAA,QAAAA,CAAC,IAAIP,CAAL;AACAO,QAAAA,CAAC,IAAIP,CAAL;AACAA,QAAAA,CAAC,GAAGO,CAAC,KAAK,CAAV;AACAA,QAAAA,CAAC,IAAIP,CAAL;AACAA,QAAAA,CAAC,IAAIO,CAAC,GAAG,WAAT,CARoC,CAQd;AACvB;;AACD,aAAO,CAACP,CAAC,KAAK,CAAP,IAAY,sBAAnB,CAZqB,CAYsB;AAC5C,KAbD;;AAeAC,IAAAA,IAAI,CAACO,OAAL,GAAe,UAAf;AACA,WAAOP,IAAP;AACD;;AAED,MAAIQ,EAAE,GAAG,CAAT;AACA,MAAIC,EAAE,GAAG,CAAT;AACA,MAAIC,EAAE,GAAG,CAAT;AACA,MAAIC,CAAC,GAAG,CAAR;;AACA,MAAId,KAAK,CAACO,MAAN,KAAiB,CAArB,EAAwB;AACtBP,IAAAA,KAAK,GAAG,CAAC,CAAC,IAAIe,IAAJ,EAAF,CAAR;AACD;;AACD,MAAIZ,IAAI,GAAGF,IAAI,EAAf;AACAU,EAAAA,EAAE,GAAGR,IAAI,CAAC,GAAD,CAAT;AACAS,EAAAA,EAAE,GAAGT,IAAI,CAAC,GAAD,CAAT;AACAU,EAAAA,EAAE,GAAGV,IAAI,CAAC,GAAD,CAAT;;AAEA,OAAK,IAAIG,CAAC,GAAG,CAAb,EAAgBA,CAAC,GAAGN,KAAK,CAACO,MAA1B,EAAkCD,CAAC,EAAnC,EAAuC;AACrCK,IAAAA,EAAE,IAAIR,IAAI,CAACH,KAAK,CAACM,CAAD,CAAN,CAAV;;AACA,QAAIK,EAAE,GAAG,CAAT,EAAY;AACVA,MAAAA,EAAE,IAAI,CAAN;AACD;;AACDC,IAAAA,EAAE,IAAIT,IAAI,CAACH,KAAK,CAACM,CAAD,CAAN,CAAV;;AACA,QAAIM,EAAE,GAAG,CAAT,EAAY;AACVA,MAAAA,EAAE,IAAI,CAAN;AACD;;AACDC,IAAAA,EAAE,IAAIV,IAAI,CAACH,KAAK,CAACM,CAAD,CAAN,CAAV;;AACA,QAAIO,EAAE,GAAG,CAAT,EAAY;AACVA,MAAAA,EAAE,IAAI,CAAN;AACD;AACF;;AACDV,EAAAA,IAAI,GAAG,IAAP;;AAEA,MAAMa,MAAM,GAAG,YAAM;AACnB,QAAMC,CAAC,GAAI,UAAUN,EAAX,GAAkBG,CAAC,GAAG,sBAAhC,CADmB,CACsC;;AACzDH,IAAAA,EAAE,GAAGC,EAAL;AACAA,IAAAA,EAAE,GAAGC,EAAL;AACA,WAAOA,EAAE,GAAGI,CAAC,IAAIH,CAAC,GAAGG,CAAC,GAAG,CAAZ,CAAb;AACD,GALD;;AAOAD,EAAAA,MAAM,CAACE,MAAP,GAAgB;AAAA,WAAMF,MAAM,KAAK,WAAjB;AAAA,GAAhB,CA1DmB,CA0D2B;;;AAC9CA,EAAAA,MAAM,CAACG,OAAP,GAAiB;AAAA,WAAMH,MAAM,KACtB,CAACA,MAAM,KAAK,QAAX,GAAsB,CAAvB,IAA4B,sBADlB;AAAA,GAAjB,CA3DmB,CA4DyC;;;AAE5DA,EAAAA,MAAM,CAACN,OAAP,GAAiB,UAAjB;AACAM,EAAAA,MAAM,CAACI,IAAP,GAAcpB,KAAd;AACA,SAAOgB,MAAP;AACD,C,CAED;AACA;AACA;AACA;;;IACqBnB,mB;;;AACnB,iCAAkC;AAAA;;AAAA,mFAAJ,EAAI;AAAA,0BAAnBG,KAAmB;AAAA,QAAnBA,KAAmB,2BAAX,EAAW;;AAChC;;AACA,QAAI,CAACA,KAAL,EAAY;AACV,YAAM,IAAIqB,KAAJ,CAAU,sCAAV,CAAN;AACD;;AACD,UAAKC,IAAL,GAAYvB,IAAI,CAACC,KAAD,CAAhB;AALgC;AAMjC;AAED;AACF;AACA;AACA;AACA;;;;;SACEuB,Q;AAAA,wBAAY;AACV,aAAO,KAAKD,IAAL,EAAP;AACD;;;;;;EAhB8CxB,e","sourcesContent":["import RandomGenerator from './AbstractRandomGenerator';\n\n// Alea PRNG, which is not cryptographically strong\n// see http://baagoe.org/en/wiki/Better_random_numbers_for_javascript\n// for a full discussion and Alea implementation.\nfunction Alea(seeds) {\n  function Mash() {\n    let n = 0xefc8249d;\n\n    const mash = (data) => {\n      data = data.toString();\n      for (let i = 0; i < data.length; i++) {\n        n += data.charCodeAt(i);\n        let h = 0.02519603282416938 * n;\n        n = h >>> 0;\n        h -= n;\n        h *= n;\n        n = h >>> 0;\n        h -= n;\n        n += h * 0x100000000; // 2^32\n      }\n      return (n >>> 0) * 2.3283064365386963e-10; // 2^-32\n    };\n\n    mash.version = 'Mash 0.9';\n    return mash;\n  }\n\n  let s0 = 0;\n  let s1 = 0;\n  let s2 = 0;\n  let c = 1;\n  if (seeds.length === 0) {\n    seeds = [+new Date];\n  }\n  let mash = Mash();\n  s0 = mash(' ');\n  s1 = mash(' ');\n  s2 = mash(' ');\n\n  for (let i = 0; i < seeds.length; i++) {\n    s0 -= mash(seeds[i]);\n    if (s0 < 0) {\n      s0 += 1;\n    }\n    s1 -= mash(seeds[i]);\n    if (s1 < 0) {\n      s1 += 1;\n    }\n    s2 -= mash(seeds[i]);\n    if (s2 < 0) {\n      s2 += 1;\n    }\n  }\n  mash = null;\n\n  const random = () => {\n    const t = (2091639 * s0) + (c * 2.3283064365386963e-10); // 2^-32\n    s0 = s1;\n    s1 = s2;\n    return s2 = t - (c = t | 0);\n  };\n\n  random.uint32 = () => random() * 0x100000000; // 2^32\n  random.fract53 = () => random() +\n        ((random() * 0x200000 | 0) * 1.1102230246251565e-16); // 2^-53\n\n  random.version = 'Alea 0.9';\n  random.args = seeds;\n  return random;\n}\n\n// options:\n// - seeds: an array\n//   whose items will be `toString`ed and used as the seed to the Alea\n//   algorithm\nexport default class AleaRandomGenerator extends RandomGenerator {\n  constructor ({ seeds = [] } = {}) {\n    super();\n    if (!seeds) {\n      throw new Error('No seeds were provided for Alea PRNG');\n    }\n    this.alea = Alea(seeds);\n  }\n\n  /**\n   * @name Random.fraction\n   * @summary Return a number between 0 and 1, like `Math.random`.\n   * @locus Anywhere\n   */\n  fraction () {\n    return this.alea();\n  }\n}\n"]},"sourceType":"module","hash":"437a5907ec2b13f8aebbe56c358532257fe80775"}
