{"metadata":{},"options":{"assumptions":{},"compact":false,"sourceMaps":true,"ast":true,"babelrc":false,"configFile":false,"parserOpts":{"sourceType":"module","sourceFileName":"/home/matheuswm/Downloads/teste/imports/ui/Login.jsx","plugins":["*","flow","jsx","asyncGenerators","bigInt","classPrivateMethods","classPrivateProperties","classProperties","doExpressions","dynamicImport","exportDefaultFrom","exportExtensions","exportNamespaceFrom","functionBind","functionSent","importMeta","nullishCoalescingOperator","numericSeparator","objectRestSpread","optionalCatchBinding","optionalChaining",["pipelineOperator",{"proposal":"minimal"}],"throwExpressions","classProperties","classPrivateProperties","jsx","nullishCoalescingOperator","nullishCoalescingOperator","optionalChaining","optionalCatchBinding","optionalCatchBinding","classProperties","classPrivateProperties","classPrivateMethods","classProperties","classPrivateProperties","asyncGenerators","asyncGenerators","objectRestSpread","objectRestSpread","logicalAssignment"],"allowImportExportEverywhere":true,"allowReturnOutsideFunction":true,"allowUndeclaredExports":true,"strictMode":false},"caller":{"name":"meteor","arch":"web.browser"},"sourceFileName":"imports/ui/Login.jsx","filename":"/home/matheuswm/Downloads/teste/imports/ui/Login.jsx","inputSourceMap":{"version":3,"sources":["imports/ui/Login.jsx"],"names":["Meteor","React","useState","LoginInput","Content","Slogin","Tudo","Login","user","setUser","senha","setSenha","senha2","setSenha2","cadastra","setCadastra","submit","e","preventDefault","loginWithPassword","err","alert","cadastro","call"],"mappings":";;AAAA,SAASA,MAAT,QAAuB,eAAvB;AACA,OAAOC,KAAP,IAAgBC,QAAhB,QAAgC,OAAhC;AACA,SAASC,UAAT,QAA2B,cAA3B;AACA,SAASC,OAAT,EAAkBC,MAAlB,EAA0BC,IAA1B,QAAsC,wBAAtC;AAEA,OAAO,MAAMC,KAAK,GAAG,MAAM;AAAA;;AAEvB,QAAM,CAACC,IAAD,EAAOC,OAAP,IAAkBP,QAAQ,CAAC,EAAD,CAAhC;AACA,QAAM,CAACQ,KAAD,EAAQC,QAAR,IAAoBT,QAAQ,CAAC,EAAD,CAAlC;AACA,QAAM,CAACU,MAAD,EAASC,SAAT,IAAsBX,QAAQ,CAAC,EAAD,CAApC;AACA,QAAM,CAACY,QAAD,EAAWC,WAAX,IAA0Bb,QAAQ,CAAC,KAAD,CAAxC;;AAEA,QAAMc,MAAM,GAAGC,CAAC,IAAI;AAEhBA,IAAAA,CAAC,CAACC,cAAF;AACAlB,IAAAA,MAAM,CAACmB,iBAAP,CAAyBX,IAAzB,EAA+BE,KAA/B,EAAuCU,GAAD,IAAQ;AAC5C,UAAGA,GAAH,EAAO;AAEHC,QAAAA,KAAK,CAACD,GAAD,CAAL;AAAW;AAAC,KAHlB;AAMU,GATd;;AAUA,QAAME,QAAQ,GAAGL,CAAC,IAAI;AAEpBA,IAAAA,CAAC,CAACC,cAAF;;AACA,QAAGN,MAAM,KAAKF,KAAd,EAAoB;AAClBW,MAAAA,KAAK,CAAC,2BAAD,CAAL;AACAN,MAAAA,WAAW,CAAC,IAAD,CAAX;AACA;AACD;;AAGDA,IAAAA,WAAW,CAAC,KAAD,CAAX;AAEDf,IAAAA,MAAM,CAACuB,IAAP,CAAY,eAAZ,EAA4Bf,IAA5B,EAAkCE,KAAlC,EAA0CU,GAAD,IAAQ;AAChD,UAAGA,GAAH,EAAO;AAEHC,QAAAA,KAAK,CAACD,GAAD,CAAL;AAAW;AAGhB,KANA;AAQA,GApBD;;AAyBA,SAEI;AACR,WAAW,CAAC,IAAD;AACX,aAAa,CAAC,MAAD;AACb,eAAe,CAAC,OAAD;AACf;AACA,gBAAgB,CAAC,IAAD,CAAM,SAAS,CAACN,QAAQ,GAAGQ,QAAH,GAAcN,MAAvB,CAAf;AAChB,gBAAgB,CAAC,EAAD,CAAI,CAACF,QAAQ,GAAI,mBAAJ,GAA0B,YAAnC,CAAiD,EAAE,EAAF,CAAK;AAC1E,kBAAkB,CAAC,UAAD,CAAY,KAAK,CAAC,iBAAD,CAAjB,CAAsC,YAAY,CAAC,MAAD,CAAlD,CAA2D,KAAK,CAAC,MAAD,CAAhE,CAAyE,KAAK,CAAC,MAAD,CAA9E,CAAuF,IAAI,CAACL,OAAD,CAA3F;AAClB,kBAAkB,CAAC,UAAD,CAAY,KAAK,CAAC,OAAD,CAAjB,CAA4B,KAAK,CAAC,UAAD,CAAjC,CAA8C,YAAY,CAAC,UAAD,CAA1D,CAAuE,KAAK,CAAC,UAAD,CAA5E,CAAyF,IAAI,CAACE,QAAD,CAA7F;AAClB,kBAAkB,CAACG,QAAQ,GAAI,CAAC,UAAD,CAAa,KAAK,CAAC,kBAAD,CAAlB,CAAuC,KAAK,CAAC,UAAD,CAA5C,CAAyD,YAAY,CAAC,UAAD,CAArE,CAAkF,KAAK,CAAC,UAAD,CAAvF,CAAoG,IAAI,CAACD,SAAD,CAAxG,GAAJ,GAA8H,EAAvI;AAClB,kBAAkB,CAAC,IAAD,CAAM,GAAG,SAAT,CAAkB,QAAQ,CAAC,MAAME,WAAW,CAAC,CAACD,QAAF,CAAlB,CAA1B,CAAyD,CAAC,CAACA,QAAQ,GAAG,8BAAH,GAAoC,mCAA7C,CAAiF,EAAE,IAAF;AAC7J,kBAAkB,CAAC,MAAD,CAAQ,KAAK,QAAb,CAAsB,CAACA,QAAQ,GAAG,aAAH,GAAmB,QAA5B,CAAqC,EAAE,MAAF;AAC7E,gBAAgB,EAAE,IAAF;AAChB,QAAQ,EAAE,OAAF;AACR,QAAQ,EAAE,MAAF;AACR,QAAQ,EAAE,IAAF;AACR,YAAY,GAlBR;AAqBC,CA/DE;;GAAMP,K;;KAAAA,K","sourcesContent":["import { Meteor } from 'meteor/meteor';\nimport React, { useState } from 'react';\nimport { LoginInput } from './InputLogin';\nimport { Content, Slogin, Tudo } from './styles/styleLogin.js';\n\nexport const Login = () => {\n  \n    const [user, setUser] = useState('');\n    const [senha, setSenha] = useState('');\n    const [senha2, setSenha2] = useState('');\n    const [cadastra, setCadastra] = useState(false);\n\n    const submit = e => {\n      \n        e.preventDefault();\n        Meteor.loginWithPassword(user, senha, (err) =>{\n          if(err){\n           \n              alert(err)}}\n              \n              \n              ); }\n    const cadastro = e => {\n      \n      e.preventDefault();\n      if(senha2 !== senha){\n        alert(\"As senha estão diferentes\")\n        setCadastra(true)\n        return\n      }\n     \n      \n      setCadastra(false)\n      \n     Meteor.call('user.adiciona',user, senha, (err) =>{\n      if(err){\n       \n          alert(err)}\n       \n        \n    })\n   \n    }\n   \n\n   \n    \n    return (\n      \n        <>\n           <Tudo>\n             <Slogin>\n               <Content>\n             \n                <form onSubmit={cadastra ? cadastro : submit} >\n                <h1>{cadastra ?  'Faça seu cadastro' : 'Faça login' }</h1>           \n                  <LoginInput text={\"Nome de usuário\"}  placeholder={\"user\"} name={\"user\"} type={\"text\"} set={setUser}/>\n                  <LoginInput text={\"Senha\"}  type={\"password\"} placeholder={\"Password\"} name={\"password\"} set={setSenha}/>\n                  {cadastra ? (<LoginInput  text={\"Confirme a senha\"} type={\"password\"} placeholder={\"Password\"} name={\"password\"} set={setSenha2} />) : \"\"  }\n                  <span id=\"inteiro\"onClick={() => setCadastra(!cadastra)}> {cadastra ? 'Para fazer login clique aqui' : 'Para fazer o cadastro clique aqui'}</span>\n                  <button type=\"submit\">{cadastra ? 'Cadastre-se' : 'Log in'}</button>\n                </form>\n        </Content>\n        </Slogin>\n        </Tudo>\n            </>\n       \n      );\n    };\n    \n"]},"targets":{},"cloneInputAst":true,"browserslistConfigFile":false,"passPerPreset":false,"envName":"development","cwd":"/home/matheuswm/Downloads/teste","root":"/home/matheuswm/Downloads/teste","rootMode":"root","plugins":[{"key":"base$0","visitor":{"_exploded":true,"_verified":true},"options":{}},{"key":"base$0$0","visitor":{"Program":{"enter":[null],"exit":[null]},"_exploded":true,"_verified":true},"options":{"avoidModernSyntax":false,"enforceStrictMode":false,"dynamicImport":true,"generateLetDeclarations":true}},{"key":"transform-runtime","visitor":{"MemberExpression":{"enter":[null]},"ObjectPattern":{"enter":[null]},"BinaryExpression":{"enter":[null]},"_exploded":{},"_verified":{},"Identifier":{"enter":[null]},"JSXIdentifier":{"enter":[null]}},"options":{"version":"7.15.3","helpers":true,"useESModules":false,"corejs":false}},{"key":"proposal-class-properties","visitor":{"PrivateName":{"enter":[null]},"ExportDefaultDeclaration":{"enter":[null]},"_exploded":true,"_verified":true,"ClassExpression":{"enter":[null]},"ClassDeclaration":{"enter":[null]}},"options":{"loose":true}},{"key":"transform-react-jsx","visitor":{"_exploded":{},"_verified":{},"JSXNamespacedName":{"enter":[null]},"JSXSpreadChild":{"enter":[null]},"Program":{"enter":[null]},"JSXElement":{"exit":[null]},"JSXFragment":{"exit":[null]},"JSXAttribute":{"enter":[null]}},"options":{"pragma":"React.createElement","pragmaFrag":"React.Fragment","runtime":"classic","throwIfNamespace":true,"useBuiltIns":false}},{"key":"transform-react-display-name","visitor":{"ExportDefaultDeclaration":{"enter":[null]},"CallExpression":{"enter":[null]},"_exploded":true,"_verified":true},"options":{}},{"key":"transform-react-pure-annotations","visitor":{"CallExpression":{"enter":[null]},"_exploded":true,"_verified":true},"options":{}},{"key":"syntax-nullish-coalescing-operator","visitor":{"_exploded":true,"_verified":true},"options":{}},{"key":"proposal-nullish-coalescing-operator","visitor":{"_exploded":{},"_verified":{},"LogicalExpression":{"enter":[null]}},"options":{}},{"key":"syntax-optional-chaining","visitor":{"_exploded":true,"_verified":true},"options":{}},{"key":"proposal-optional-chaining","visitor":{"_exploded":true,"OptionalCallExpression":{"enter":[null]},"OptionalMemberExpression":{"enter":[null]},"_verified":true},"options":{}},{"key":"syntax-optional-catch-binding","visitor":{"_exploded":true,"_verified":true},"options":{}},{"key":"proposal-optional-catch-binding","visitor":{"_exploded":{},"_verified":{},"CatchClause":{"enter":[null]}},"options":{}},{"key":"syntax-class-properties","visitor":{"_exploded":true,"_verified":true},"options":{}},{"key":"proposal-class-properties","visitor":{"PrivateName":{"enter":[null]},"ExportDefaultDeclaration":{"enter":[null]},"_exploded":true,"_verified":true,"ClassExpression":{"enter":[null]},"ClassDeclaration":{"enter":[null]}},"options":{}},{"key":"syntax-async-generators","visitor":{"_exploded":true,"_verified":true},"options":{}},{"key":"proposal-async-generator-functions","visitor":{"_exploded":{},"_verified":{},"Program":{"enter":[null]}},"options":{}},{"key":"syntax-object-rest-spread","visitor":{"_exploded":true,"_verified":true},"options":{}},{"key":"proposal-object-rest-spread","visitor":{"_exploded":{},"_verified":{},"VariableDeclarator":{"enter":[null]},"ExportNamedDeclaration":{"enter":[null]},"CatchClause":{"enter":[null]},"AssignmentExpression":{"enter":[null]},"ArrayPattern":{"enter":[null]},"ObjectExpression":{"enter":[null]},"FunctionDeclaration":{"enter":[null]},"FunctionExpression":{"enter":[null]},"ObjectMethod":{"enter":[null]},"ArrowFunctionExpression":{"enter":[null]},"ClassMethod":{"enter":[null]},"ClassPrivateMethod":{"enter":[null]},"ForInStatement":{"enter":[null]},"ForOfStatement":{"enter":[null]}},"options":{}},{"key":"proposal-logical-assignment-operators","visitor":{"_exploded":{},"_verified":{},"AssignmentExpression":{"enter":[null]}},"options":{}},{"key":"transform-literals","visitor":{"NumericLiteral":{"enter":[null]},"StringLiteral":{"enter":[null]},"_exploded":true,"_verified":true},"options":{}},{"key":"transform-template-literals","visitor":{"TaggedTemplateExpression":{"enter":[null]},"TemplateLiteral":{"enter":[null]},"_exploded":true,"_verified":true},"options":{}},{"key":"transform-parameters","visitor":{"_exploded":true,"_verified":true,"FunctionDeclaration":{"enter":[null]},"FunctionExpression":{"enter":[null]},"ObjectMethod":{"enter":[null]},"ArrowFunctionExpression":{"enter":[null]},"ClassMethod":{"enter":[null]},"ClassPrivateMethod":{"enter":[null]}},"options":{}},{"key":"transform-exponentiation-operator","visitor":{"AssignmentExpression":{"enter":[null]},"BinaryExpression":{"enter":[null]},"_exploded":true,"_verified":true},"options":{}}],"presets":[],"generatorOpts":{"filename":"/home/matheuswm/Downloads/teste/imports/ui/Login.jsx","comments":true,"compact":false,"sourceMaps":true,"sourceFileName":"imports/ui/Login.jsx"}},"code":"module.export({\n  Login: () => Login\n});\nlet Meteor;\nmodule.link(\"meteor/meteor\", {\n  Meteor(v) {\n    Meteor = v;\n  }\n\n}, 0);\nlet React, useState;\nmodule.link(\"react\", {\n  default(v) {\n    React = v;\n  },\n\n  useState(v) {\n    useState = v;\n  }\n\n}, 1);\nlet LoginInput;\nmodule.link(\"./InputLogin\", {\n  LoginInput(v) {\n    LoginInput = v;\n  }\n\n}, 2);\nlet Content, Slogin, Tudo;\nmodule.link(\"./styles/styleLogin.js\", {\n  Content(v) {\n    Content = v;\n  },\n\n  Slogin(v) {\n    Slogin = v;\n  },\n\n  Tudo(v) {\n    Tudo = v;\n  }\n\n}, 3);\n\nvar _s = $RefreshSig$();\n\nconst Login = () => {\n  _s();\n\n  const [user, setUser] = useState('');\n  const [senha, setSenha] = useState('');\n  const [senha2, setSenha2] = useState('');\n  const [cadastra, setCadastra] = useState(false);\n\n  const submit = e => {\n    e.preventDefault();\n    Meteor.loginWithPassword(user, senha, err => {\n      if (err) {\n        alert(err);\n      }\n    });\n  };\n\n  const cadastro = e => {\n    e.preventDefault();\n\n    if (senha2 !== senha) {\n      alert(\"As senha estão diferentes\");\n      setCadastra(true);\n      return;\n    }\n\n    setCadastra(false);\n    Meteor.call('user.adiciona', user, senha, err => {\n      if (err) {\n        alert(err);\n      }\n    });\n  };\n\n  return /*#__PURE__*/React.createElement(React.Fragment, null, /*#__PURE__*/React.createElement(Tudo, null, /*#__PURE__*/React.createElement(Slogin, null, /*#__PURE__*/React.createElement(Content, null, /*#__PURE__*/React.createElement(\"form\", {\n    onSubmit: cadastra ? cadastro : submit\n  }, /*#__PURE__*/React.createElement(\"h1\", null, cadastra ? 'Faça seu cadastro' : 'Faça login'), /*#__PURE__*/React.createElement(LoginInput, {\n    text: \"Nome de usuário\",\n    placeholder: \"user\",\n    name: \"user\",\n    type: \"text\",\n    set: setUser\n  }), /*#__PURE__*/React.createElement(LoginInput, {\n    text: \"Senha\",\n    type: \"password\",\n    placeholder: \"Password\",\n    name: \"password\",\n    set: setSenha\n  }), cadastra ? /*#__PURE__*/React.createElement(LoginInput, {\n    text: \"Confirme a senha\",\n    type: \"password\",\n    placeholder: \"Password\",\n    name: \"password\",\n    set: setSenha2\n  }) : \"\", /*#__PURE__*/React.createElement(\"span\", {\n    id: \"inteiro\",\n    onClick: () => setCadastra(!cadastra)\n  }, \" \", cadastra ? 'Para fazer login clique aqui' : 'Para fazer o cadastro clique aqui'), /*#__PURE__*/React.createElement(\"button\", {\n    type: \"submit\"\n  }, cadastra ? 'Cadastre-se' : 'Log in'))))));\n};\n\n_s(Login, \"Vt9yrQxZKVcOdGczvftp+sZJFnM=\");\n\n_c = Login;\n\nvar _c;\n\n$RefreshReg$(_c, \"Login\");","map":{"version":3,"sources":["imports/ui/Login.jsx"],"names":["Login","useState","submit","e","Meteor","err","alert","cadastro","senha2","setCadastra","cadastra"],"mappings":";;;;;;;;;;;;;;;;;;;;;;;;;;;;;;;;;;;;;;;;;;;;;;AAKO,MAAMA,KAAK,GAAG,MAAM;AAAA,EAAA,EAAA;;AAEvB,QAAM,CAAA,IAAA,EAAA,OAAA,IAAkBC,QAAQ,CAAhC,EAAgC,CAAhC;AACA,QAAM,CAAA,KAAA,EAAA,QAAA,IAAoBA,QAAQ,CAAlC,EAAkC,CAAlC;AACA,QAAM,CAAA,MAAA,EAAA,SAAA,IAAsBA,QAAQ,CAApC,EAAoC,CAApC;AACA,QAAM,CAAA,QAAA,EAAA,WAAA,IAA0BA,QAAQ,CAAxC,KAAwC,CAAxC;;AAEA,QAAMC,MAAM,GAAGC,CAAC,IAAI;AAEhBA,IAAAA,CAAC,CAADA,cAAAA;AACAC,IAAAA,MAAM,CAANA,iBAAAA,CAAAA,IAAAA,EAAAA,KAAAA,EAAuCC,GAAD,IAAQ;AAC5C,UAAA,GAAA,EAAO;AAEHC,QAAAA,KAAK,CAALA,GAAK,CAALA;AAAW;AAHjBF,KAAAA;AAHJ,GAAA;;AAUA,QAAMG,QAAQ,GAAGJ,CAAC,IAAI;AAEpBA,IAAAA,CAAC,CAADA,cAAAA;;AACA,QAAGK,MAAM,KAAT,KAAA,EAAoB;AAClBF,MAAAA,KAAK,CAALA,2BAAK,CAALA;AACAG,MAAAA,WAAW,CAAXA,IAAW,CAAXA;AACA;AACD;;AAGDA,IAAAA,WAAW,CAAXA,KAAW,CAAXA;AAEDL,IAAAA,MAAM,CAANA,IAAAA,CAAAA,eAAAA,EAAAA,IAAAA,EAAAA,KAAAA,EAA0CC,GAAD,IAAQ;AAChD,UAAA,GAAA,EAAO;AAEHC,QAAAA,KAAK,CAALA,GAAK,CAALA;AAAW;AAHhBF,KAAAA;AAZD,GAAA;;AAyBA,sBAEI,uDACG,oBAAA,IAAA,qBACE,oBAAA,MAAA,qBACE,oBAAA,OAAA,qBAEC;AAAM,IAAA,QAAA,EAAUM,QAAQ,GAAA,QAAA,GAAxB;AAAA,kBACA,gCAAKA,QAAQ,GAAA,mBAAA,GAAT,YAAJ,CADA,eAEE,oBAAA,UAAA;AAAY,IAAA,IAAA,EAAZ,iBAAA;AAAsC,IAAA,WAAA,EAAtC,MAAA;AAA2D,IAAA,IAAA,EAA3D,MAAA;AAAyE,IAAA,IAAA,EAAzE,MAAA;AAAuF,IAAA,GAAA,EAAvF;AAAA,IAFF,eAGE,oBAAA,UAAA;AAAY,IAAA,IAAA,EAAZ,OAAA;AAA4B,IAAA,IAAA,EAA5B,UAAA;AAA8C,IAAA,WAAA,EAA9C,UAAA;AAAuE,IAAA,IAAA,EAAvE,UAAA;AAAyF,IAAA,GAAA,EAAzF;AAAA,IAHF,EAIGA,QAAQ,gBAAI,oBAAA,UAAA;AAAa,IAAA,IAAA,EAAb,kBAAA;AAAuC,IAAA,IAAA,EAAvC,UAAA;AAAyD,IAAA,WAAA,EAAzD,UAAA;AAAkF,IAAA,IAAA,EAAlF,UAAA;AAAoG,IAAA,GAAA,EAAxG;AAAI,IAAJ,GAAT,EAJF,eAKE;AAAM,IAAA,EAAA,EAAN,SAAA;AAAkB,IAAA,OAAA,EAAS,MAAMD,WAAW,CAAC,CAA7C,QAA4C;AAA5C,UAA2DC,QAAQ,GAAA,8BAAA,GAAT,mCAA1D,CALF,eAME;AAAQ,IAAA,IAAA,EAAR;AAAA,KAAuBA,QAAQ,GAAA,aAAA,GAAT,QAAtB,CANF,CAFD,CADF,CADF,CADH,CAFJ;AA1CG,CAAA;;GAAMV,K;;KAAAA,K","sourcesContent":["import { Meteor } from 'meteor/meteor';\nimport React, { useState } from 'react';\nimport { LoginInput } from './InputLogin';\nimport { Content, Slogin, Tudo } from './styles/styleLogin.js';\n\nexport const Login = () => {\n  \n    const [user, setUser] = useState('');\n    const [senha, setSenha] = useState('');\n    const [senha2, setSenha2] = useState('');\n    const [cadastra, setCadastra] = useState(false);\n\n    const submit = e => {\n      \n        e.preventDefault();\n        Meteor.loginWithPassword(user, senha, (err) =>{\n          if(err){\n           \n              alert(err)}}\n              \n              \n              ); }\n    const cadastro = e => {\n      \n      e.preventDefault();\n      if(senha2 !== senha){\n        alert(\"As senha estão diferentes\")\n        setCadastra(true)\n        return\n      }\n     \n      \n      setCadastra(false)\n      \n     Meteor.call('user.adiciona',user, senha, (err) =>{\n      if(err){\n       \n          alert(err)}\n       \n        \n    })\n   \n    }\n   \n\n   \n    \n    return (\n      \n        <>\n           <Tudo>\n             <Slogin>\n               <Content>\n             \n                <form onSubmit={cadastra ? cadastro : submit} >\n                <h1>{cadastra ?  'Faça seu cadastro' : 'Faça login' }</h1>           \n                  <LoginInput text={\"Nome de usuário\"}  placeholder={\"user\"} name={\"user\"} type={\"text\"} set={setUser}/>\n                  <LoginInput text={\"Senha\"}  type={\"password\"} placeholder={\"Password\"} name={\"password\"} set={setSenha}/>\n                  {cadastra ? (<LoginInput  text={\"Confirme a senha\"} type={\"password\"} placeholder={\"Password\"} name={\"password\"} set={setSenha2} />) : \"\"  }\n                  <span id=\"inteiro\"onClick={() => setCadastra(!cadastra)}> {cadastra ? 'Para fazer login clique aqui' : 'Para fazer o cadastro clique aqui'}</span>\n                  <button type=\"submit\">{cadastra ? 'Cadastre-se' : 'Log in'}</button>\n                </form>\n        </Content>\n        </Slogin>\n        </Tudo>\n            </>\n       \n      );\n    };\n    \n"]},"sourceType":"module","hash":"4ac52cdce44bef233c5f9ac4740ff6270c38d30f"}
