{"metadata":{},"options":{"assumptions":{},"compact":false,"sourceMaps":true,"ast":true,"babelrc":false,"configFile":false,"parserOpts":{"sourceType":"module","sourceFileName":"/home/matheuswm/Downloads/teste/imports/ui/Login.jsx","plugins":["*","flow","jsx","asyncGenerators","bigInt","classPrivateMethods","classPrivateProperties","classProperties","doExpressions","dynamicImport","exportDefaultFrom","exportExtensions","exportNamespaceFrom","functionBind","functionSent","importMeta","nullishCoalescingOperator","numericSeparator","objectRestSpread","optionalCatchBinding","optionalChaining",["pipelineOperator",{"proposal":"minimal"}],"throwExpressions","classProperties","classPrivateProperties","jsx","nullishCoalescingOperator","nullishCoalescingOperator","optionalChaining","optionalCatchBinding","optionalCatchBinding","classProperties","classPrivateProperties","classPrivateMethods","classProperties","classPrivateProperties","asyncGenerators","asyncGenerators","objectRestSpread","objectRestSpread","logicalAssignment"],"allowImportExportEverywhere":true,"allowReturnOutsideFunction":true,"allowUndeclaredExports":true,"strictMode":false},"caller":{"name":"meteor","arch":"web.cordova"},"sourceFileName":"imports/ui/Login.jsx","filename":"/home/matheuswm/Downloads/teste/imports/ui/Login.jsx","targets":{},"cloneInputAst":true,"browserslistConfigFile":false,"passPerPreset":false,"envName":"development","cwd":"/home/matheuswm/Downloads/teste","root":"/home/matheuswm/Downloads/teste","rootMode":"root","plugins":[{"key":"base$0","visitor":{"_exploded":true,"_verified":true},"options":{}},{"key":"base$0$0","visitor":{"Program":{"enter":[null],"exit":[null]},"_exploded":true,"_verified":true},"options":{"avoidModernSyntax":true,"enforceStrictMode":false,"dynamicImport":true}},{"key":"transform-runtime","visitor":{"MemberExpression":{"enter":[null]},"ObjectPattern":{"enter":[null]},"BinaryExpression":{"enter":[null]},"_exploded":{},"_verified":{},"Identifier":{"enter":[null]},"JSXIdentifier":{"enter":[null]}},"options":{"version":"7.15.3","helpers":true,"useESModules":false,"corejs":false}},{"key":"proposal-class-properties","visitor":{"PrivateName":{"enter":[null]},"ExportDefaultDeclaration":{"enter":[null]},"_exploded":true,"_verified":true,"ClassExpression":{"enter":[null]},"ClassDeclaration":{"enter":[null]}},"options":{"loose":true}},{"key":"base$0$3","visitor":{"FunctionExpression":{"exit":[null]},"_exploded":true,"_verified":true},"options":{}},{"key":"base$0$4","visitor":{"ForInStatement":{"enter":[null]},"_exploded":true,"_verified":true},"options":{}},{"key":"transform-react-jsx","visitor":{"_exploded":{},"_verified":{},"JSXNamespacedName":{"enter":[null]},"JSXSpreadChild":{"enter":[null]},"Program":{"enter":[null]},"JSXElement":{"exit":[null]},"JSXFragment":{"exit":[null]},"JSXAttribute":{"enter":[null]}},"options":{"pragma":"React.createElement","pragmaFrag":"React.Fragment","runtime":"classic","throwIfNamespace":true,"useBuiltIns":false}},{"key":"transform-react-display-name","visitor":{"ExportDefaultDeclaration":{"enter":[null]},"CallExpression":{"enter":[null]},"_exploded":true,"_verified":true},"options":{}},{"key":"transform-react-pure-annotations","visitor":{"CallExpression":{"enter":[null]},"_exploded":true,"_verified":true},"options":{}},{"key":"syntax-nullish-coalescing-operator","visitor":{"_exploded":true,"_verified":true},"options":{}},{"key":"proposal-nullish-coalescing-operator","visitor":{"_exploded":{},"_verified":{},"LogicalExpression":{"enter":[null]}},"options":{}},{"key":"syntax-optional-chaining","visitor":{"_exploded":true,"_verified":true},"options":{}},{"key":"proposal-optional-chaining","visitor":{"_exploded":true,"OptionalCallExpression":{"enter":[null]},"OptionalMemberExpression":{"enter":[null]},"_verified":true},"options":{}},{"key":"syntax-optional-catch-binding","visitor":{"_exploded":true,"_verified":true},"options":{}},{"key":"proposal-optional-catch-binding","visitor":{"_exploded":{},"_verified":{},"CatchClause":{"enter":[null]}},"options":{}},{"key":"syntax-class-properties","visitor":{"_exploded":true,"_verified":true},"options":{}},{"key":"proposal-class-properties","visitor":{"PrivateName":{"enter":[null]},"ExportDefaultDeclaration":{"enter":[null]},"_exploded":true,"_verified":true,"ClassExpression":{"enter":[null]},"ClassDeclaration":{"enter":[null]}},"options":{}},{"key":"syntax-async-generators","visitor":{"_exploded":true,"_verified":true},"options":{}},{"key":"proposal-async-generator-functions","visitor":{"_exploded":{},"_verified":{},"Program":{"enter":[null]}},"options":{}},{"key":"syntax-object-rest-spread","visitor":{"_exploded":true,"_verified":true},"options":{}},{"key":"proposal-object-rest-spread","visitor":{"_exploded":{},"_verified":{},"VariableDeclarator":{"enter":[null]},"ExportNamedDeclaration":{"enter":[null]},"CatchClause":{"enter":[null]},"AssignmentExpression":{"enter":[null]},"ArrayPattern":{"enter":[null]},"ObjectExpression":{"enter":[null]},"FunctionDeclaration":{"enter":[null]},"FunctionExpression":{"enter":[null]},"ObjectMethod":{"enter":[null]},"ArrowFunctionExpression":{"enter":[null]},"ClassMethod":{"enter":[null]},"ClassPrivateMethod":{"enter":[null]},"ForInStatement":{"enter":[null]},"ForOfStatement":{"enter":[null]}},"options":{}},{"key":"proposal-logical-assignment-operators","visitor":{"_exploded":{},"_verified":{},"AssignmentExpression":{"enter":[null]}},"options":{}},{"key":"transform-arrow-functions","visitor":{"ArrowFunctionExpression":{"enter":[null]},"_exploded":true,"_verified":true},"options":{}},{"key":"transform-block-scoped-functions","visitor":{"BlockStatement":{"enter":[null]},"SwitchCase":{"enter":[null]},"_exploded":true,"_verified":true},"options":{}},{"key":"transform-block-scoping","visitor":{"VariableDeclaration":{"enter":[null]},"CatchClause":{"enter":[null]},"_exploded":true,"BlockStatement":{"enter":[null]},"SwitchStatement":{"enter":[null]},"Program":{"enter":[null]},"_verified":true,"DoWhileStatement":{"enter":[null]},"ForInStatement":{"enter":[null]},"ForStatement":{"enter":[null]},"WhileStatement":{"enter":[null]},"ForOfStatement":{"enter":[null]}},"options":{}},{"key":"transform-classes","visitor":{"ExportDefaultDeclaration":{"enter":[null]},"ClassDeclaration":{"enter":[null]},"ClassExpression":{"enter":[null]},"_exploded":true,"_verified":true},"options":{"loose":true}},{"key":"transform-computed-properties","visitor":{"ObjectExpression":{"exit":[null]},"_exploded":true,"_verified":true},"options":{"loose":true}},{"key":"transform-destructuring","visitor":{"ExportNamedDeclaration":{"enter":[null]},"CatchClause":{"enter":[null]},"AssignmentExpression":{"enter":[null]},"VariableDeclaration":{"enter":[null]},"_exploded":true,"_verified":true,"ForInStatement":{"enter":[null]},"ForOfStatement":{"enter":[null]}},"options":{}},{"key":"transform-for-of","visitor":{"ForOfStatement":{"enter":[null]},"_exploded":true,"_verified":true},"options":{"loose":true}},{"key":"transform-literals","visitor":{"NumericLiteral":{"enter":[null]},"StringLiteral":{"enter":[null]},"_exploded":true,"_verified":true},"options":{}},{"key":"transform-object-super","visitor":{"ObjectExpression":{"enter":[null]},"_exploded":true,"_verified":true},"options":{}},{"key":"transform-parameters","visitor":{"_exploded":true,"_verified":true,"FunctionDeclaration":{"enter":[null]},"FunctionExpression":{"enter":[null]},"ObjectMethod":{"enter":[null]},"ArrowFunctionExpression":{"enter":[null]},"ClassMethod":{"enter":[null]},"ClassPrivateMethod":{"enter":[null]}},"options":{}},{"key":"transform-shorthand-properties","visitor":{"ObjectMethod":{"enter":[null]},"ObjectProperty":{"enter":[null]},"_exploded":true,"_verified":true},"options":{}},{"key":"transform-spread","visitor":{"ArrayExpression":{"enter":[null]},"CallExpression":{"enter":[null]},"NewExpression":{"enter":[null]},"_exploded":true,"_verified":true},"options":{}},{"key":"transform-sticky-regex","visitor":{"RegExpLiteral":{"enter":[null]},"_exploded":true,"_verified":true},"options":{}},{"key":"transform-template-literals","visitor":{"TaggedTemplateExpression":{"enter":[null]},"TemplateLiteral":{"enter":[null]},"_exploded":true,"_verified":true},"options":{"loose":true}},{"key":"transform-typeof-symbol","visitor":{"UnaryExpression":{"enter":[null]},"_exploded":true,"_verified":true,"BlockStatement":{"enter":[null]},"CatchClause":{"enter":[null]},"DoWhileStatement":{"enter":[null]},"ForInStatement":{"enter":[null]},"ForStatement":{"enter":[null]},"FunctionDeclaration":{"enter":[null]},"FunctionExpression":{"enter":[null]},"Program":{"enter":[null]},"ObjectMethod":{"enter":[null]},"SwitchStatement":{"enter":[null]},"WhileStatement":{"enter":[null]},"ArrowFunctionExpression":{"enter":[null]},"ClassExpression":{"enter":[null]},"ClassDeclaration":{"enter":[null]},"ForOfStatement":{"enter":[null]},"ClassMethod":{"enter":[null]},"ClassPrivateMethod":{"enter":[null]},"StaticBlock":{"enter":[null]},"TSModuleBlock":{"enter":[null]},"AssignmentPattern":{"enter":[null]},"ArrayPattern":{"enter":[null]},"ObjectPattern":{"enter":[null]}},"options":{}},{"key":"transform-unicode-regex","visitor":{"RegExpLiteral":{"enter":[null]},"_exploded":true,"_verified":true},"options":{}},{"key":"transform-property-literals","visitor":{"ObjectProperty":{"exit":[null]},"_exploded":true,"_verified":true},"options":{}},{"key":"transform-exponentiation-operator","visitor":{"AssignmentExpression":{"enter":[null]},"BinaryExpression":{"enter":[null]},"_exploded":true,"_verified":true},"options":{}},{"key":"regenerator-transform","visitor":{"_exploded":true,"_verified":true,"ObjectMethod":{"enter":[null],"exit":[null]},"ClassMethod":{"enter":[null],"exit":[null]},"ClassPrivateMethod":{"enter":[null],"exit":[null]},"FunctionDeclaration":{"exit":[null]},"FunctionExpression":{"exit":[null]},"ArrowFunctionExpression":{"exit":[null]}},"options":{}}],"presets":[],"generatorOpts":{"filename":"/home/matheuswm/Downloads/teste/imports/ui/Login.jsx","comments":true,"compact":false,"sourceMaps":true,"sourceFileName":"imports/ui/Login.jsx"}},"code":"var _slicedToArray;\n\nmodule.link(\"@babel/runtime/helpers/slicedToArray\", {\n  default: function (v) {\n    _slicedToArray = v;\n  }\n}, 0);\nmodule.export({\n  Login: function () {\n    return Login;\n  }\n});\nvar Meteor;\nmodule.link(\"meteor/meteor\", {\n  Meteor: function (v) {\n    Meteor = v;\n  }\n}, 0);\nvar React, useState;\nmodule.link(\"react\", {\n  \"default\": function (v) {\n    React = v;\n  },\n  useState: function (v) {\n    useState = v;\n  }\n}, 1);\nvar LoginInput;\nmodule.link(\"./InputLogin\", {\n  LoginInput: function (v) {\n    LoginInput = v;\n  }\n}, 2);\nvar Content, Slogin, Tudo;\nmodule.link(\"./styles/styleLogin.js\", {\n  Content: function (v) {\n    Content = v;\n  },\n  Slogin: function (v) {\n    Slogin = v;\n  },\n  Tudo: function (v) {\n    Tudo = v;\n  }\n}, 3);\n\nvar Login = function () {\n  var _useState = useState(''),\n      _useState2 = _slicedToArray(_useState, 2),\n      user = _useState2[0],\n      setUser = _useState2[1];\n\n  var _useState3 = useState(''),\n      _useState4 = _slicedToArray(_useState3, 2),\n      senha = _useState4[0],\n      setSenha = _useState4[1];\n\n  var _useState5 = useState(''),\n      _useState6 = _slicedToArray(_useState5, 2),\n      senha2 = _useState6[0],\n      setSenha2 = _useState6[1];\n\n  var _useState7 = useState(false),\n      _useState8 = _slicedToArray(_useState7, 2),\n      cadastra = _useState8[0],\n      setCadastra = _useState8[1];\n\n  var submit = function (e) {\n    e.preventDefault();\n    Meteor.loginWithPassword(user, senha);\n  };\n\n  var cadastro = function (e) {\n    e.preventDefault();\n\n    if (senha2 !== senha) {\n      alert(\"As senha estão diferentes\");\n      setCadastra(true);\n      return;\n    }\n\n    setCadastra(false);\n    Meteor.call('user.adiciona', user, senha, function (err) {\n      if (err) {\n        alert(err);\n      }\n    });\n  };\n\n  return /*#__PURE__*/React.createElement(React.Fragment, null, /*#__PURE__*/React.createElement(Tudo, null, /*#__PURE__*/React.createElement(Slogin, null, /*#__PURE__*/React.createElement(Content, null, /*#__PURE__*/React.createElement(\"form\", {\n    onSubmit: cadastra ? cadastro : submit\n  }, /*#__PURE__*/React.createElement(\"h1\", null, cadastra ? 'Faça seu cadastro' : 'Faça login'), /*#__PURE__*/React.createElement(LoginInput, {\n    text: \"Nome de usuário\",\n    placeholder: \"user\",\n    name: \"user\",\n    type: \"text\",\n    set: setUser\n  }), /*#__PURE__*/React.createElement(LoginInput, {\n    text: \"Senha\",\n    type: \"password\",\n    placeholder: \"Password\",\n    name: \"password\",\n    set: setSenha\n  }), cadastra ? /*#__PURE__*/React.createElement(LoginInput, {\n    text: \"Confirme a senha\",\n    type: \"password\",\n    placeholder: \"Password\",\n    name: \"password\",\n    set: setSenha2\n  }) : \"\", /*#__PURE__*/React.createElement(\"p\", null, /*#__PURE__*/React.createElement(\"span\", {\n    onClick: function () {\n      return setCadastra(!cadastra);\n    }\n  }, \" \", cadastra ? 'Para fazer login clique aqui' : 'Para fazer o cadastro clique aqui')), /*#__PURE__*/React.createElement(\"button\", {\n    type: \"submit\"\n  }, cadastra ? 'Cadastre-se' : 'Log in'))))));\n};","map":{"version":3,"sources":["imports/ui/Login.jsx"],"names":["_slicedToArray","module","link","default","v","export","Login","Meteor","React","useState","LoginInput","Content","Slogin","Tudo","user","setUser","senha","setSenha","senha2","setSenha2","cadastra","setCadastra","submit","e","preventDefault","loginWithPassword","cadastro","alert","call","err"],"mappings":"AAAA,IAAIA,cAAJ;;AAAmBC,MAAM,CAACC,IAAP,CAAY,sCAAZ,EAAmD;AAACC,EAAAA,OAAO,EAAC,UAASC,CAAT,EAAW;AAACJ,IAAAA,cAAc,GAACI,CAAf;AAAiB;AAAtC,CAAnD,EAA2F,CAA3F;AAAnBH,MAAM,CAACI,MAAP,CAAc;AAACC,EAAAA,KAAK,EAAC,YAAU;AAAC,WAAOA,KAAP;AAAa;AAA/B,CAAd;AAAgD,IAAIC,MAAJ;AAAWN,MAAM,CAACC,IAAP,CAAY,eAAZ,EAA4B;AAACK,EAAAA,MAAM,EAAC,UAASH,CAAT,EAAW;AAACG,IAAAA,MAAM,GAACH,CAAP;AAAS;AAA7B,CAA5B,EAA2D,CAA3D;AAA8D,IAAII,KAAJ,EAAUC,QAAV;AAAmBR,MAAM,CAACC,IAAP,CAAY,OAAZ,EAAoB;AAAC,aAAQ,UAASE,CAAT,EAAW;AAACI,IAAAA,KAAK,GAACJ,CAAN;AAAQ,GAA7B;AAA8BK,EAAAA,QAAQ,EAAC,UAASL,CAAT,EAAW;AAACK,IAAAA,QAAQ,GAACL,CAAT;AAAW;AAA9D,CAApB,EAAoF,CAApF;AAAuF,IAAIM,UAAJ;AAAeT,MAAM,CAACC,IAAP,CAAY,cAAZ,EAA2B;AAACQ,EAAAA,UAAU,EAAC,UAASN,CAAT,EAAW;AAACM,IAAAA,UAAU,GAACN,CAAX;AAAa;AAArC,CAA3B,EAAkE,CAAlE;AAAqE,IAAIO,OAAJ,EAAYC,MAAZ,EAAmBC,IAAnB;AAAwBZ,MAAM,CAACC,IAAP,CAAY,wBAAZ,EAAqC;AAACS,EAAAA,OAAO,EAAC,UAASP,CAAT,EAAW;AAACO,IAAAA,OAAO,GAACP,CAAR;AAAU,GAA/B;AAAgCQ,EAAAA,MAAM,EAAC,UAASR,CAAT,EAAW;AAACQ,IAAAA,MAAM,GAACR,CAAP;AAAS,GAA5D;AAA6DS,EAAAA,IAAI,EAAC,UAAST,CAAT,EAAW;AAACS,IAAAA,IAAI,GAACT,CAAL;AAAO;AAArF,CAArC,EAA4H,CAA5H;;AAKxU,IAAME,KAAK,GAAG,YAAM;AAEvB,kBAAwBG,QAAQ,CAAC,EAAD,CAAhC;AAAA;AAAA,MAAOK,IAAP;AAAA,MAAaC,OAAb;;AACA,mBAA0BN,QAAQ,CAAC,EAAD,CAAlC;AAAA;AAAA,MAAOO,KAAP;AAAA,MAAcC,QAAd;;AACA,mBAA4BR,QAAQ,CAAC,EAAD,CAApC;AAAA;AAAA,MAAOS,MAAP;AAAA,MAAeC,SAAf;;AACA,mBAAgCV,QAAQ,CAAC,KAAD,CAAxC;AAAA;AAAA,MAAOW,QAAP;AAAA,MAAiBC,WAAjB;;AAEA,MAAMC,MAAM,GAAG,UAAAC,CAAC,EAAI;AAEhBA,IAAAA,CAAC,CAACC,cAAF;AACAjB,IAAAA,MAAM,CAACkB,iBAAP,CAAyBX,IAAzB,EAA+BE,KAA/B;AAAwC,GAH5C;;AAIA,MAAMU,QAAQ,GAAG,UAAAH,CAAC,EAAI;AAEpBA,IAAAA,CAAC,CAACC,cAAF;;AACA,QAAGN,MAAM,KAAKF,KAAd,EAAoB;AAClBW,MAAAA,KAAK,CAAC,2BAAD,CAAL;AACAN,MAAAA,WAAW,CAAC,IAAD,CAAX;AACA;AACD;;AAGDA,IAAAA,WAAW,CAAC,KAAD,CAAX;AAEDd,IAAAA,MAAM,CAACqB,IAAP,CAAY,eAAZ,EAA4Bd,IAA5B,EAAkCE,KAAlC,EAAyC,UAACa,GAAD,EAAQ;AAChD,UAAGA,GAAH,EAAO;AAEHF,QAAAA,KAAK,CAACE,GAAD,CAAL;AAAW;AAGhB,KANA;AAQA,GApBD;;AAyBA,sBAEI,uDACG,oBAAC,IAAD,qBACE,oBAAC,MAAD,qBACE,oBAAC,OAAD,qBAEC;AAAM,IAAA,QAAQ,EAAET,QAAQ,GAAGM,QAAH,GAAcJ;AAAtC,kBACA,gCAAKF,QAAQ,GAAI,mBAAJ,GAA0B,YAAvC,CADA,eAEE,oBAAC,UAAD;AAAY,IAAA,IAAI,EAAE,iBAAlB;AAAsC,IAAA,WAAW,EAAE,MAAnD;AAA2D,IAAA,IAAI,EAAE,MAAjE;AAAyE,IAAA,IAAI,EAAE,MAA/E;AAAuF,IAAA,GAAG,EAAEL;AAA5F,IAFF,eAGE,oBAAC,UAAD;AAAY,IAAA,IAAI,EAAE,OAAlB;AAA4B,IAAA,IAAI,EAAE,UAAlC;AAA8C,IAAA,WAAW,EAAE,UAA3D;AAAuE,IAAA,IAAI,EAAE,UAA7E;AAAyF,IAAA,GAAG,EAAEE;AAA9F,IAHF,EAIGG,QAAQ,gBAAI,oBAAC,UAAD;AAAa,IAAA,IAAI,EAAE,kBAAnB;AAAuC,IAAA,IAAI,EAAE,UAA7C;AAAyD,IAAA,WAAW,EAAE,UAAtE;AAAkF,IAAA,IAAI,EAAE,UAAxF;AAAoG,IAAA,GAAG,EAAED;AAAzG,IAAJ,GAA8H,EAJzI,eAKE,4CAAG;AAAM,IAAA,OAAO,EAAE;AAAA,aAAME,WAAW,CAAC,CAACD,QAAF,CAAjB;AAAA;AAAf,UAA+CA,QAAQ,GAAG,8BAAH,GAAoC,mCAA3F,CAAH,CALF,eAME;AAAQ,IAAA,IAAI,EAAC;AAAb,KAAuBA,QAAQ,GAAG,aAAH,GAAmB,QAAlD,CANF,CAFD,CADF,CADF,CADH,CAFJ;AAqBC,CAzDE","sourcesContent":["import { Meteor } from 'meteor/meteor';\nimport React, { useState } from 'react';\nimport { LoginInput } from './InputLogin';\nimport { Content, Slogin, Tudo } from './styles/styleLogin.js';\n\nexport const Login = () => {\n  \n    const [user, setUser] = useState('');\n    const [senha, setSenha] = useState('');\n    const [senha2, setSenha2] = useState('');\n    const [cadastra, setCadastra] = useState(false);\n\n    const submit = e => {\n      \n        e.preventDefault();\n        Meteor.loginWithPassword(user, senha); } \n    const cadastro = e => {\n      \n      e.preventDefault();\n      if(senha2 !== senha){\n        alert(\"As senha estão diferentes\")\n        setCadastra(true)\n        return\n      }\n     \n      \n      setCadastra(false)\n      \n     Meteor.call('user.adiciona',user, senha, (err) =>{\n      if(err){\n       \n          alert(err)}\n       \n        \n    })\n   \n    }\n   \n\n   \n    \n    return (\n      \n        <>\n           <Tudo>\n             <Slogin>\n               <Content>\n             \n                <form onSubmit={cadastra ? cadastro : submit} >\n                <h1>{cadastra ?  'Faça seu cadastro' : 'Faça login' }</h1>           \n                  <LoginInput text={\"Nome de usuário\"}  placeholder={\"user\"} name={\"user\"} type={\"text\"} set={setUser}/>\n                  <LoginInput text={\"Senha\"}  type={\"password\"} placeholder={\"Password\"} name={\"password\"} set={setSenha}/>\n                  {cadastra ? (<LoginInput  text={\"Confirme a senha\"} type={\"password\"} placeholder={\"Password\"} name={\"password\"} set={setSenha2} />) : \"\"  }\n                  <p><span onClick={() => setCadastra(!cadastra)}> {cadastra ? 'Para fazer login clique aqui' : 'Para fazer o cadastro clique aqui'}</span></p>\n                  <button type=\"submit\">{cadastra ? 'Cadastre-se' : 'Log in'}</button>\n                </form>\n        </Content>\n        </Slogin>\n        </Tudo>\n            </>\n       \n      );\n    };\n    \n"]},"sourceType":"module","hash":"4ceccae5ea41c0a0a2928e641b17472fd4b37bd6"}
