{"metadata":{},"options":{"assumptions":{},"compact":false,"sourceMaps":true,"ast":true,"babelrc":false,"configFile":false,"parserOpts":{"sourceType":"module","sourceFileName":"/home/matheuswm/Downloads/teste/packages/webapp-hashing/webapp-hashing.js","plugins":["*","flow","jsx","asyncGenerators","bigInt","classPrivateMethods","classPrivateProperties","classProperties","doExpressions","dynamicImport","exportDefaultFrom","exportExtensions","exportNamespaceFrom","functionBind","functionSent","importMeta","nullishCoalescingOperator","numericSeparator","objectRestSpread","optionalCatchBinding","optionalChaining",["pipelineOperator",{"proposal":"minimal"}],"throwExpressions","objectRestSpread","objectRestSpread","asyncGenerators","classProperties","classPrivateProperties","jsx","nullishCoalescingOperator","nullishCoalescingOperator","optionalChaining","optionalCatchBinding","optionalCatchBinding","classProperties","classPrivateProperties","classPrivateMethods","classProperties","classPrivateProperties","asyncGenerators","asyncGenerators","objectRestSpread","objectRestSpread","logicalAssignment"],"allowImportExportEverywhere":true,"allowReturnOutsideFunction":true,"allowUndeclaredExports":true,"strictMode":false},"caller":{"name":"meteor","arch":"os.linux.x86_64"},"sourceFileName":"packages/webapp-hashing/webapp-hashing.js","filename":"/home/matheuswm/Downloads/teste/packages/webapp-hashing/webapp-hashing.js","targets":{},"cloneInputAst":true,"browserslistConfigFile":false,"passPerPreset":false,"envName":"development","cwd":"/home/matheuswm/Downloads/teste","root":"/home/matheuswm/Downloads/teste","rootMode":"root","plugins":[{"key":"base$0","visitor":{"_exploded":true,"_verified":true},"options":{}},{"key":"base$0$0","visitor":{"Program":{"enter":[null],"exit":[null]},"_exploded":true,"_verified":true},"options":{"avoidModernSyntax":false,"enforceStrictMode":false,"dynamicImport":true,"generateLetDeclarations":true}},{"key":"transform-runtime","visitor":{"MemberExpression":{"enter":[null]},"ObjectPattern":{"enter":[null]},"BinaryExpression":{"enter":[null]},"_exploded":{},"_verified":{},"Identifier":{"enter":[null]},"JSXIdentifier":{"enter":[null]}},"options":{"version":"7.15.3","helpers":true,"useESModules":false,"corejs":false}},{"key":"syntax-object-rest-spread","visitor":{"_exploded":true,"_verified":true},"options":{}},{"key":"proposal-object-rest-spread","visitor":{"_exploded":{},"_verified":{},"VariableDeclarator":{"enter":[null]},"ExportNamedDeclaration":{"enter":[null]},"CatchClause":{"enter":[null]},"AssignmentExpression":{"enter":[null]},"ArrayPattern":{"enter":[null]},"ObjectExpression":{"enter":[null]},"FunctionDeclaration":{"enter":[null]},"FunctionExpression":{"enter":[null]},"ObjectMethod":{"enter":[null]},"ArrowFunctionExpression":{"enter":[null]},"ClassMethod":{"enter":[null]},"ClassPrivateMethod":{"enter":[null]},"ForInStatement":{"enter":[null]},"ForOfStatement":{"enter":[null]}},"options":{}},{"key":"transform-meteor-async-await","visitor":{"AwaitExpression":{"enter":[null]},"_exploded":true,"_verified":true,"FunctionDeclaration":{"exit":[null]},"FunctionExpression":{"exit":[null]},"ObjectMethod":{"exit":[null]},"ArrowFunctionExpression":{"exit":[null]},"ClassMethod":{"exit":[null]},"ClassPrivateMethod":{"exit":[null]}},"options":{"useNativeAsyncAwait":false}},{"key":"proposal-async-generator-functions","visitor":{"_exploded":{},"_verified":{},"Program":{"enter":[null]}},"options":{}},{"key":"proposal-class-properties","visitor":{"PrivateName":{"enter":[null]},"ExportDefaultDeclaration":{"enter":[null]},"_exploded":true,"_verified":true,"ClassExpression":{"enter":[null]},"ClassDeclaration":{"enter":[null]}},"options":{"loose":true}},{"key":"transform-react-jsx","visitor":{"_exploded":{},"_verified":{},"JSXNamespacedName":{"enter":[null]},"JSXSpreadChild":{"enter":[null]},"Program":{"enter":[null]},"JSXElement":{"exit":[null]},"JSXFragment":{"exit":[null]},"JSXAttribute":{"enter":[null]}},"options":{"pragma":"React.createElement","pragmaFrag":"React.Fragment","runtime":"classic","throwIfNamespace":true,"useBuiltIns":false}},{"key":"transform-react-display-name","visitor":{"ExportDefaultDeclaration":{"enter":[null]},"CallExpression":{"enter":[null]},"_exploded":true,"_verified":true},"options":{}},{"key":"transform-react-pure-annotations","visitor":{"CallExpression":{"enter":[null]},"_exploded":true,"_verified":true},"options":{}},{"key":"syntax-nullish-coalescing-operator","visitor":{"_exploded":true,"_verified":true},"options":{}},{"key":"proposal-nullish-coalescing-operator","visitor":{"_exploded":{},"_verified":{},"LogicalExpression":{"enter":[null]}},"options":{}},{"key":"syntax-optional-chaining","visitor":{"_exploded":true,"_verified":true},"options":{}},{"key":"proposal-optional-chaining","visitor":{"_exploded":true,"OptionalCallExpression":{"enter":[null]},"OptionalMemberExpression":{"enter":[null]},"_verified":true},"options":{}},{"key":"syntax-optional-catch-binding","visitor":{"_exploded":true,"_verified":true},"options":{}},{"key":"proposal-optional-catch-binding","visitor":{"_exploded":{},"_verified":{},"CatchClause":{"enter":[null]}},"options":{}},{"key":"syntax-class-properties","visitor":{"_exploded":true,"_verified":true},"options":{}},{"key":"proposal-class-properties","visitor":{"PrivateName":{"enter":[null]},"ExportDefaultDeclaration":{"enter":[null]},"_exploded":true,"_verified":true,"ClassExpression":{"enter":[null]},"ClassDeclaration":{"enter":[null]}},"options":{}},{"key":"syntax-async-generators","visitor":{"_exploded":true,"_verified":true},"options":{}},{"key":"proposal-async-generator-functions","visitor":{"_exploded":{},"_verified":{},"Program":{"enter":[null]}},"options":{}},{"key":"syntax-object-rest-spread","visitor":{"_exploded":true,"_verified":true},"options":{}},{"key":"proposal-object-rest-spread","visitor":{"_exploded":{},"_verified":{},"VariableDeclarator":{"enter":[null]},"ExportNamedDeclaration":{"enter":[null]},"CatchClause":{"enter":[null]},"AssignmentExpression":{"enter":[null]},"ArrayPattern":{"enter":[null]},"ObjectExpression":{"enter":[null]},"FunctionDeclaration":{"enter":[null]},"FunctionExpression":{"enter":[null]},"ObjectMethod":{"enter":[null]},"ArrowFunctionExpression":{"enter":[null]},"ClassMethod":{"enter":[null]},"ClassPrivateMethod":{"enter":[null]},"ForInStatement":{"enter":[null]},"ForOfStatement":{"enter":[null]}},"options":{}},{"key":"proposal-logical-assignment-operators","visitor":{"_exploded":{},"_verified":{},"AssignmentExpression":{"enter":[null]}},"options":{}},{"key":"transform-literals","visitor":{"NumericLiteral":{"enter":[null]},"StringLiteral":{"enter":[null]},"_exploded":true,"_verified":true},"options":{}},{"key":"transform-template-literals","visitor":{"TaggedTemplateExpression":{"enter":[null]},"TemplateLiteral":{"enter":[null]},"_exploded":true,"_verified":true},"options":{}},{"key":"transform-parameters","visitor":{"_exploded":true,"_verified":true,"FunctionDeclaration":{"enter":[null]},"FunctionExpression":{"enter":[null]},"ObjectMethod":{"enter":[null]},"ArrowFunctionExpression":{"enter":[null]},"ClassMethod":{"enter":[null]},"ClassPrivateMethod":{"enter":[null]}},"options":{}},{"key":"transform-exponentiation-operator","visitor":{"AssignmentExpression":{"enter":[null]},"BinaryExpression":{"enter":[null]},"_exploded":true,"_verified":true},"options":{}}],"presets":[],"generatorOpts":{"filename":"/home/matheuswm/Downloads/teste/packages/webapp-hashing/webapp-hashing.js","comments":true,"compact":false,"sourceMaps":true,"sourceFileName":"packages/webapp-hashing/webapp-hashing.js"}},"code":"var crypto = Npm.require(\"crypto\");\n\nWebAppHashing = {}; // Calculate a hash of all the client resources downloaded by the\n// browser, including the application HTML, runtime config, code, and\n// static files.\n//\n// This hash *must* change if any resources seen by the browser\n// change, and ideally *doesn't* change for any server-only changes\n// (but the second is a performance enhancement, not a hard\n// requirement).\n\nWebAppHashing.calculateClientHash = function (manifest, includeFilter, runtimeConfigOverride) {\n  var hash = crypto.createHash('sha1'); // Omit the old hashed client values in the new hash. These may be\n  // modified in the new boilerplate.\n\n  var runtimeCfg = _.omit(__meteor_runtime_config__, ['autoupdateVersion', 'autoupdateVersionRefreshable', 'autoupdateVersionCordova']);\n\n  if (runtimeConfigOverride) {\n    runtimeCfg = runtimeConfigOverride;\n  }\n\n  hash.update(JSON.stringify(runtimeCfg, 'utf8'));\n\n  _.each(manifest, function (resource) {\n    if ((!includeFilter || includeFilter(resource.type, resource.replaceable)) && (resource.where === 'client' || resource.where === 'internal')) {\n      hash.update(resource.path);\n      hash.update(resource.hash);\n    }\n  });\n\n  return hash.digest('hex');\n};\n\nWebAppHashing.calculateCordovaCompatibilityHash = function (platformVersion, pluginVersions) {\n  const hash = crypto.createHash('sha1');\n  hash.update(platformVersion); // Sort plugins first so iteration order doesn't affect the hash\n\n  const plugins = Object.keys(pluginVersions).sort();\n\n  for (let plugin of plugins) {\n    const version = pluginVersions[plugin];\n    hash.update(plugin);\n    hash.update(version);\n  }\n\n  return hash.digest('hex');\n};","map":{"version":3,"sources":["packages/webapp-hashing/webapp-hashing.js"],"names":["crypto","Npm","require","WebAppHashing","calculateClientHash","manifest","includeFilter","runtimeConfigOverride","hash","createHash","runtimeCfg","_","omit","__meteor_runtime_config__","update","JSON","stringify","each","resource","type","replaceable","where","path","digest","calculateCordovaCompatibilityHash","platformVersion","pluginVersions","plugins","Object","keys","sort","plugin","version"],"mappings":"AAAA,IAAIA,MAAM,GAAGC,GAAG,CAACC,OAAJ,CAAY,QAAZ,CAAb;;AAEAC,aAAa,GAAG,EAAhB,C,CAEA;AACA;AACA;AACA;AACA;AACA;AACA;AACA;;AAEAA,aAAa,CAACC,mBAAd,GACE,UAAUC,QAAV,EAAoBC,aAApB,EAAmCC,qBAAnC,EAA0D;AAC1D,MAAIC,IAAI,GAAGR,MAAM,CAACS,UAAP,CAAkB,MAAlB,CAAX,CAD0D,CAG1D;AACA;;AACA,MAAIC,UAAU,GAAGC,CAAC,CAACC,IAAF,CAAOC,yBAAP,EACf,CAAC,mBAAD,EAAsB,8BAAtB,EACC,0BADD,CADe,CAAjB;;AAIA,MAAIN,qBAAJ,EAA2B;AACzBG,IAAAA,UAAU,GAAGH,qBAAb;AACD;;AAEDC,EAAAA,IAAI,CAACM,MAAL,CAAYC,IAAI,CAACC,SAAL,CAAeN,UAAf,EAA2B,MAA3B,CAAZ;;AAEAC,EAAAA,CAAC,CAACM,IAAF,CAAOZ,QAAP,EAAiB,UAAUa,QAAV,EAAoB;AACjC,QAAI,CAAC,CAAEZ,aAAF,IAAmBA,aAAa,CAACY,QAAQ,CAACC,IAAV,EAAgBD,QAAQ,CAACE,WAAzB,CAAjC,MACCF,QAAQ,CAACG,KAAT,KAAmB,QAAnB,IAA+BH,QAAQ,CAACG,KAAT,KAAmB,UADnD,CAAJ,EACoE;AACpEb,MAAAA,IAAI,CAACM,MAAL,CAAYI,QAAQ,CAACI,IAArB;AACAd,MAAAA,IAAI,CAACM,MAAL,CAAYI,QAAQ,CAACV,IAArB;AACD;AACF,GAND;;AAOA,SAAOA,IAAI,CAACe,MAAL,CAAY,KAAZ,CAAP;AACD,CAxBD;;AA0BApB,aAAa,CAACqB,iCAAd,GACE,UAASC,eAAT,EAA0BC,cAA1B,EAA0C;AAC1C,QAAMlB,IAAI,GAAGR,MAAM,CAACS,UAAP,CAAkB,MAAlB,CAAb;AAEAD,EAAAA,IAAI,CAACM,MAAL,CAAYW,eAAZ,EAH0C,CAK1C;;AACA,QAAME,OAAO,GAAGC,MAAM,CAACC,IAAP,CAAYH,cAAZ,EAA4BI,IAA5B,EAAhB;;AACA,OAAK,IAAIC,MAAT,IAAmBJ,OAAnB,EAA4B;AAC1B,UAAMK,OAAO,GAAGN,cAAc,CAACK,MAAD,CAA9B;AACAvB,IAAAA,IAAI,CAACM,MAAL,CAAYiB,MAAZ;AACAvB,IAAAA,IAAI,CAACM,MAAL,CAAYkB,OAAZ;AACD;;AAED,SAAOxB,IAAI,CAACe,MAAL,CAAY,KAAZ,CAAP;AACD,CAfD","sourcesContent":["var crypto = Npm.require(\"crypto\");\n\nWebAppHashing = {};\n\n// Calculate a hash of all the client resources downloaded by the\n// browser, including the application HTML, runtime config, code, and\n// static files.\n//\n// This hash *must* change if any resources seen by the browser\n// change, and ideally *doesn't* change for any server-only changes\n// (but the second is a performance enhancement, not a hard\n// requirement).\n\nWebAppHashing.calculateClientHash =\n  function (manifest, includeFilter, runtimeConfigOverride) {\n  var hash = crypto.createHash('sha1');\n\n  // Omit the old hashed client values in the new hash. These may be\n  // modified in the new boilerplate.\n  var runtimeCfg = _.omit(__meteor_runtime_config__,\n    ['autoupdateVersion', 'autoupdateVersionRefreshable',\n     'autoupdateVersionCordova']);\n\n  if (runtimeConfigOverride) {\n    runtimeCfg = runtimeConfigOverride;\n  }\n\n  hash.update(JSON.stringify(runtimeCfg, 'utf8'));\n\n  _.each(manifest, function (resource) {\n      if ((! includeFilter || includeFilter(resource.type, resource.replaceable)) &&\n          (resource.where === 'client' || resource.where === 'internal')) {\n      hash.update(resource.path);\n      hash.update(resource.hash);\n    }\n  });\n  return hash.digest('hex');\n};\n\nWebAppHashing.calculateCordovaCompatibilityHash =\n  function(platformVersion, pluginVersions) {\n  const hash = crypto.createHash('sha1');\n\n  hash.update(platformVersion);\n\n  // Sort plugins first so iteration order doesn't affect the hash\n  const plugins = Object.keys(pluginVersions).sort();\n  for (let plugin of plugins) {\n    const version = pluginVersions[plugin];\n    hash.update(plugin);\n    hash.update(version);\n  }\n\n  return hash.digest('hex');\n};\n"]},"sourceType":"module","hash":"5715b7e95d186807d084e691b38199c3feb860c4"}
