{"metadata":{},"options":{"assumptions":{},"compact":false,"sourceMaps":true,"ast":true,"babelrc":false,"configFile":false,"parserOpts":{"sourceType":"module","sourceFileName":"/home/matheuswm/Downloads/teste/packages/mongo-id/id.js","plugins":["*","flow","jsx","asyncGenerators","bigInt","classPrivateMethods","classPrivateProperties","classProperties","doExpressions","dynamicImport","exportDefaultFrom","exportExtensions","exportNamespaceFrom","functionBind","functionSent","importMeta","nullishCoalescingOperator","numericSeparator","objectRestSpread","optionalCatchBinding","optionalChaining",["pipelineOperator",{"proposal":"minimal"}],"throwExpressions","classProperties","classPrivateProperties","jsx","nullishCoalescingOperator","nullishCoalescingOperator","optionalChaining","optionalCatchBinding","optionalCatchBinding","classProperties","classPrivateProperties","classPrivateMethods","classProperties","classPrivateProperties","asyncGenerators","asyncGenerators","objectRestSpread","objectRestSpread","logicalAssignment"],"allowImportExportEverywhere":true,"allowReturnOutsideFunction":true,"allowUndeclaredExports":true,"strictMode":false},"caller":{"name":"meteor","arch":"web.cordova"},"sourceFileName":"packages/mongo-id/id.js","filename":"/home/matheuswm/Downloads/teste/packages/mongo-id/id.js","targets":{},"cloneInputAst":true,"browserslistConfigFile":false,"passPerPreset":false,"envName":"development","cwd":"/home/matheuswm/Downloads/teste","root":"/home/matheuswm/Downloads/teste","rootMode":"root","plugins":[{"key":"base$0","visitor":{"_exploded":true,"_verified":true},"options":{}},{"key":"base$0$0","visitor":{"Program":{"enter":[null],"exit":[null]},"_exploded":true,"_verified":true},"options":{"avoidModernSyntax":true,"enforceStrictMode":false,"dynamicImport":true}},{"key":"transform-runtime","visitor":{"MemberExpression":{"enter":[null]},"ObjectPattern":{"enter":[null]},"BinaryExpression":{"enter":[null]},"_exploded":{},"_verified":{},"Identifier":{"enter":[null]},"JSXIdentifier":{"enter":[null]}},"options":{"version":"7.15.3","helpers":true,"useESModules":false,"corejs":false}},{"key":"proposal-class-properties","visitor":{"PrivateName":{"enter":[null]},"ExportDefaultDeclaration":{"enter":[null]},"_exploded":true,"_verified":true,"ClassExpression":{"enter":[null]},"ClassDeclaration":{"enter":[null]}},"options":{"loose":true}},{"key":"base$0$3","visitor":{"FunctionExpression":{"exit":[null]},"_exploded":true,"_verified":true},"options":{}},{"key":"base$0$4","visitor":{"ForInStatement":{"enter":[null]},"_exploded":true,"_verified":true},"options":{}},{"key":"transform-react-jsx","visitor":{"_exploded":{},"_verified":{},"JSXNamespacedName":{"enter":[null]},"JSXSpreadChild":{"enter":[null]},"Program":{"enter":[null]},"JSXElement":{"exit":[null]},"JSXFragment":{"exit":[null]},"JSXAttribute":{"enter":[null]}},"options":{"pragma":"React.createElement","pragmaFrag":"React.Fragment","runtime":"classic","throwIfNamespace":true,"useBuiltIns":false}},{"key":"transform-react-display-name","visitor":{"ExportDefaultDeclaration":{"enter":[null]},"CallExpression":{"enter":[null]},"_exploded":true,"_verified":true},"options":{}},{"key":"transform-react-pure-annotations","visitor":{"CallExpression":{"enter":[null]},"_exploded":true,"_verified":true},"options":{}},{"key":"syntax-nullish-coalescing-operator","visitor":{"_exploded":true,"_verified":true},"options":{}},{"key":"proposal-nullish-coalescing-operator","visitor":{"_exploded":{},"_verified":{},"LogicalExpression":{"enter":[null]}},"options":{}},{"key":"syntax-optional-chaining","visitor":{"_exploded":true,"_verified":true},"options":{}},{"key":"proposal-optional-chaining","visitor":{"_exploded":true,"OptionalCallExpression":{"enter":[null]},"OptionalMemberExpression":{"enter":[null]},"_verified":true},"options":{}},{"key":"syntax-optional-catch-binding","visitor":{"_exploded":true,"_verified":true},"options":{}},{"key":"proposal-optional-catch-binding","visitor":{"_exploded":{},"_verified":{},"CatchClause":{"enter":[null]}},"options":{}},{"key":"syntax-class-properties","visitor":{"_exploded":true,"_verified":true},"options":{}},{"key":"proposal-class-properties","visitor":{"PrivateName":{"enter":[null]},"ExportDefaultDeclaration":{"enter":[null]},"_exploded":true,"_verified":true,"ClassExpression":{"enter":[null]},"ClassDeclaration":{"enter":[null]}},"options":{}},{"key":"syntax-async-generators","visitor":{"_exploded":true,"_verified":true},"options":{}},{"key":"proposal-async-generator-functions","visitor":{"_exploded":{},"_verified":{},"Program":{"enter":[null]}},"options":{}},{"key":"syntax-object-rest-spread","visitor":{"_exploded":true,"_verified":true},"options":{}},{"key":"proposal-object-rest-spread","visitor":{"_exploded":{},"_verified":{},"VariableDeclarator":{"enter":[null]},"ExportNamedDeclaration":{"enter":[null]},"CatchClause":{"enter":[null]},"AssignmentExpression":{"enter":[null]},"ArrayPattern":{"enter":[null]},"ObjectExpression":{"enter":[null]},"FunctionDeclaration":{"enter":[null]},"FunctionExpression":{"enter":[null]},"ObjectMethod":{"enter":[null]},"ArrowFunctionExpression":{"enter":[null]},"ClassMethod":{"enter":[null]},"ClassPrivateMethod":{"enter":[null]},"ForInStatement":{"enter":[null]},"ForOfStatement":{"enter":[null]}},"options":{}},{"key":"proposal-logical-assignment-operators","visitor":{"_exploded":{},"_verified":{},"AssignmentExpression":{"enter":[null]}},"options":{}},{"key":"transform-arrow-functions","visitor":{"ArrowFunctionExpression":{"enter":[null]},"_exploded":true,"_verified":true},"options":{}},{"key":"transform-block-scoped-functions","visitor":{"BlockStatement":{"enter":[null]},"SwitchCase":{"enter":[null]},"_exploded":true,"_verified":true},"options":{}},{"key":"transform-block-scoping","visitor":{"VariableDeclaration":{"enter":[null]},"CatchClause":{"enter":[null]},"_exploded":true,"BlockStatement":{"enter":[null]},"SwitchStatement":{"enter":[null]},"Program":{"enter":[null]},"_verified":true,"DoWhileStatement":{"enter":[null]},"ForInStatement":{"enter":[null]},"ForStatement":{"enter":[null]},"WhileStatement":{"enter":[null]},"ForOfStatement":{"enter":[null]}},"options":{}},{"key":"transform-classes","visitor":{"ExportDefaultDeclaration":{"enter":[null]},"ClassDeclaration":{"enter":[null]},"ClassExpression":{"enter":[null]},"_exploded":true,"_verified":true},"options":{"loose":true}},{"key":"transform-computed-properties","visitor":{"ObjectExpression":{"exit":[null]},"_exploded":true,"_verified":true},"options":{"loose":true}},{"key":"transform-destructuring","visitor":{"ExportNamedDeclaration":{"enter":[null]},"CatchClause":{"enter":[null]},"AssignmentExpression":{"enter":[null]},"VariableDeclaration":{"enter":[null]},"_exploded":true,"_verified":true,"ForInStatement":{"enter":[null]},"ForOfStatement":{"enter":[null]}},"options":{}},{"key":"transform-for-of","visitor":{"ForOfStatement":{"enter":[null]},"_exploded":true,"_verified":true},"options":{"loose":true}},{"key":"transform-literals","visitor":{"NumericLiteral":{"enter":[null]},"StringLiteral":{"enter":[null]},"_exploded":true,"_verified":true},"options":{}},{"key":"transform-object-super","visitor":{"ObjectExpression":{"enter":[null]},"_exploded":true,"_verified":true},"options":{}},{"key":"transform-parameters","visitor":{"_exploded":true,"_verified":true,"FunctionDeclaration":{"enter":[null]},"FunctionExpression":{"enter":[null]},"ObjectMethod":{"enter":[null]},"ArrowFunctionExpression":{"enter":[null]},"ClassMethod":{"enter":[null]},"ClassPrivateMethod":{"enter":[null]}},"options":{}},{"key":"transform-shorthand-properties","visitor":{"ObjectMethod":{"enter":[null]},"ObjectProperty":{"enter":[null]},"_exploded":true,"_verified":true},"options":{}},{"key":"transform-spread","visitor":{"ArrayExpression":{"enter":[null]},"CallExpression":{"enter":[null]},"NewExpression":{"enter":[null]},"_exploded":true,"_verified":true},"options":{}},{"key":"transform-sticky-regex","visitor":{"RegExpLiteral":{"enter":[null]},"_exploded":true,"_verified":true},"options":{}},{"key":"transform-template-literals","visitor":{"TaggedTemplateExpression":{"enter":[null]},"TemplateLiteral":{"enter":[null]},"_exploded":true,"_verified":true},"options":{"loose":true}},{"key":"transform-typeof-symbol","visitor":{"UnaryExpression":{"enter":[null]},"_exploded":true,"_verified":true,"BlockStatement":{"enter":[null]},"CatchClause":{"enter":[null]},"DoWhileStatement":{"enter":[null]},"ForInStatement":{"enter":[null]},"ForStatement":{"enter":[null]},"FunctionDeclaration":{"enter":[null]},"FunctionExpression":{"enter":[null]},"Program":{"enter":[null]},"ObjectMethod":{"enter":[null]},"SwitchStatement":{"enter":[null]},"WhileStatement":{"enter":[null]},"ArrowFunctionExpression":{"enter":[null]},"ClassExpression":{"enter":[null]},"ClassDeclaration":{"enter":[null]},"ForOfStatement":{"enter":[null]},"ClassMethod":{"enter":[null]},"ClassPrivateMethod":{"enter":[null]},"StaticBlock":{"enter":[null]},"TSModuleBlock":{"enter":[null]},"AssignmentPattern":{"enter":[null]},"ArrayPattern":{"enter":[null]},"ObjectPattern":{"enter":[null]}},"options":{}},{"key":"transform-unicode-regex","visitor":{"RegExpLiteral":{"enter":[null]},"_exploded":true,"_verified":true},"options":{}},{"key":"transform-property-literals","visitor":{"ObjectProperty":{"exit":[null]},"_exploded":true,"_verified":true},"options":{}},{"key":"transform-exponentiation-operator","visitor":{"AssignmentExpression":{"enter":[null]},"BinaryExpression":{"enter":[null]},"_exploded":true,"_verified":true},"options":{}},{"key":"regenerator-transform","visitor":{"_exploded":true,"_verified":true,"ObjectMethod":{"enter":[null],"exit":[null]},"ClassMethod":{"enter":[null],"exit":[null]},"ClassPrivateMethod":{"enter":[null],"exit":[null]},"FunctionDeclaration":{"exit":[null]},"FunctionExpression":{"exit":[null]},"ArrowFunctionExpression":{"exit":[null]}},"options":{}}],"presets":[],"generatorOpts":{"filename":"/home/matheuswm/Downloads/teste/packages/mongo-id/id.js","comments":true,"compact":false,"sourceMaps":true,"sourceFileName":"packages/mongo-id/id.js"}},"code":"var _typeof;\n\nmodule.link(\"@babel/runtime/helpers/typeof\", {\n  default: function (v) {\n    _typeof = v;\n  }\n}, 0);\nmodule.export({\n  MongoID: function () {\n    return MongoID;\n  }\n});\nvar EJSON;\nmodule.link(\"meteor/ejson\", {\n  EJSON: function (v) {\n    EJSON = v;\n  }\n}, 0);\nvar Random;\nmodule.link(\"meteor/random\", {\n  Random: function (v) {\n    Random = v;\n  }\n}, 1);\nvar MongoID = {};\n\nMongoID._looksLikeObjectID = function (str) {\n  return str.length === 24 && str.match(/^[0-9a-f]*$/);\n};\n\nMongoID.ObjectID = /*#__PURE__*/function () {\n  function ObjectID(hexString) {\n    //random-based impl of Mongo ObjectID\n    if (hexString) {\n      hexString = hexString.toLowerCase();\n\n      if (!MongoID._looksLikeObjectID(hexString)) {\n        throw new Error('Invalid hexadecimal string for creating an ObjectID');\n      } // meant to work with _.isEqual(), which relies on structural equality\n\n\n      this._str = hexString;\n    } else {\n      this._str = Random.hexString(24);\n    }\n  }\n\n  var _proto = ObjectID.prototype;\n\n  _proto.equals = function () {\n    function equals(other) {\n      return other instanceof MongoID.ObjectID && this.valueOf() === other.valueOf();\n    }\n\n    return equals;\n  }();\n\n  _proto.toString = function () {\n    function toString() {\n      return \"ObjectID(\\\"\" + this._str + \"\\\")\";\n    }\n\n    return toString;\n  }();\n\n  _proto.clone = function () {\n    function clone() {\n      return new MongoID.ObjectID(this._str);\n    }\n\n    return clone;\n  }();\n\n  _proto.typeName = function () {\n    function typeName() {\n      return 'oid';\n    }\n\n    return typeName;\n  }();\n\n  _proto.getTimestamp = function () {\n    function getTimestamp() {\n      return Number.parseInt(this._str.substr(0, 8), 16);\n    }\n\n    return getTimestamp;\n  }();\n\n  _proto.valueOf = function () {\n    function valueOf() {\n      return this._str;\n    }\n\n    return valueOf;\n  }();\n\n  _proto.toJSONValue = function () {\n    function toJSONValue() {\n      return this.valueOf();\n    }\n\n    return toJSONValue;\n  }();\n\n  _proto.toHexString = function () {\n    function toHexString() {\n      return this.valueOf();\n    }\n\n    return toHexString;\n  }();\n\n  return ObjectID;\n}();\n\nEJSON.addType('oid', function (str) {\n  return new MongoID.ObjectID(str);\n});\n\nMongoID.idStringify = function (id) {\n  if (id instanceof MongoID.ObjectID) {\n    return id.valueOf();\n  } else if (typeof id === 'string') {\n    var firstChar = id.charAt(0);\n\n    if (id === '') {\n      return id;\n    } else if (firstChar === '-' || // escape previously dashed strings\n    firstChar === '~' || // escape escaped numbers, true, false\n    MongoID._looksLikeObjectID(id) || // escape object-id-form strings\n    firstChar === '{') {\n      // escape object-form strings, for maybe implementing later\n      return \"-\" + id;\n    } else {\n      return id; // other strings go through unchanged.\n    }\n  } else if (id === undefined) {\n    return '-';\n  } else if (_typeof(id) === 'object' && id !== null) {\n    throw new Error('Meteor does not currently support objects other than ObjectID as ids');\n  } else {\n    // Numbers, true, false, null\n    return \"~\" + JSON.stringify(id);\n  }\n};\n\nMongoID.idParse = function (id) {\n  var firstChar = id.charAt(0);\n\n  if (id === '') {\n    return id;\n  } else if (id === '-') {\n    return undefined;\n  } else if (firstChar === '-') {\n    return id.substr(1);\n  } else if (firstChar === '~') {\n    return JSON.parse(id.substr(1));\n  } else if (MongoID._looksLikeObjectID(id)) {\n    return new MongoID.ObjectID(id);\n  } else {\n    return id;\n  }\n};","map":{"version":3,"sources":["packages/mongo-id/id.js"],"names":["_typeof","module","link","default","v","export","MongoID","EJSON","Random","_looksLikeObjectID","str","length","match","ObjectID","hexString","toLowerCase","Error","_str","equals","other","valueOf","toString","clone","typeName","getTimestamp","Number","parseInt","substr","toJSONValue","toHexString","addType","idStringify","id","firstChar","charAt","undefined","JSON","stringify","idParse","parse"],"mappings":"AAAA,IAAIA,OAAJ;;AAAYC,MAAM,CAACC,IAAP,CAAY,+BAAZ,EAA4C;AAACC,EAAAA,OAAO,EAAC,UAASC,CAAT,EAAW;AAACJ,IAAAA,OAAO,GAACI,CAAR;AAAU;AAA/B,CAA5C,EAA6E,CAA7E;AAAZH,MAAM,CAACI,MAAP,CAAc;AAACC,EAAAA,OAAO,EAAC,YAAU;AAAC,WAAOA,OAAP;AAAe;AAAnC,CAAd;AAAoD,IAAIC,KAAJ;AAAUN,MAAM,CAACC,IAAP,CAAY,cAAZ,EAA2B;AAACK,EAAAA,KAAK,EAAC,UAASH,CAAT,EAAW;AAACG,IAAAA,KAAK,GAACH,CAAN;AAAQ;AAA3B,CAA3B,EAAwD,CAAxD;AAA2D,IAAII,MAAJ;AAAWP,MAAM,CAACC,IAAP,CAAY,eAAZ,EAA4B;AAACM,EAAAA,MAAM,EAAC,UAASJ,CAAT,EAAW;AAACI,IAAAA,MAAM,GAACJ,CAAP;AAAS;AAA7B,CAA5B,EAA2D,CAA3D;AAGpI,IAAME,OAAO,GAAG,EAAhB;;AAEAA,OAAO,CAACG,kBAAR,GAA6B,UAAAC,GAAG;AAAA,SAAIA,GAAG,CAACC,MAAJ,KAAe,EAAf,IAAqBD,GAAG,CAACE,KAAJ,CAAU,aAAV,CAAzB;AAAA,CAAhC;;AAEAN,OAAO,CAACO,QAAR;AACE,oBAAaC,SAAb,EAAwB;AACtB;AACA,QAAIA,SAAJ,EAAe;AACbA,MAAAA,SAAS,GAAGA,SAAS,CAACC,WAAV,EAAZ;;AACA,UAAI,CAACT,OAAO,CAACG,kBAAR,CAA2BK,SAA3B,CAAL,EAA4C;AAC1C,cAAM,IAAIE,KAAJ,CAAU,qDAAV,CAAN;AACD,OAJY,CAKb;;;AACA,WAAKC,IAAL,GAAYH,SAAZ;AACD,KAPD,MAOO;AACL,WAAKG,IAAL,GAAYT,MAAM,CAACM,SAAP,CAAiB,EAAjB,CAAZ;AACD;AACF;;AAbH;;AAAA,SAeEI,MAfF;AAeE,oBAAOC,KAAP,EAAc;AACZ,aAAOA,KAAK,YAAYb,OAAO,CAACO,QAAzB,IACP,KAAKO,OAAL,OAAmBD,KAAK,CAACC,OAAN,EADnB;AAED;;AAlBH;AAAA;;AAAA,SAoBEC,QApBF;AAoBE,wBAAW;AACT,6BAAoB,KAAKJ,IAAzB;AACD;;AAtBH;AAAA;;AAAA,SAwBEK,KAxBF;AAwBE,qBAAQ;AACN,aAAO,IAAIhB,OAAO,CAACO,QAAZ,CAAqB,KAAKI,IAA1B,CAAP;AACD;;AA1BH;AAAA;;AAAA,SA4BEM,QA5BF;AA4BE,wBAAW;AACT,aAAO,KAAP;AACD;;AA9BH;AAAA;;AAAA,SAgCEC,YAhCF;AAgCE,4BAAe;AACb,aAAOC,MAAM,CAACC,QAAP,CAAgB,KAAKT,IAAL,CAAUU,MAAV,CAAiB,CAAjB,EAAoB,CAApB,CAAhB,EAAwC,EAAxC,CAAP;AACD;;AAlCH;AAAA;;AAAA,SAoCEP,OApCF;AAoCE,uBAAU;AACR,aAAO,KAAKH,IAAZ;AACD;;AAtCH;AAAA;;AAAA,SAwCEW,WAxCF;AAwCE,2BAAc;AACZ,aAAO,KAAKR,OAAL,EAAP;AACD;;AA1CH;AAAA;;AAAA,SA4CES,WA5CF;AA4CE,2BAAc;AACZ,aAAO,KAAKT,OAAL,EAAP;AACD;;AA9CH;AAAA;;AAAA;AAAA;;AAkDAb,KAAK,CAACuB,OAAN,CAAc,KAAd,EAAqB,UAAApB,GAAG;AAAA,SAAI,IAAIJ,OAAO,CAACO,QAAZ,CAAqBH,GAArB,CAAJ;AAAA,CAAxB;;AAEAJ,OAAO,CAACyB,WAAR,GAAsB,UAACC,EAAD,EAAQ;AAC5B,MAAIA,EAAE,YAAY1B,OAAO,CAACO,QAA1B,EAAoC;AAClC,WAAOmB,EAAE,CAACZ,OAAH,EAAP;AACD,GAFD,MAEO,IAAI,OAAOY,EAAP,KAAc,QAAlB,EAA4B;AACjC,QAAIC,SAAS,GAAGD,EAAE,CAACE,MAAH,CAAU,CAAV,CAAhB;;AACA,QAAIF,EAAE,KAAK,EAAX,EAAe;AACb,aAAOA,EAAP;AACD,KAFD,MAEO,IAAIC,SAAS,KAAK,GAAd,IAAqB;AACrBA,IAAAA,SAAS,KAAK,GADd,IACqB;AACrB3B,IAAAA,OAAO,CAACG,kBAAR,CAA2BuB,EAA3B,CAFA,IAEkC;AAClCC,IAAAA,SAAS,KAAK,GAHlB,EAGuB;AAAE;AAC9B,mBAAWD,EAAX;AACD,KALM,MAKA;AACL,aAAOA,EAAP,CADK,CACM;AACZ;AACF,GAZM,MAYA,IAAIA,EAAE,KAAKG,SAAX,EAAsB;AAC3B,WAAO,GAAP;AACD,GAFM,MAEA,IAAI,QAAOH,EAAP,MAAc,QAAd,IAA0BA,EAAE,KAAK,IAArC,EAA2C;AAChD,UAAM,IAAIhB,KAAJ,CAAU,sEAAV,CAAN;AACD,GAFM,MAEA;AAAE;AACP,iBAAWoB,IAAI,CAACC,SAAL,CAAeL,EAAf,CAAX;AACD;AACF,CAtBD;;AAwBA1B,OAAO,CAACgC,OAAR,GAAkB,UAACN,EAAD,EAAQ;AACxB,MAAIC,SAAS,GAAGD,EAAE,CAACE,MAAH,CAAU,CAAV,CAAhB;;AACA,MAAIF,EAAE,KAAK,EAAX,EAAe;AACb,WAAOA,EAAP;AACD,GAFD,MAEO,IAAIA,EAAE,KAAK,GAAX,EAAgB;AACrB,WAAOG,SAAP;AACD,GAFM,MAEA,IAAIF,SAAS,KAAK,GAAlB,EAAuB;AAC5B,WAAOD,EAAE,CAACL,MAAH,CAAU,CAAV,CAAP;AACD,GAFM,MAEA,IAAIM,SAAS,KAAK,GAAlB,EAAuB;AAC5B,WAAOG,IAAI,CAACG,KAAL,CAAWP,EAAE,CAACL,MAAH,CAAU,CAAV,CAAX,CAAP;AACD,GAFM,MAEA,IAAIrB,OAAO,CAACG,kBAAR,CAA2BuB,EAA3B,CAAJ,EAAoC;AACzC,WAAO,IAAI1B,OAAO,CAACO,QAAZ,CAAqBmB,EAArB,CAAP;AACD,GAFM,MAEA;AACL,WAAOA,EAAP;AACD;AACF,CAfD","sourcesContent":["import { EJSON } from 'meteor/ejson';\nimport { Random } from 'meteor/random';\n\nconst MongoID = {};\n\nMongoID._looksLikeObjectID = str => str.length === 24 && str.match(/^[0-9a-f]*$/);\n\nMongoID.ObjectID = class ObjectID {\n  constructor (hexString) {\n    //random-based impl of Mongo ObjectID\n    if (hexString) {\n      hexString = hexString.toLowerCase();\n      if (!MongoID._looksLikeObjectID(hexString)) {\n        throw new Error('Invalid hexadecimal string for creating an ObjectID');\n      }\n      // meant to work with _.isEqual(), which relies on structural equality\n      this._str = hexString;\n    } else {\n      this._str = Random.hexString(24);\n    }\n  }\n\n  equals(other) {\n    return other instanceof MongoID.ObjectID &&\n    this.valueOf() === other.valueOf();\n  }\n\n  toString() {\n    return `ObjectID(\"${this._str}\")`;\n  }\n\n  clone() {\n    return new MongoID.ObjectID(this._str);\n  }\n\n  typeName() {\n    return 'oid';\n  }\n\n  getTimestamp() {\n    return Number.parseInt(this._str.substr(0, 8), 16);\n  }\n\n  valueOf() {\n    return this._str;\n  }\n\n  toJSONValue() {\n    return this.valueOf();\n  }\n\n  toHexString() {\n    return this.valueOf();\n  }\n\n}\n\nEJSON.addType('oid', str => new MongoID.ObjectID(str));\n\nMongoID.idStringify = (id) => {\n  if (id instanceof MongoID.ObjectID) {\n    return id.valueOf();\n  } else if (typeof id === 'string') {\n    var firstChar = id.charAt(0);\n    if (id === '') {\n      return id;\n    } else if (firstChar === '-' || // escape previously dashed strings\n               firstChar === '~' || // escape escaped numbers, true, false\n               MongoID._looksLikeObjectID(id) || // escape object-id-form strings\n               firstChar === '{') { // escape object-form strings, for maybe implementing later\n      return `-${id}`;\n    } else {\n      return id; // other strings go through unchanged.\n    }\n  } else if (id === undefined) {\n    return '-';\n  } else if (typeof id === 'object' && id !== null) {\n    throw new Error('Meteor does not currently support objects other than ObjectID as ids');\n  } else { // Numbers, true, false, null\n    return `~${JSON.stringify(id)}`;\n  }\n};\n\nMongoID.idParse = (id) => {\n  var firstChar = id.charAt(0);\n  if (id === '') {\n    return id;\n  } else if (id === '-') {\n    return undefined;\n  } else if (firstChar === '-') {\n    return id.substr(1);\n  } else if (firstChar === '~') {\n    return JSON.parse(id.substr(1));\n  } else if (MongoID._looksLikeObjectID(id)) {\n    return new MongoID.ObjectID(id);\n  } else {\n    return id;\n  }\n};\n\nexport { MongoID };\n"]},"sourceType":"module","hash":"742f59f8b36749d1efef86d09447003180b3b1ae"}
