{"metadata":{},"options":{"assumptions":{},"compact":false,"sourceMaps":true,"ast":true,"babelrc":false,"configFile":false,"parserOpts":{"sourceType":"module","sourceFileName":"/home/matheuswm/Downloads/teste/imports/globalstyles/global.js","plugins":["*","flow","jsx","asyncGenerators","bigInt","classPrivateMethods","classPrivateProperties","classProperties","doExpressions","dynamicImport","exportDefaultFrom","exportExtensions","exportNamespaceFrom","functionBind","functionSent","importMeta","nullishCoalescingOperator","numericSeparator","objectRestSpread","optionalCatchBinding","optionalChaining",["pipelineOperator",{"proposal":"minimal"}],"throwExpressions","classProperties","classPrivateProperties","jsx","nullishCoalescingOperator","nullishCoalescingOperator","optionalChaining","optionalCatchBinding","optionalCatchBinding","classProperties","classPrivateProperties","classPrivateMethods","classProperties","classPrivateProperties","asyncGenerators","asyncGenerators","objectRestSpread","objectRestSpread","logicalAssignment"],"allowImportExportEverywhere":true,"allowReturnOutsideFunction":true,"allowUndeclaredExports":true,"strictMode":false},"caller":{"name":"meteor","arch":"web.browser"},"sourceFileName":"imports/globalstyles/global.js","filename":"/home/matheuswm/Downloads/teste/imports/globalstyles/global.js","inputSourceMap":{"version":3,"sources":["imports/globalstyles/global.js"],"names":["createGlobalStyle"],"mappings":"AAAA,SAASA,iBAAT,QAAkC,mBAAlC;AAGA,eAAeA,iBAAkB;AACjC;AACA;AACA;AACA;AACA;AACA;AACA;AACA;AACA;AACA;AACA;AACA;AACA;AACA;AACA;AACA;AACA;AACA;AACA;AACA;AACA;AACA;AACA;AACA,CAxBA","sourcesContent":["import { createGlobalStyle } from \"styled-components\";\n\n\nexport default createGlobalStyle`\n\n    *{margin:0px; \n        \n    padding: 0px;\n    outline: 0;\n    \n\n        }\n\n    body{\n        font-family: 'Segoe UI', Tahoma, Geneva, Verdana, sans-serif;\n        height: 100%;\n        padding: 0;\n        \n        \n    }\n\n    html, #react-target{\n        height: 100%;\n        font-size:15px;\n        \n    }\n    \n`"]},"targets":{},"cloneInputAst":true,"browserslistConfigFile":false,"passPerPreset":false,"envName":"development","cwd":"/home/matheuswm/Downloads/teste","root":"/home/matheuswm/Downloads/teste","rootMode":"root","plugins":[{"key":"base$0","visitor":{"_exploded":true,"_verified":true},"options":{}},{"key":"base$0$0","visitor":{"Program":{"enter":[null],"exit":[null]},"_exploded":true,"_verified":true},"options":{"avoidModernSyntax":false,"enforceStrictMode":false,"dynamicImport":true,"generateLetDeclarations":true}},{"key":"transform-runtime","visitor":{"MemberExpression":{"enter":[null]},"ObjectPattern":{"enter":[null]},"BinaryExpression":{"enter":[null]},"_exploded":{},"_verified":{},"Identifier":{"enter":[null]},"JSXIdentifier":{"enter":[null]}},"options":{"version":"7.15.3","helpers":true,"useESModules":false,"corejs":false}},{"key":"proposal-class-properties","visitor":{"PrivateName":{"enter":[null]},"ExportDefaultDeclaration":{"enter":[null]},"_exploded":true,"_verified":true,"ClassExpression":{"enter":[null]},"ClassDeclaration":{"enter":[null]}},"options":{"loose":true}},{"key":"transform-react-jsx","visitor":{"_exploded":{},"_verified":{},"JSXNamespacedName":{"enter":[null]},"JSXSpreadChild":{"enter":[null]},"Program":{"enter":[null]},"JSXElement":{"exit":[null]},"JSXFragment":{"exit":[null]},"JSXAttribute":{"enter":[null]}},"options":{"pragma":"React.createElement","pragmaFrag":"React.Fragment","runtime":"classic","throwIfNamespace":true,"useBuiltIns":false}},{"key":"transform-react-display-name","visitor":{"ExportDefaultDeclaration":{"enter":[null]},"CallExpression":{"enter":[null]},"_exploded":true,"_verified":true},"options":{}},{"key":"transform-react-pure-annotations","visitor":{"CallExpression":{"enter":[null]},"_exploded":true,"_verified":true},"options":{}},{"key":"syntax-nullish-coalescing-operator","visitor":{"_exploded":true,"_verified":true},"options":{}},{"key":"proposal-nullish-coalescing-operator","visitor":{"_exploded":{},"_verified":{},"LogicalExpression":{"enter":[null]}},"options":{}},{"key":"syntax-optional-chaining","visitor":{"_exploded":true,"_verified":true},"options":{}},{"key":"proposal-optional-chaining","visitor":{"_exploded":true,"OptionalCallExpression":{"enter":[null]},"OptionalMemberExpression":{"enter":[null]},"_verified":true},"options":{}},{"key":"syntax-optional-catch-binding","visitor":{"_exploded":true,"_verified":true},"options":{}},{"key":"proposal-optional-catch-binding","visitor":{"_exploded":{},"_verified":{},"CatchClause":{"enter":[null]}},"options":{}},{"key":"syntax-class-properties","visitor":{"_exploded":true,"_verified":true},"options":{}},{"key":"proposal-class-properties","visitor":{"PrivateName":{"enter":[null]},"ExportDefaultDeclaration":{"enter":[null]},"_exploded":true,"_verified":true,"ClassExpression":{"enter":[null]},"ClassDeclaration":{"enter":[null]}},"options":{}},{"key":"syntax-async-generators","visitor":{"_exploded":true,"_verified":true},"options":{}},{"key":"proposal-async-generator-functions","visitor":{"_exploded":{},"_verified":{},"Program":{"enter":[null]}},"options":{}},{"key":"syntax-object-rest-spread","visitor":{"_exploded":true,"_verified":true},"options":{}},{"key":"proposal-object-rest-spread","visitor":{"_exploded":{},"_verified":{},"VariableDeclarator":{"enter":[null]},"ExportNamedDeclaration":{"enter":[null]},"CatchClause":{"enter":[null]},"AssignmentExpression":{"enter":[null]},"ArrayPattern":{"enter":[null]},"ObjectExpression":{"enter":[null]},"FunctionDeclaration":{"enter":[null]},"FunctionExpression":{"enter":[null]},"ObjectMethod":{"enter":[null]},"ArrowFunctionExpression":{"enter":[null]},"ClassMethod":{"enter":[null]},"ClassPrivateMethod":{"enter":[null]},"ForInStatement":{"enter":[null]},"ForOfStatement":{"enter":[null]}},"options":{}},{"key":"proposal-logical-assignment-operators","visitor":{"_exploded":{},"_verified":{},"AssignmentExpression":{"enter":[null]}},"options":{}},{"key":"transform-literals","visitor":{"NumericLiteral":{"enter":[null]},"StringLiteral":{"enter":[null]},"_exploded":true,"_verified":true},"options":{}},{"key":"transform-template-literals","visitor":{"TaggedTemplateExpression":{"enter":[null]},"TemplateLiteral":{"enter":[null]},"_exploded":true,"_verified":true},"options":{}},{"key":"transform-parameters","visitor":{"_exploded":true,"_verified":true,"FunctionDeclaration":{"enter":[null]},"FunctionExpression":{"enter":[null]},"ObjectMethod":{"enter":[null]},"ArrowFunctionExpression":{"enter":[null]},"ClassMethod":{"enter":[null]},"ClassPrivateMethod":{"enter":[null]}},"options":{}},{"key":"transform-exponentiation-operator","visitor":{"AssignmentExpression":{"enter":[null]},"BinaryExpression":{"enter":[null]},"_exploded":true,"_verified":true},"options":{}}],"presets":[],"generatorOpts":{"filename":"/home/matheuswm/Downloads/teste/imports/globalstyles/global.js","comments":true,"compact":false,"sourceMaps":true,"sourceFileName":"imports/globalstyles/global.js"}},"code":"var _templateObject;\n\nlet _taggedTemplateLiteral;\n\nmodule.link(\"@babel/runtime/helpers/taggedTemplateLiteral\", {\n  default(v) {\n    _taggedTemplateLiteral = v;\n  }\n\n}, 0);\nlet createGlobalStyle;\nmodule.link(\"styled-components\", {\n  createGlobalStyle(v) {\n    createGlobalStyle = v;\n  }\n\n}, 0);\nmodule.exportDefault(createGlobalStyle(_templateObject || (_templateObject = _taggedTemplateLiteral([\"\\n\\n    *{margin:0px; \\n        \\n    padding: 0px;\\n    outline: 0;\\n    \\n\\n        }\\n\\n    body{\\n        font-family: 'Segoe UI', Tahoma, Geneva, Verdana, sans-serif;\\n        height: 100%;\\n        padding: 0;\\n        \\n        \\n    }\\n\\n    html, #react-target{\\n        height: 100%;\\n        font-size:15px;\\n        \\n    }\\n    \\n\"]))));","map":{"version":3,"sources":["imports/globalstyles/global.js"],"names":["createGlobalStyle"],"mappings":";;AAAA,IAAA,sBAAA;;AAAA,MAAA,CAAkC,IAAlC,CAAA,8CAAA,EAAA;AAAA,EAAA,OAAA,CAAA,CAAA,EAAA;AAAA,IAAA,sBAAA,GAAA,CAAA;AAAA;;AAAA,CAAA,EAAA,CAAA;AAAA,IAAA,iBAAA;AAAA,MAAA,CAAA,IAAA,CAAkC,mBAAlC,EAAA;AAAA,EAAA,iBAAA,CAAA,CAAA,EAAA;AAAA,IAAA,iBAAA,GAAA,CAAA;AAAA;;AAAA,CAAA,EAAA,CAAA;AAAA,MAAA,CAAA,aAAA,CAGeA,iBAHf","sourcesContent":["import { createGlobalStyle } from \"styled-components\";\n\n\nexport default createGlobalStyle`\n\n    *{margin:0px; \n        \n    padding: 0px;\n    outline: 0;\n    \n\n        }\n\n    body{\n        font-family: 'Segoe UI', Tahoma, Geneva, Verdana, sans-serif;\n        height: 100%;\n        padding: 0;\n        \n        \n    }\n\n    html, #react-target{\n        height: 100%;\n        font-size:15px;\n        \n    }\n    \n`"]},"sourceType":"module","hash":"87e3515bd3c023b6d4c824740786a191cf22ff9f"}
