{"metadata":{},"options":{"assumptions":{},"compact":false,"sourceMaps":true,"ast":true,"babelrc":false,"configFile":false,"parserOpts":{"sourceType":"module","sourceFileName":"/home/matheuswm/Downloads/teste/client/main.jsx","plugins":["*","flow","jsx","asyncGenerators","bigInt","classPrivateMethods","classPrivateProperties","classProperties","doExpressions","dynamicImport","exportDefaultFrom","exportExtensions","exportNamespaceFrom","functionBind","functionSent","importMeta","nullishCoalescingOperator","numericSeparator","objectRestSpread","optionalCatchBinding","optionalChaining",["pipelineOperator",{"proposal":"minimal"}],"throwExpressions","classProperties","classPrivateProperties","jsx","nullishCoalescingOperator","nullishCoalescingOperator","optionalChaining","optionalCatchBinding","optionalCatchBinding","classProperties","classPrivateProperties","classPrivateMethods","classProperties","classPrivateProperties","asyncGenerators","asyncGenerators","objectRestSpread","objectRestSpread","logicalAssignment"],"allowImportExportEverywhere":true,"allowReturnOutsideFunction":true,"allowUndeclaredExports":true,"strictMode":false},"caller":{"name":"meteor","arch":"web.browser"},"sourceFileName":"client/main.jsx","filename":"/home/matheuswm/Downloads/teste/client/main.jsx","inputSourceMap":{"version":3,"sources":["client/main.jsx"],"names":["React","Meteor","render","App","startup","document","getElementById"],"mappings":"AAAA,OAAOA,KAAP,MAAkB,OAAlB;AACA,SAASC,MAAT,QAAuB,eAAvB;AACA,SAASC,MAAT,QAAuB,WAAvB;AACA,SAASC,GAAT,QAAoB,iBAApB;AAEAF,MAAM,CAACG,OAAP,CAAe,MAAM;AACnBF,EAAAA,MAAM,CAAC,CAAC,GAAD,GAAD,EAASG,QAAQ,CAACC,cAAT,CAAwB,cAAxB,CAAT,CAAN;AACD,CAFD","sourcesContent":["import React from 'react';\nimport { Meteor } from 'meteor/meteor';\nimport { render } from 'react-dom';\nimport { App } from '/imports/ui/App';\n\nMeteor.startup(() => {\n  render(<App/>, document.getElementById('react-target'));\n});\n"]},"targets":{},"cloneInputAst":true,"browserslistConfigFile":false,"passPerPreset":false,"envName":"development","cwd":"/home/matheuswm/Downloads/teste","root":"/home/matheuswm/Downloads/teste","rootMode":"root","plugins":[{"key":"base$0","visitor":{"_exploded":true,"_verified":true},"options":{}},{"key":"base$0$0","visitor":{"Program":{"enter":[null],"exit":[null]},"_exploded":true,"_verified":true},"options":{"avoidModernSyntax":false,"enforceStrictMode":false,"dynamicImport":true,"generateLetDeclarations":true}},{"key":"transform-runtime","visitor":{"MemberExpression":{"enter":[null]},"ObjectPattern":{"enter":[null]},"BinaryExpression":{"enter":[null]},"_exploded":{},"_verified":{},"Identifier":{"enter":[null]},"JSXIdentifier":{"enter":[null]}},"options":{"version":"7.15.3","helpers":true,"useESModules":false,"corejs":false}},{"key":"proposal-class-properties","visitor":{"PrivateName":{"enter":[null]},"ExportDefaultDeclaration":{"enter":[null]},"_exploded":true,"_verified":true,"ClassExpression":{"enter":[null]},"ClassDeclaration":{"enter":[null]}},"options":{"loose":true}},{"key":"transform-react-jsx","visitor":{"_exploded":{},"_verified":{},"JSXNamespacedName":{"enter":[null]},"JSXSpreadChild":{"enter":[null]},"Program":{"enter":[null]},"JSXElement":{"exit":[null]},"JSXFragment":{"exit":[null]},"JSXAttribute":{"enter":[null]}},"options":{"pragma":"React.createElement","pragmaFrag":"React.Fragment","runtime":"classic","throwIfNamespace":true,"useBuiltIns":false}},{"key":"transform-react-display-name","visitor":{"ExportDefaultDeclaration":{"enter":[null]},"CallExpression":{"enter":[null]},"_exploded":true,"_verified":true},"options":{}},{"key":"transform-react-pure-annotations","visitor":{"CallExpression":{"enter":[null]},"_exploded":true,"_verified":true},"options":{}},{"key":"syntax-nullish-coalescing-operator","visitor":{"_exploded":true,"_verified":true},"options":{}},{"key":"proposal-nullish-coalescing-operator","visitor":{"_exploded":{},"_verified":{},"LogicalExpression":{"enter":[null]}},"options":{}},{"key":"syntax-optional-chaining","visitor":{"_exploded":true,"_verified":true},"options":{}},{"key":"proposal-optional-chaining","visitor":{"_exploded":true,"OptionalCallExpression":{"enter":[null]},"OptionalMemberExpression":{"enter":[null]},"_verified":true},"options":{}},{"key":"syntax-optional-catch-binding","visitor":{"_exploded":true,"_verified":true},"options":{}},{"key":"proposal-optional-catch-binding","visitor":{"_exploded":{},"_verified":{},"CatchClause":{"enter":[null]}},"options":{}},{"key":"syntax-class-properties","visitor":{"_exploded":true,"_verified":true},"options":{}},{"key":"proposal-class-properties","visitor":{"PrivateName":{"enter":[null]},"ExportDefaultDeclaration":{"enter":[null]},"_exploded":true,"_verified":true,"ClassExpression":{"enter":[null]},"ClassDeclaration":{"enter":[null]}},"options":{}},{"key":"syntax-async-generators","visitor":{"_exploded":true,"_verified":true},"options":{}},{"key":"proposal-async-generator-functions","visitor":{"_exploded":{},"_verified":{},"Program":{"enter":[null]}},"options":{}},{"key":"syntax-object-rest-spread","visitor":{"_exploded":true,"_verified":true},"options":{}},{"key":"proposal-object-rest-spread","visitor":{"_exploded":{},"_verified":{},"VariableDeclarator":{"enter":[null]},"ExportNamedDeclaration":{"enter":[null]},"CatchClause":{"enter":[null]},"AssignmentExpression":{"enter":[null]},"ArrayPattern":{"enter":[null]},"ObjectExpression":{"enter":[null]},"FunctionDeclaration":{"enter":[null]},"FunctionExpression":{"enter":[null]},"ObjectMethod":{"enter":[null]},"ArrowFunctionExpression":{"enter":[null]},"ClassMethod":{"enter":[null]},"ClassPrivateMethod":{"enter":[null]},"ForInStatement":{"enter":[null]},"ForOfStatement":{"enter":[null]}},"options":{}},{"key":"proposal-logical-assignment-operators","visitor":{"_exploded":{},"_verified":{},"AssignmentExpression":{"enter":[null]}},"options":{}},{"key":"transform-literals","visitor":{"NumericLiteral":{"enter":[null]},"StringLiteral":{"enter":[null]},"_exploded":true,"_verified":true},"options":{}},{"key":"transform-template-literals","visitor":{"TaggedTemplateExpression":{"enter":[null]},"TemplateLiteral":{"enter":[null]},"_exploded":true,"_verified":true},"options":{}},{"key":"transform-parameters","visitor":{"_exploded":true,"_verified":true,"FunctionDeclaration":{"enter":[null]},"FunctionExpression":{"enter":[null]},"ObjectMethod":{"enter":[null]},"ArrowFunctionExpression":{"enter":[null]},"ClassMethod":{"enter":[null]},"ClassPrivateMethod":{"enter":[null]}},"options":{}},{"key":"transform-exponentiation-operator","visitor":{"AssignmentExpression":{"enter":[null]},"BinaryExpression":{"enter":[null]},"_exploded":true,"_verified":true},"options":{}}],"presets":[],"generatorOpts":{"filename":"/home/matheuswm/Downloads/teste/client/main.jsx","comments":true,"compact":false,"sourceMaps":true,"sourceFileName":"client/main.jsx"}},"code":"let React;\nmodule.link(\"react\", {\n  default(v) {\n    React = v;\n  }\n\n}, 0);\nlet Meteor;\nmodule.link(\"meteor/meteor\", {\n  Meteor(v) {\n    Meteor = v;\n  }\n\n}, 1);\nlet render;\nmodule.link(\"react-dom\", {\n  render(v) {\n    render = v;\n  }\n\n}, 2);\nlet App;\nmodule.link(\"/imports/ui/App\", {\n  App(v) {\n    App = v;\n  }\n\n}, 3);\nMeteor.startup(() => {\n  render( /*#__PURE__*/React.createElement(App, null), document.getElementById('react-target'));\n});","map":{"version":3,"sources":["client/main.jsx"],"names":["Meteor","render","document"],"mappings":"AAAA,IAAA,KAAA;AAAA,MAAA,CAAA,IAAA,CAAA,OAAA,EAAA;AAAA,EAAA,OAAA,CAAA,CAAA,EAAA;AAAA,IAAA,KAAA,GAAA,CAAA;AAAA;;AAAA,CAAA,EAAA,CAAA;AAAA,IAAA,MAAA;AAAA,MAAA,CAAA,IAAA,CAAA,eAAA,EAAA;AAAA,EAAA,MAAA,CAAA,CAAA,EAAA;AAAA,IAAA,MAAA,GAAA,CAAA;AAAA;;AAAA,CAAA,EAAA,CAAA;AAAA,IAAA,MAAA;AAAA,MAAA,CAAA,IAAA,CAAA,WAAA,EAAA;AAAA,EAAA,MAAA,CAAA,CAAA,EAAA;AAAA,IAAA,MAAA,GAAA,CAAA;AAAA;;AAAA,CAAA,EAAA,CAAA;AAAA,IAAA,GAAA;AAAA,MAAA,CAAA,IAAA,CAAA,iBAAA,EAAA;AAAA,EAAA,GAAA,CAAA,CAAA,EAAA;AAAA,IAAA,GAAA,GAAA,CAAA;AAAA;;AAAA,CAAA,EAAA,CAAA;AAKAA,MAAM,CAANA,OAAAA,CAAe,MAAM;AACnBC,EAAAA,MAAM,eAAC,oBAAD,GAAC,OAAD,EAASC,QAAQ,CAARA,cAAAA,CAAfD,cAAeC,CAAT,CAAND;AADFD,CAAAA","sourcesContent":["import React from 'react';\nimport { Meteor } from 'meteor/meteor';\nimport { render } from 'react-dom';\nimport { App } from '/imports/ui/App';\n\nMeteor.startup(() => {\n  render(<App/>, document.getElementById('react-target'));\n});\n"]},"sourceType":"module","hash":"c27b17b695536b31c8c20cd6f19c1d777e7f9487"}
