{"metadata":{},"options":{"assumptions":{},"compact":false,"sourceMaps":true,"ast":true,"babelrc":false,"configFile":false,"parserOpts":{"sourceType":"module","sourceFileName":"/home/matheuswm/Downloads/teste/packages/accounts-password/email_templates.js","plugins":["*","flow","jsx","asyncGenerators","bigInt","classPrivateMethods","classPrivateProperties","classProperties","doExpressions","dynamicImport","exportDefaultFrom","exportExtensions","exportNamespaceFrom","functionBind","functionSent","importMeta","nullishCoalescingOperator","numericSeparator","objectRestSpread","optionalCatchBinding","optionalChaining",["pipelineOperator",{"proposal":"minimal"}],"throwExpressions","objectRestSpread","objectRestSpread","asyncGenerators","classProperties","classPrivateProperties","jsx","nullishCoalescingOperator","nullishCoalescingOperator","optionalChaining","optionalCatchBinding","optionalCatchBinding","classProperties","classPrivateProperties","classPrivateMethods","classProperties","classPrivateProperties","asyncGenerators","asyncGenerators","objectRestSpread","objectRestSpread","logicalAssignment"],"allowImportExportEverywhere":true,"allowReturnOutsideFunction":true,"allowUndeclaredExports":true,"strictMode":false},"caller":{"name":"meteor","arch":"os.linux.x86_64"},"sourceFileName":"packages/accounts-password/email_templates.js","filename":"/home/matheuswm/Downloads/teste/packages/accounts-password/email_templates.js","targets":{},"cloneInputAst":true,"browserslistConfigFile":false,"passPerPreset":false,"envName":"development","cwd":"/home/matheuswm/Downloads/teste","root":"/home/matheuswm/Downloads/teste","rootMode":"root","plugins":[{"key":"base$0","visitor":{"_exploded":true,"_verified":true},"options":{}},{"key":"base$0$0","visitor":{"Program":{"enter":[null],"exit":[null]},"_exploded":true,"_verified":true},"options":{"avoidModernSyntax":false,"enforceStrictMode":false,"dynamicImport":true,"generateLetDeclarations":true}},{"key":"transform-runtime","visitor":{"MemberExpression":{"enter":[null]},"ObjectPattern":{"enter":[null]},"BinaryExpression":{"enter":[null]},"_exploded":{},"_verified":{},"Identifier":{"enter":[null]},"JSXIdentifier":{"enter":[null]}},"options":{"version":"7.15.3","helpers":true,"useESModules":false,"corejs":false}},{"key":"syntax-object-rest-spread","visitor":{"_exploded":true,"_verified":true},"options":{}},{"key":"proposal-object-rest-spread","visitor":{"_exploded":{},"_verified":{},"VariableDeclarator":{"enter":[null]},"ExportNamedDeclaration":{"enter":[null]},"CatchClause":{"enter":[null]},"AssignmentExpression":{"enter":[null]},"ArrayPattern":{"enter":[null]},"ObjectExpression":{"enter":[null]},"FunctionDeclaration":{"enter":[null]},"FunctionExpression":{"enter":[null]},"ObjectMethod":{"enter":[null]},"ArrowFunctionExpression":{"enter":[null]},"ClassMethod":{"enter":[null]},"ClassPrivateMethod":{"enter":[null]},"ForInStatement":{"enter":[null]},"ForOfStatement":{"enter":[null]}},"options":{}},{"key":"transform-meteor-async-await","visitor":{"AwaitExpression":{"enter":[null]},"_exploded":true,"_verified":true,"FunctionDeclaration":{"exit":[null]},"FunctionExpression":{"exit":[null]},"ObjectMethod":{"exit":[null]},"ArrowFunctionExpression":{"exit":[null]},"ClassMethod":{"exit":[null]},"ClassPrivateMethod":{"exit":[null]}},"options":{"useNativeAsyncAwait":false}},{"key":"proposal-async-generator-functions","visitor":{"_exploded":{},"_verified":{},"Program":{"enter":[null]}},"options":{}},{"key":"proposal-class-properties","visitor":{"PrivateName":{"enter":[null]},"ExportDefaultDeclaration":{"enter":[null]},"_exploded":true,"_verified":true,"ClassExpression":{"enter":[null]},"ClassDeclaration":{"enter":[null]}},"options":{"loose":true}},{"key":"transform-react-jsx","visitor":{"_exploded":{},"_verified":{},"JSXNamespacedName":{"enter":[null]},"JSXSpreadChild":{"enter":[null]},"Program":{"enter":[null]},"JSXElement":{"exit":[null]},"JSXFragment":{"exit":[null]},"JSXAttribute":{"enter":[null]}},"options":{"pragma":"React.createElement","pragmaFrag":"React.Fragment","runtime":"classic","throwIfNamespace":true,"useBuiltIns":false}},{"key":"transform-react-display-name","visitor":{"ExportDefaultDeclaration":{"enter":[null]},"CallExpression":{"enter":[null]},"_exploded":true,"_verified":true},"options":{}},{"key":"transform-react-pure-annotations","visitor":{"CallExpression":{"enter":[null]},"_exploded":true,"_verified":true},"options":{}},{"key":"syntax-nullish-coalescing-operator","visitor":{"_exploded":true,"_verified":true},"options":{}},{"key":"proposal-nullish-coalescing-operator","visitor":{"_exploded":{},"_verified":{},"LogicalExpression":{"enter":[null]}},"options":{}},{"key":"syntax-optional-chaining","visitor":{"_exploded":true,"_verified":true},"options":{}},{"key":"proposal-optional-chaining","visitor":{"_exploded":true,"OptionalCallExpression":{"enter":[null]},"OptionalMemberExpression":{"enter":[null]},"_verified":true},"options":{}},{"key":"syntax-optional-catch-binding","visitor":{"_exploded":true,"_verified":true},"options":{}},{"key":"proposal-optional-catch-binding","visitor":{"_exploded":{},"_verified":{},"CatchClause":{"enter":[null]}},"options":{}},{"key":"syntax-class-properties","visitor":{"_exploded":true,"_verified":true},"options":{}},{"key":"proposal-class-properties","visitor":{"PrivateName":{"enter":[null]},"ExportDefaultDeclaration":{"enter":[null]},"_exploded":true,"_verified":true,"ClassExpression":{"enter":[null]},"ClassDeclaration":{"enter":[null]}},"options":{}},{"key":"syntax-async-generators","visitor":{"_exploded":true,"_verified":true},"options":{}},{"key":"proposal-async-generator-functions","visitor":{"_exploded":{},"_verified":{},"Program":{"enter":[null]}},"options":{}},{"key":"syntax-object-rest-spread","visitor":{"_exploded":true,"_verified":true},"options":{}},{"key":"proposal-object-rest-spread","visitor":{"_exploded":{},"_verified":{},"VariableDeclarator":{"enter":[null]},"ExportNamedDeclaration":{"enter":[null]},"CatchClause":{"enter":[null]},"AssignmentExpression":{"enter":[null]},"ArrayPattern":{"enter":[null]},"ObjectExpression":{"enter":[null]},"FunctionDeclaration":{"enter":[null]},"FunctionExpression":{"enter":[null]},"ObjectMethod":{"enter":[null]},"ArrowFunctionExpression":{"enter":[null]},"ClassMethod":{"enter":[null]},"ClassPrivateMethod":{"enter":[null]},"ForInStatement":{"enter":[null]},"ForOfStatement":{"enter":[null]}},"options":{}},{"key":"proposal-logical-assignment-operators","visitor":{"_exploded":{},"_verified":{},"AssignmentExpression":{"enter":[null]}},"options":{}},{"key":"transform-literals","visitor":{"NumericLiteral":{"enter":[null]},"StringLiteral":{"enter":[null]},"_exploded":true,"_verified":true},"options":{}},{"key":"transform-template-literals","visitor":{"TaggedTemplateExpression":{"enter":[null]},"TemplateLiteral":{"enter":[null]},"_exploded":true,"_verified":true},"options":{}},{"key":"transform-parameters","visitor":{"_exploded":true,"_verified":true,"FunctionDeclaration":{"enter":[null]},"FunctionExpression":{"enter":[null]},"ObjectMethod":{"enter":[null]},"ArrowFunctionExpression":{"enter":[null]},"ClassMethod":{"enter":[null]},"ClassPrivateMethod":{"enter":[null]}},"options":{}},{"key":"transform-exponentiation-operator","visitor":{"AssignmentExpression":{"enter":[null]},"BinaryExpression":{"enter":[null]},"_exploded":true,"_verified":true},"options":{}}],"presets":[],"generatorOpts":{"filename":"/home/matheuswm/Downloads/teste/packages/accounts-password/email_templates.js","comments":true,"compact":false,"sourceMaps":true,"sourceFileName":"packages/accounts-password/email_templates.js"}},"code":"const greet = welcomeMsg => (user, url) => {\n  const greeting = user.profile && user.profile.name ? \"Hello \".concat(user.profile.name, \",\") : \"Hello,\";\n  return \"\".concat(greeting, \"\\n\\n\").concat(welcomeMsg, \", simply click the link below.\\n\\n\").concat(url, \"\\n\\nThanks.\\n\");\n};\n/**\n * @summary Options to customize emails sent from the Accounts system.\n * @locus Server\n * @importFromPackage accounts-base\n */\n\n\nAccounts.emailTemplates = {\n  from: \"Accounts Example <no-reply@example.com>\",\n  siteName: Meteor.absoluteUrl().replace(/^https?:\\/\\//, '').replace(/\\/$/, ''),\n  resetPassword: {\n    subject: () => \"How to reset your password on \".concat(Accounts.emailTemplates.siteName),\n    text: greet(\"To reset your password\")\n  },\n  verifyEmail: {\n    subject: () => \"How to verify email address on \".concat(Accounts.emailTemplates.siteName),\n    text: greet(\"To verify your account email\")\n  },\n  enrollAccount: {\n    subject: () => \"An account has been created for you on \".concat(Accounts.emailTemplates.siteName),\n    text: greet(\"To start using the service\")\n  }\n};","map":{"version":3,"sources":["packages/accounts-password/email_templates.js"],"names":["greet","welcomeMsg","user","url","greeting","profile","name","Accounts","emailTemplates","from","siteName","Meteor","absoluteUrl","replace","resetPassword","subject","text","verifyEmail","enrollAccount"],"mappings":"AAAA,MAAMA,KAAK,GAAGC,UAAU,IAAI,CAACC,IAAD,EAAOC,GAAP,KAAe;AACrC,QAAMC,QAAQ,GAAIF,IAAI,CAACG,OAAL,IAAgBH,IAAI,CAACG,OAAL,CAAaC,IAA9B,mBACDJ,IAAI,CAACG,OAAL,CAAaC,IADZ,SACuB,QADxC;AAEA,mBAAUF,QAAV,iBAEJH,UAFI,+CAIJE,GAJI;AAQL,CAXD;AAaA;AACA;AACA;AACA;AACA;;;AACAI,QAAQ,CAACC,cAAT,GAA0B;AACxBC,EAAAA,IAAI,EAAE,yCADkB;AAExBC,EAAAA,QAAQ,EAAEC,MAAM,CAACC,WAAP,GAAqBC,OAArB,CAA6B,cAA7B,EAA6C,EAA7C,EAAiDA,OAAjD,CAAyD,KAAzD,EAAgE,EAAhE,CAFc;AAIxBC,EAAAA,aAAa,EAAE;AACbC,IAAAA,OAAO,EAAE,8CAAuCR,QAAQ,CAACC,cAAT,CAAwBE,QAA/D,CADI;AAEbM,IAAAA,IAAI,EAAEhB,KAAK,CAAC,wBAAD;AAFE,GAJS;AAQxBiB,EAAAA,WAAW,EAAE;AACXF,IAAAA,OAAO,EAAE,+CAAwCR,QAAQ,CAACC,cAAT,CAAwBE,QAAhE,CADE;AAEXM,IAAAA,IAAI,EAAEhB,KAAK,CAAC,8BAAD;AAFA,GARW;AAYxBkB,EAAAA,aAAa,EAAE;AACbH,IAAAA,OAAO,EAAE,uDAAgDR,QAAQ,CAACC,cAAT,CAAwBE,QAAxE,CADI;AAEbM,IAAAA,IAAI,EAAEhB,KAAK,CAAC,4BAAD;AAFE;AAZS,CAA1B","sourcesContent":["const greet = welcomeMsg => (user, url) => {\n      const greeting = (user.profile && user.profile.name) ?\n            (`Hello ${user.profile.name},`) : \"Hello,\";\n      return `${greeting}\n\n${welcomeMsg}, simply click the link below.\n\n${url}\n\nThanks.\n`;\n};\n\n/**\n * @summary Options to customize emails sent from the Accounts system.\n * @locus Server\n * @importFromPackage accounts-base\n */\nAccounts.emailTemplates = {\n  from: \"Accounts Example <no-reply@example.com>\",\n  siteName: Meteor.absoluteUrl().replace(/^https?:\\/\\//, '').replace(/\\/$/, ''),\n\n  resetPassword: {\n    subject: () => `How to reset your password on ${Accounts.emailTemplates.siteName}`,\n    text: greet(\"To reset your password\"),\n  },\n  verifyEmail: {\n    subject: () => `How to verify email address on ${Accounts.emailTemplates.siteName}`,\n    text: greet(\"To verify your account email\"),\n  },\n  enrollAccount: {\n    subject: () => `An account has been created for you on ${Accounts.emailTemplates.siteName}`,\n    text: greet(\"To start using the service\"),\n  },\n};\n"]},"sourceType":"module","hash":"ca1f70bbf1875d9833eada70f3f22c6b24cf60f2"}
