{"metadata":{},"options":{"assumptions":{},"compact":false,"sourceMaps":true,"ast":true,"babelrc":false,"configFile":false,"parserOpts":{"sourceType":"module","sourceFileName":"/home/matheuswm/Downloads/teste/imports/ui/Task.jsx","plugins":["*","flow","jsx","asyncGenerators","bigInt","classPrivateMethods","classPrivateProperties","classProperties","doExpressions","dynamicImport","exportDefaultFrom","exportExtensions","exportNamespaceFrom","functionBind","functionSent","importMeta","nullishCoalescingOperator","numericSeparator","objectRestSpread","optionalCatchBinding","optionalChaining",["pipelineOperator",{"proposal":"minimal"}],"throwExpressions","classProperties","classPrivateProperties","jsx","nullishCoalescingOperator","nullishCoalescingOperator","optionalChaining","optionalCatchBinding","optionalCatchBinding","classProperties","classPrivateProperties","classPrivateMethods","classProperties","classPrivateProperties","asyncGenerators","asyncGenerators","objectRestSpread","objectRestSpread","logicalAssignment"],"allowImportExportEverywhere":true,"allowReturnOutsideFunction":true,"allowUndeclaredExports":true,"strictMode":false},"caller":{"name":"meteor","arch":"web.browser"},"sourceFileName":"imports/ui/Task.jsx","filename":"/home/matheuswm/Downloads/teste/imports/ui/Task.jsx","inputSourceMap":{"version":3,"sources":["imports/ui/Task.jsx"],"names":["React","useState","useTracker","Tarefa","Deleta","Estado","Meteor","PrioridadeSelect","TarefaStyle","Task","estado","setEstado","mostra","setMostra","user","alter","completo","userId","_id","tarefas","subscribe","find","sort","prioridade","sabor","fetch","console","log","tarefas2","deleta","changeStatus","call","mudaDeleta","showAll","showComplete","showIncomplete","deletaVarios","ids","forEach","e","push","selectPrioridade","uid","select","document","getElementById","options","selectedIndex","value","map","task","name","JSON","stringify","criado"],"mappings":";;AAAA,OAAOA,KAAP,IAAgBC,QAAhB,QAAgC,OAAhC;AACA,SAASC,UAAT,QAA2B,0BAA3B;AACA,SAASC,MAAT,QAAuB,mBAAvB;AACA,SAASC,MAAT,QAAuB,UAAvB;AACA,SAASC,MAAT,QAAuB,UAAvB;AACA,SAASC,MAAT,QAAuB,eAAvB;AACA,SAASC,gBAAT,QAAiC,cAAjC;AACA,SAASC,WAAT,QAA2B,wBAA3B;AAEA,OAAO,MAAMC,IAAI,GAAG,MAAM;AAAA;;AACxB,QAAM,CAACC,MAAD,EAASC,SAAT,IAAsBV,QAAQ,CAAC,KAAD,CAApC;AACA,QAAM,CAACW,MAAD,EAASC,SAAT,IAAsBZ,QAAQ,CAAC,IAAD,CAApC;AAGA,QAAMa,IAAI,GAAGZ,UAAU,CAAC,MAAMI,MAAM,CAACQ,IAAP,EAAP,CAAvB;AAEA,QAAMC,KAAK,GAAI;AAAEC,IAAAA,QAAQ,EAAEN,MAAZ;AAAoBO,IAAAA,MAAM,EAAEH,IAAI,CAACI;AAAjC,GAAf;AAEA,QAAMC,OAAO,GAAGjB,UAAU,CAAC,MAAM;AAACI,IAAAA,MAAM,CAACc,SAAP,CAAiB,QAAjB;AAClC,UAAMD,OAAO,GAAIP,MAAM,GAAIT,MAAM,CAACkB,IAAP,CAAY;AAAEJ,MAAAA,MAAM,EAAEH,IAAI,CAACI;AAAf,KAAZ,EAAiC;AAACI,MAAAA,IAAI,EAAE;AAAEC,QAAAA,UAAU,EAAE,CAAd;AAAiBC,QAAAA,KAAK,EAAE,CAAC;AAAzB;AAAP,KAAjC,EAAuEC,KAAvE,EAAJ,GAAqFtB,MAAM,CAACkB,IAAP,CAAY;AAAEL,MAAAA,QAAQ,EAAEN,MAAZ;AAAoBO,MAAAA,MAAM,EAAEH,IAAI,CAACI;AAAjC,KAAZ,EAAmD;AAACI,MAAAA,IAAI,EAAE;AAAEC,QAAAA,UAAU,EAAE,CAAd;AAAiBC,QAAAA,KAAK,EAAE,CAAC;AAAzB;AAAP,KAAnD,EAA0FC,KAA1F,EAA5G;AACAC,IAAAA,OAAO,CAACC,GAAR,CAAYR,OAAZ;AACA,WAAQA,OAAR;AACD,GAJ2B,CAA1B;AAMF,QAAMS,QAAQ,GAAG1B,UAAU,CAAC,MAAM;AAChCI,IAAAA,MAAM,CAACc,SAAP,CAAiB,QAAjB;AACA,UAAMQ,QAAQ,GAAGzB,MAAM,CAACkB,IAAP,CAAY;AAACQ,MAAAA,MAAM,EAAE;AAAT,KAAZ,EAA4BJ,KAA5B,EAAjB;AACA,WAAQG,QAAR;AACD,GAJ0B,CAA3B;;AAOA,QAAME,YAAY,GAAG,CAAC;AAACZ,IAAAA,GAAD;AAAMF,IAAAA;AAAN,GAAD,KAAoBV,MAAM,CAACyB,IAAP,CAAY,gBAAZ,EAA8Bb,GAA9B,EAAmC,CAACF,QAApC,CAAzC;;AAEA,QAAMgB,UAAU,GAAG,CAAC;AAACd,IAAAA,GAAD;AAAMW,IAAAA;AAAN,GAAD,KAAkBvB,MAAM,CAACyB,IAAP,CAAY,iBAAZ,EAA+Bb,GAA/B,EAAoC,CAACW,MAArC,CAArC;;AAEA,QAAMA,MAAM,GAAE,CAAC;AAACX,IAAAA;AAAD,GAAD,KAAUZ,MAAM,CAACyB,IAAP,CAAY,eAAZ,EAA6Bb,GAA7B,CAAxB;;AAEA,QAAMe,OAAO,GAAE,MAAK;AAACpB,IAAAA,SAAS,CAAC,IAAD,CAAT;AAAgB,GAArC;;AAEA,QAAMqB,YAAY,GAAG,MAAK;AAAEvB,IAAAA,SAAS,CAAC,IAAD,CAAT,EAAiBE,SAAS,CAAC,KAAD,CAA1B;AAAkC,GAA9D;;AAEA,QAAMsB,cAAc,GAAG,MAAK;AAAExB,IAAAA,SAAS,CAAC,KAAD,CAAT,EAAkBE,SAAS,CAAC,KAAD,CAA3B;AAAmC,GAAjE;;AAEA,QAAMuB,YAAY,GAAG,MAAK;AACxB,QAAIC,GAAG,GAAG,EAAV;AAGAT,IAAAA,QAAQ,CAACU,OAAT,CAAiBC,CAAC,IAAG;AAAEF,MAAAA,GAAG,CAACG,IAAJ,CAASD,CAAC,CAACrB,GAAX;AAAiB,KAAxC;AAIAZ,IAAAA,MAAM,CAACyB,IAAP,CAAY,gBAAZ,EAA8BM,GAA9B;AAAmC,GARrC;;AASE,QAAMI,gBAAgB,GAAG,CAACvB,GAAD,EAAKwB,GAAL,KAAa;AAGrC,QAAIC,MAAM,GAAGC,QAAQ,CAACC,cAAT,CAAwBH,GAAxB,CAAb;AACC,QAAInB,UAAU,GAAGoB,MAAM,CAACG,OAAP,CAAeH,MAAM,CAACI,aAAtB,EAAqCC,KAAtD;AAIA1C,IAAAA,MAAM,CAACyB,IAAP,CAAY,iBAAZ,EAA8Bb,GAA9B,EAAmCK,UAAnC;AAEC,GAVH;;AAiBA,SAEA;AACF,GAAG,CAAC,WAAD;AACH,IAAI,CAAC,GAAD,CAAK,MAAM,MAAX;AACJ,MAAM,CAAC,MAAD,CAAQ,YAAY,CAACU,OAAD,CAApB,CAA8B,KAAK,CAAC,eAAD,CAAnC;AACN,MAAM,CAAC,MAAD,CAAQ,YAAY,CAACE,cAAD,CAApB,CAAqC,KAAK,CAAC,qBAAD,CAA1C,GAAmE;AACzE,MAAM,CAAC,MAAD,CAAQ,YAAY,CAACD,YAAD,CAApB,CAAmC,KAAK,CAAC,mBAAD,CAAxC;AACN,MAAM,CAAC,MAAD,CAAS,KAAK,CAAC,gBAAD,CAAd,CAAiC,YAAY,CAACE,YAAD,CAA7C;AACN,MAAM,EAAE,GAAF;AACN,IAAI,CAAC,KAAD,CAAO,UAAU,QAAjB;AACJ;AACA,MAAM,CAAC,EAAD;AACN,QAAQ,CAAC,EAAD,CAAI,MAAM,EAAE,EAAF;AAClB,QAAQ,CAAC,EAAD,CAAI,MAAM,EAAE,EAAF;AAClB,QAAQ,CAAC,EAAD,CAAI,MAAM,EAAE,EAAF;AAClB,QAAQ,CAAC,EAAD,CAAI,UAAU,EAAE,EAAF;AACtB,QAAQ,CAAC,EAAD,CAAI,EAAE,EAAF;AACZ,QAAQ,CAAC,EAAD,CAAI,cAAc,EAAE,EAAF;AAC1B,QAAQ,EAAE,EAAF;AACR;AACA,MAAM,CAACjB,OAAO,CAAC8B,GAAR,CAAYC,IAAI,IAAM,CAAE,EAAF,CAAK,IAAI,CAAEA,IAAI,CAAChC,GAAP,CAAT,CAAsB;AACnD,MAAM,CAAC,EAAD;AACN,QAAQ,CAAC,KAAD,CAAO,UAAU,WAAjB;AACR,MAAM,CAAC,MAAD,CAAS,OAAO,CAACgC,IAAI,CAAClC,QAAN,CAAhB,CAAgC,KAAK,CAACkC,IAAD,CAArC,CAA4C,WAAW,CAACpB,YAAD,CAAvD,GAAuE;AAC7E,MAAM,CAAC,IAAD,CAAM,UAAU,GAAhB,CAAoB,CAACoB,IAAI,CAAClC,QAAL,GAAgB,UAAhB,GAA6B,UAA9B,CAAyC,EAAE,IAAF;AACnE,MAAM,EAAE,KAAF;AACN,MAAM,EAAE,EAAF;AACN,MAAM,CAAC,EAAD;AACN,OAAO,CAACkC,IAAI,CAACC,IAAN;AACP,MAAM,EAAE,EAAF;AACN,MAAM,CAAC,EAAD;AACN,QAAQ,CAACC,IAAI,CAACC,SAAL,CAAeH,IAAI,CAACI,MAApB,CAAD;AACR,QAAQ,EAAE,EAAF;AACR,QAAQ,CAAC,EAAD;AACR,UAAU,CAAC,gBAAD,CAAmB,WAAW,CAACJ,IAAI,CAAC3B,UAAN,CAA9B,CAAgD,KAAK,CAAC2B,IAAI,CAAChC,GAAN,CAArD,CAAgE,iBAAiB,CAACuB,gBAAD,CAAjF;AACV,UAAU,CAAC,IAAD,CAAM,UAAU,GAAhB,CAAoB,EAAE,IAAF;AAC9B,QAAQ,EAAE,EAAF;AACR,MAAM,CAAC,EAAD;AACN,QAAQ,CAAC,MAAD,CAAQ,KAAK,CAAC,SAAD,CAAb,CAAwB,KAAK,CAACS,IAAD,CAA7B,CAAmC,YAAY,CAACrB,MAAD,CAA/C,GAAyD;AACjE,MAAM,EAAE,EAAF;AACN,MAAM,CAAC,EAAD;AACN,QAAQ,CAAC,MAAD,CAAQ,OAAO,CAACqB,IAAI,CAACrB,MAAN,CAAf,CAA6B,KAAK,CAACqB,IAAD,CAAlC,CAAyC,WAAW,CAAClB,UAAD,CAApD,GAAkE;AAC1E,MAAM,EAAE,EAAF,CAAK,CAAC,EAAE,EAAF,CAtBL,CAAD;AAuBN;AACA;AACA,MAAM,EAAE,KAAF;AACN,MAAM,EAAE,WAAF;AACN,EAAE,GAhDA;AAiDD,CA7GM;;GAAMvB,I;UAKEP,U,EAIGA,U,EAMDA,U;;;KAfJO,I","sourcesContent":["import React, { useState } from 'react';\nimport { useTracker } from 'meteor/react-meteor-data';\nimport { Tarefa } from '../api/connection';\nimport { Deleta } from './delete';\nimport { Estado } from './estado';\nimport { Meteor } from 'meteor/meteor';\nimport { PrioridadeSelect } from './Prioridade';\nimport { TarefaStyle} from './styles/styleLista.js';\n\nexport const Task = () => {\n  const [estado, setEstado] = useState(false);\n  const [mostra, setMostra] = useState(true)\n \n\n  const user = useTracker(() => Meteor.user())\n\n  const alter = ({ completo: estado, userId: user._id})\n \n  const tarefas = useTracker(() => {Meteor.subscribe('tarefa') \n  const tarefas = (mostra ?  Tarefa.find({ userId: user._id}, {sort: { prioridade: 1, sabor: -1 }}).fetch() : Tarefa.find({ completo: estado, userId: user._id}, {sort: { prioridade: 1, sabor: -1}  }).fetch() )\n  console.log(tarefas)\n  return  tarefas\n})\n\nconst tarefas2 = useTracker(() => {\n  Meteor.subscribe('tarefa') \n  const tarefas2 = Tarefa.find({deleta: true}).fetch()\n  return  tarefas2\n})\n\n\nconst changeStatus = ({_id, completo}) =>Meteor.call('tarefa.checado', _id, !completo);\n\nconst mudaDeleta = ({_id, deleta}) =>Meteor.call('tarefa.checado2', _id, !deleta);\n\nconst deleta= ({_id}) =>Meteor.call('tarefa.deleta', _id)\n\nconst showAll= () =>{setMostra(true)}\n\nconst showComplete = () =>{ setEstado(true), setMostra(false)}\n\nconst showIncomplete = () =>{ setEstado(false), setMostra(false)}\n\nconst deletaVarios = () =>{\n  let ids = []\n\n \n  tarefas2.forEach(e =>{ ids.push(e._id) })\n\n \n \n  Meteor.call('tarefa.deleta2', ids)}\n  const selectPrioridade = (_id,uid) => {\n    \n    \n\t  var select = document.getElementById(uid);\n    var prioridade = select.options[select.selectedIndex].value\n    \n      \n  \n    Meteor.call('tarefa.checado3',_id, prioridade)\n    \n    }\n    \n    \n    \n    \n  \n\n  return  (\n  \n  <>\n   <TarefaStyle>\n    <div class=\"muda\">\n      <Deleta handleClick={showAll} text={\"Mostrar todos\"} />\n      <Deleta handleClick={showIncomplete} text={\"Mostrar incompletas\"}/> \n      <Deleta handleClick={showComplete} text={\"Mostrar completas\"}/>\n      <Deleta  text={\"Deletar várias\"} handleClick={deletaVarios} />\n      </div>\n    <table className=\"tabela\">\n      \n      <tr>\n        <th>Status</th>\n        <th>Tarefa</th>\n        <th>Criada</th>\n        <th>Prioridade</th>\n        <th></th>\n        <th>Deletar várias</th>\n        </tr>\n      \n      {tarefas.map(task =>   < tr key={ task._id }> \n      <td>\n        <label className=\"container\">\n      <Estado  estado={task.completo} task={task} mudaEstado={changeStatus}/> \n      <span className=\"b\">{task.completo ? \"Completo\" : \"Pendente\"}</span>\n      </label>\n      </td>\n      <td>\n       {task.name  }\n      </td>\n      <td>\n        {JSON.stringify(task.criado)}\n        </td>\n        <td>\n          <PrioridadeSelect  prioridade={task.prioridade} task={task._id} changePrioridade={selectPrioridade}/>\n          <span className=\"a\"></span>\n        </td>\n      <td>\n        <Deleta text={\"Deletar\"}task={task}handleClick={deleta}/> \n      </td>\n      <td>\n        <Estado estado={task.deleta} task={task} mudaEstado={mudaDeleta}/> \n      </td> </tr>)}\n      \n      \n      </table>\n      </TarefaStyle>\n  </>)\n};"]},"targets":{},"cloneInputAst":true,"browserslistConfigFile":false,"passPerPreset":false,"envName":"development","cwd":"/home/matheuswm/Downloads/teste","root":"/home/matheuswm/Downloads/teste","rootMode":"root","plugins":[{"key":"base$0","visitor":{"_exploded":true,"_verified":true},"options":{}},{"key":"base$0$0","visitor":{"Program":{"enter":[null],"exit":[null]},"_exploded":true,"_verified":true},"options":{"avoidModernSyntax":false,"enforceStrictMode":false,"dynamicImport":true,"generateLetDeclarations":true}},{"key":"transform-runtime","visitor":{"MemberExpression":{"enter":[null]},"ObjectPattern":{"enter":[null]},"BinaryExpression":{"enter":[null]},"_exploded":{},"_verified":{},"Identifier":{"enter":[null]},"JSXIdentifier":{"enter":[null]}},"options":{"version":"7.15.3","helpers":true,"useESModules":false,"corejs":false}},{"key":"proposal-class-properties","visitor":{"PrivateName":{"enter":[null]},"ExportDefaultDeclaration":{"enter":[null]},"_exploded":true,"_verified":true,"ClassExpression":{"enter":[null]},"ClassDeclaration":{"enter":[null]}},"options":{"loose":true}},{"key":"transform-react-jsx","visitor":{"_exploded":{},"_verified":{},"JSXNamespacedName":{"enter":[null]},"JSXSpreadChild":{"enter":[null]},"Program":{"enter":[null]},"JSXElement":{"exit":[null]},"JSXFragment":{"exit":[null]},"JSXAttribute":{"enter":[null]}},"options":{"pragma":"React.createElement","pragmaFrag":"React.Fragment","runtime":"classic","throwIfNamespace":true,"useBuiltIns":false}},{"key":"transform-react-display-name","visitor":{"ExportDefaultDeclaration":{"enter":[null]},"CallExpression":{"enter":[null]},"_exploded":true,"_verified":true},"options":{}},{"key":"transform-react-pure-annotations","visitor":{"CallExpression":{"enter":[null]},"_exploded":true,"_verified":true},"options":{}},{"key":"syntax-nullish-coalescing-operator","visitor":{"_exploded":true,"_verified":true},"options":{}},{"key":"proposal-nullish-coalescing-operator","visitor":{"_exploded":{},"_verified":{},"LogicalExpression":{"enter":[null]}},"options":{}},{"key":"syntax-optional-chaining","visitor":{"_exploded":true,"_verified":true},"options":{}},{"key":"proposal-optional-chaining","visitor":{"_exploded":true,"OptionalCallExpression":{"enter":[null]},"OptionalMemberExpression":{"enter":[null]},"_verified":true},"options":{}},{"key":"syntax-optional-catch-binding","visitor":{"_exploded":true,"_verified":true},"options":{}},{"key":"proposal-optional-catch-binding","visitor":{"_exploded":{},"_verified":{},"CatchClause":{"enter":[null]}},"options":{}},{"key":"syntax-class-properties","visitor":{"_exploded":true,"_verified":true},"options":{}},{"key":"proposal-class-properties","visitor":{"PrivateName":{"enter":[null]},"ExportDefaultDeclaration":{"enter":[null]},"_exploded":true,"_verified":true,"ClassExpression":{"enter":[null]},"ClassDeclaration":{"enter":[null]}},"options":{}},{"key":"syntax-async-generators","visitor":{"_exploded":true,"_verified":true},"options":{}},{"key":"proposal-async-generator-functions","visitor":{"_exploded":{},"_verified":{},"Program":{"enter":[null]}},"options":{}},{"key":"syntax-object-rest-spread","visitor":{"_exploded":true,"_verified":true},"options":{}},{"key":"proposal-object-rest-spread","visitor":{"_exploded":{},"_verified":{},"VariableDeclarator":{"enter":[null]},"ExportNamedDeclaration":{"enter":[null]},"CatchClause":{"enter":[null]},"AssignmentExpression":{"enter":[null]},"ArrayPattern":{"enter":[null]},"ObjectExpression":{"enter":[null]},"FunctionDeclaration":{"enter":[null]},"FunctionExpression":{"enter":[null]},"ObjectMethod":{"enter":[null]},"ArrowFunctionExpression":{"enter":[null]},"ClassMethod":{"enter":[null]},"ClassPrivateMethod":{"enter":[null]},"ForInStatement":{"enter":[null]},"ForOfStatement":{"enter":[null]}},"options":{}},{"key":"proposal-logical-assignment-operators","visitor":{"_exploded":{},"_verified":{},"AssignmentExpression":{"enter":[null]}},"options":{}},{"key":"transform-literals","visitor":{"NumericLiteral":{"enter":[null]},"StringLiteral":{"enter":[null]},"_exploded":true,"_verified":true},"options":{}},{"key":"transform-template-literals","visitor":{"TaggedTemplateExpression":{"enter":[null]},"TemplateLiteral":{"enter":[null]},"_exploded":true,"_verified":true},"options":{}},{"key":"transform-parameters","visitor":{"_exploded":true,"_verified":true,"FunctionDeclaration":{"enter":[null]},"FunctionExpression":{"enter":[null]},"ObjectMethod":{"enter":[null]},"ArrowFunctionExpression":{"enter":[null]},"ClassMethod":{"enter":[null]},"ClassPrivateMethod":{"enter":[null]}},"options":{}},{"key":"transform-exponentiation-operator","visitor":{"AssignmentExpression":{"enter":[null]},"BinaryExpression":{"enter":[null]},"_exploded":true,"_verified":true},"options":{}}],"presets":[],"generatorOpts":{"filename":"/home/matheuswm/Downloads/teste/imports/ui/Task.jsx","comments":true,"compact":false,"sourceMaps":true,"sourceFileName":"imports/ui/Task.jsx"}},"code":"module.export({\n  Task: () => Task\n});\nlet React, useState;\nmodule.link(\"react\", {\n  default(v) {\n    React = v;\n  },\n\n  useState(v) {\n    useState = v;\n  }\n\n}, 0);\nlet useTracker;\nmodule.link(\"meteor/react-meteor-data\", {\n  useTracker(v) {\n    useTracker = v;\n  }\n\n}, 1);\nlet Tarefa;\nmodule.link(\"../api/connection\", {\n  Tarefa(v) {\n    Tarefa = v;\n  }\n\n}, 2);\nlet Deleta;\nmodule.link(\"./delete\", {\n  Deleta(v) {\n    Deleta = v;\n  }\n\n}, 3);\nlet Estado;\nmodule.link(\"./estado\", {\n  Estado(v) {\n    Estado = v;\n  }\n\n}, 4);\nlet Meteor;\nmodule.link(\"meteor/meteor\", {\n  Meteor(v) {\n    Meteor = v;\n  }\n\n}, 5);\nlet PrioridadeSelect;\nmodule.link(\"./Prioridade\", {\n  PrioridadeSelect(v) {\n    PrioridadeSelect = v;\n  }\n\n}, 6);\nlet TarefaStyle;\nmodule.link(\"./styles/styleLista.js\", {\n  TarefaStyle(v) {\n    TarefaStyle = v;\n  }\n\n}, 7);\n\nvar _s = $RefreshSig$();\n\nconst Task = () => {\n  _s();\n\n  const [estado, setEstado] = useState(false);\n  const [mostra, setMostra] = useState(true);\n  const user = useTracker(() => Meteor.user());\n  const alter = {\n    completo: estado,\n    userId: user._id\n  };\n  const tarefas = useTracker(() => {\n    Meteor.subscribe('tarefa');\n    const tarefas = mostra ? Tarefa.find({\n      userId: user._id\n    }, {\n      sort: {\n        prioridade: 1,\n        sabor: -1\n      }\n    }).fetch() : Tarefa.find({\n      completo: estado,\n      userId: user._id\n    }, {\n      sort: {\n        prioridade: 1,\n        sabor: -1\n      }\n    }).fetch();\n    console.log(tarefas);\n    return tarefas;\n  });\n  const tarefas2 = useTracker(() => {\n    Meteor.subscribe('tarefa');\n    const tarefas2 = Tarefa.find({\n      deleta: true\n    }).fetch();\n    return tarefas2;\n  });\n\n  const changeStatus = _ref => {\n    let {\n      _id,\n      completo\n    } = _ref;\n    return Meteor.call('tarefa.checado', _id, !completo);\n  };\n\n  const mudaDeleta = _ref2 => {\n    let {\n      _id,\n      deleta\n    } = _ref2;\n    return Meteor.call('tarefa.checado2', _id, !deleta);\n  };\n\n  const deleta = _ref3 => {\n    let {\n      _id\n    } = _ref3;\n    return Meteor.call('tarefa.deleta', _id);\n  };\n\n  const showAll = () => {\n    setMostra(true);\n  };\n\n  const showComplete = () => {\n    setEstado(true), setMostra(false);\n  };\n\n  const showIncomplete = () => {\n    setEstado(false), setMostra(false);\n  };\n\n  const deletaVarios = () => {\n    let ids = [];\n    tarefas2.forEach(e => {\n      ids.push(e._id);\n    });\n    Meteor.call('tarefa.deleta2', ids);\n  };\n\n  const selectPrioridade = (_id, uid) => {\n    var select = document.getElementById(uid);\n    var prioridade = select.options[select.selectedIndex].value;\n    Meteor.call('tarefa.checado3', _id, prioridade);\n  };\n\n  return /*#__PURE__*/React.createElement(React.Fragment, null, /*#__PURE__*/React.createElement(TarefaStyle, null, /*#__PURE__*/React.createElement(\"div\", {\n    class: \"muda\"\n  }, /*#__PURE__*/React.createElement(Deleta, {\n    handleClick: showAll,\n    text: \"Mostrar todos\"\n  }), /*#__PURE__*/React.createElement(Deleta, {\n    handleClick: showIncomplete,\n    text: \"Mostrar incompletas\"\n  }), /*#__PURE__*/React.createElement(Deleta, {\n    handleClick: showComplete,\n    text: \"Mostrar completas\"\n  }), /*#__PURE__*/React.createElement(Deleta, {\n    text: \"Deletar várias\",\n    handleClick: deletaVarios\n  })), /*#__PURE__*/React.createElement(\"table\", {\n    className: \"tabela\"\n  }, /*#__PURE__*/React.createElement(\"tr\", null, /*#__PURE__*/React.createElement(\"th\", null, \"Status\"), /*#__PURE__*/React.createElement(\"th\", null, \"Tarefa\"), /*#__PURE__*/React.createElement(\"th\", null, \"Criada\"), /*#__PURE__*/React.createElement(\"th\", null, \"Prioridade\"), /*#__PURE__*/React.createElement(\"th\", null), /*#__PURE__*/React.createElement(\"th\", null, \"Deletar v\\xE1rias\")), tarefas.map(task => /*#__PURE__*/React.createElement(\"tr\", {\n    key: task._id\n  }, /*#__PURE__*/React.createElement(\"td\", null, /*#__PURE__*/React.createElement(\"label\", {\n    className: \"container\"\n  }, /*#__PURE__*/React.createElement(Estado, {\n    estado: task.completo,\n    task: task,\n    mudaEstado: changeStatus\n  }), /*#__PURE__*/React.createElement(\"span\", {\n    className: \"b\"\n  }, task.completo ? \"Completo\" : \"Pendente\"))), /*#__PURE__*/React.createElement(\"td\", null, task.name), /*#__PURE__*/React.createElement(\"td\", null, JSON.stringify(task.criado)), /*#__PURE__*/React.createElement(\"td\", null, /*#__PURE__*/React.createElement(PrioridadeSelect, {\n    prioridade: task.prioridade,\n    task: task._id,\n    changePrioridade: selectPrioridade\n  }), /*#__PURE__*/React.createElement(\"span\", {\n    className: \"a\"\n  })), /*#__PURE__*/React.createElement(\"td\", null, /*#__PURE__*/React.createElement(Deleta, {\n    text: \"Deletar\",\n    task: task,\n    handleClick: deleta\n  })), /*#__PURE__*/React.createElement(\"td\", null, /*#__PURE__*/React.createElement(Estado, {\n    estado: task.deleta,\n    task: task,\n    mudaEstado: mudaDeleta\n  })), \" \")))));\n};\n\n_s(Task, \"VVsaGqM5XCysdtdM9FVmLwWK41g=\", false, function () {\n  return [useTracker, useTracker, useTracker];\n});\n\n_c = Task;\n\nvar _c;\n\n$RefreshReg$(_c, \"Task\");","map":{"version":3,"sources":["imports/ui/Task.jsx"],"names":["Task","useState","user","useTracker","Meteor","alter","completo","userId","_id","tarefas","mostra","sort","prioridade","sabor","console","tarefas2","deleta","changeStatus","mudaDeleta","showAll","setMostra","showComplete","setEstado","showIncomplete","deletaVarios","ids","e","selectPrioridade","select","document","task","JSON"],"mappings":";;;;;;;;;;;;;;;;;;;;;;;;;;;;;;;;;;;;;;;;;;;;;;;;;;;;;;;;;;;;;;;;;;AASO,MAAMA,IAAI,GAAG,MAAM;AAAA,EAAA,EAAA;;AACxB,QAAM,CAAA,MAAA,EAAA,SAAA,IAAsBC,QAAQ,CAApC,KAAoC,CAApC;AACA,QAAM,CAAA,MAAA,EAAA,SAAA,IAAsBA,QAAQ,CAApC,IAAoC,CAApC;AAGA,QAAMC,IAAI,GAAGC,UAAU,CAAC,MAAMC,MAAM,CAApC,IAA8BA,EAAP,CAAvB;AAEA,QAAMC,KAAK,GAAI;AAAEC,IAAAA,QAAQ,EAAV,MAAA;AAAoBC,IAAAA,MAAM,EAAEL,IAAI,CAACM;AAAjC,GAAf;AAEA,QAAMC,OAAO,GAAGN,UAAU,CAAC,MAAM;AAACC,IAAAA,MAAM,CAANA,SAAAA,CAAAA,QAAAA;AAClC,UAAMK,OAAO,GAAIC,MAAM,GAAI,MAAM,CAAN,IAAA,CAAY;AAAEH,MAAAA,MAAM,EAAEL,IAAI,CAACM;AAAf,KAAZ,EAAiC;AAACG,MAAAA,IAAI,EAAE;AAAEC,QAAAA,UAAU,EAAZ,CAAA;AAAiBC,QAAAA,KAAK,EAAE,CAAC;AAAzB;AAAP,KAAjC,EAAJ,KAAI,EAAJ,GAAqF,MAAM,CAAN,IAAA,CAAY;AAAEP,MAAAA,QAAQ,EAAV,MAAA;AAAoBC,MAAAA,MAAM,EAAEL,IAAI,CAACM;AAAjC,KAAZ,EAAmD;AAACG,MAAAA,IAAI,EAAE;AAAEC,QAAAA,UAAU,EAAZ,CAAA;AAAiBC,QAAAA,KAAK,EAAE,CAAC;AAAzB;AAAP,KAAnD,EAA5G,KAA4G,EAA5G;AACAC,IAAAA,OAAO,CAAPA,GAAAA,CAAAA,OAAAA;AACA,WAAA,OAAA;AAHA,GAA0B,CAA1B;AAMF,QAAMC,QAAQ,GAAGZ,UAAU,CAAC,MAAM;AAChCC,IAAAA,MAAM,CAANA,SAAAA,CAAAA,QAAAA;AACA,UAAMW,QAAQ,GAAG,MAAM,CAAN,IAAA,CAAY;AAACC,MAAAA,MAAM,EAAE;AAAT,KAAZ,EAAjB,KAAiB,EAAjB;AACA,WAAA,QAAA;AAHF,GAA2B,CAA3B;;AAOA,QAAMC,YAAY,GAAG;AAAA,QAAC;AAAA,MAAA,GAAA;AAAMX,MAAAA;AAAN,KAAD;AAAA,WAAoBF,MAAM,CAANA,IAAAA,CAAAA,gBAAAA,EAAAA,GAAAA,EAAmC,CAA5E,QAAyCA,CAApB;AAAA,GAArB;;AAEA,QAAMc,UAAU,GAAG;AAAA,QAAC;AAAA,MAAA,GAAA;AAAMF,MAAAA;AAAN,KAAD;AAAA,WAAkBZ,MAAM,CAANA,IAAAA,CAAAA,iBAAAA,EAAAA,GAAAA,EAAoC,CAAzE,MAAqCA,CAAlB;AAAA,GAAnB;;AAEA,QAAMY,MAAM,GAAE;AAAA,QAAC;AAACR,MAAAA;AAAD,KAAD;AAAA,WAAUJ,MAAM,CAANA,IAAAA,CAAAA,eAAAA,EAAxB,GAAwBA,CAAV;AAAA,GAAd;;AAEA,QAAMe,OAAO,GAAE,MAAK;AAACC,IAAAA,SAAS,CAATA,IAAS,CAATA;AAArB,GAAA;;AAEA,QAAMC,YAAY,GAAG,MAAK;AAAEC,IAAAA,SAAS,CAATA,IAAS,CAATA,EAAiBF,SAAS,CAA1BE,KAA0B,CAA1BA;AAA5B,GAAA;;AAEA,QAAMC,cAAc,GAAG,MAAK;AAAED,IAAAA,SAAS,CAATA,KAAS,CAATA,EAAkBF,SAAS,CAA3BE,KAA2B,CAA3BA;AAA9B,GAAA;;AAEA,QAAME,YAAY,GAAG,MAAK;AACxB,QAAIC,GAAG,GAAP,EAAA;AAGAV,IAAAA,QAAQ,CAARA,OAAAA,CAAiBW,CAAC,IAAG;AAAED,MAAAA,GAAG,CAAHA,IAAAA,CAASC,CAAC,CAAVD,GAAAA;AAAvBV,KAAAA;AAIAX,IAAAA,MAAM,CAANA,IAAAA,CAAAA,gBAAAA,EAAAA,GAAAA;AARF,GAAA;;AASE,QAAMuB,gBAAgB,GAAG,CAAA,GAAA,EAAA,GAAA,KAAa;AAGrC,QAAIC,MAAM,GAAGC,QAAQ,CAARA,cAAAA,CAAb,GAAaA,CAAb;AACC,QAAIjB,UAAU,GAAGgB,MAAM,CAANA,OAAAA,CAAeA,MAAM,CAArBA,aAAAA,EAAjB,KAAA;AAIAxB,IAAAA,MAAM,CAANA,IAAAA,CAAAA,iBAAAA,EAAAA,GAAAA,EAAAA,UAAAA;AARF,GAAA;;AAiBA,sBAEA,uDACC,oBAAA,WAAA,qBACC;AAAK,IAAA,KAAA,EAAL;AAAA,kBACE,oBAAA,MAAA;AAAQ,IAAA,WAAA,EAAR,OAAA;AAA8B,IAAA,IAAA,EAA9B;AAAA,IADF,eAEE,oBAAA,MAAA;AAAQ,IAAA,WAAA,EAAR,cAAA;AAAqC,IAAA,IAAA,EAArC;AAAA,IAFF,eAGE,oBAAA,MAAA;AAAQ,IAAA,WAAA,EAAR,YAAA;AAAmC,IAAA,IAAA,EAAnC;AAAA,IAHF,eAIE,oBAAA,MAAA;AAAS,IAAA,IAAA,EAAT,gBAAA;AAAiC,IAAA,WAAA,EAAjC;AAAA,IAJF,CADD,eAOC;AAAO,IAAA,SAAA,EAAP;AAAA,kBAEE,6CACE,yCADF,eAEE,yCAFF,eAGE,yCAHF,eAIE,6CAJF,eAKE,+BALF,eAME,oDANF,CAFF,EAWGK,OAAO,CAAPA,GAAAA,CAAYqB,IAAI,iBAAM;AAAK,IAAA,GAAA,EAAMA,IAAI,CAAf;AAAA,kBACvB,6CACE;AAAO,IAAA,SAAA,EAAP;AAAA,kBACF,oBAAA,MAAA;AAAS,IAAA,MAAA,EAAQA,IAAI,CAArB,QAAA;AAAgC,IAAA,IAAA,EAAhC,IAAA;AAA4C,IAAA,UAAA,EAA5C;AAAA,IADE,eAEF;AAAM,IAAA,SAAA,EAAN;AAAA,KAAqBA,IAAI,CAAJA,QAAAA,GAAAA,UAAAA,GAAD,UAApB,CAFE,CADF,CADuB,eAOvB,gCACEA,IAAI,CAAL,IADD,CAPuB,eAUvB,gCACGC,IAAI,CAAJA,SAAAA,CAAeD,IAAI,CAApB,MAACC,CADH,CAVuB,eAarB,6CACE,oBAAA,gBAAA;AAAmB,IAAA,UAAA,EAAYD,IAAI,CAAnC,UAAA;AAAgD,IAAA,IAAA,EAAMA,IAAI,CAA1D,GAAA;AAAgE,IAAA,gBAAA,EAAhE;AAAA,IADF,eAEE;AAAM,IAAA,SAAA,EAAN;AAAA,IAFF,CAbqB,eAiBvB,6CACE,oBAAA,MAAA;AAAQ,IAAA,IAAA,EAAR,SAAA;AAAwB,IAAA,IAAA,EAAxB,IAAA;AAAmC,IAAA,WAAA,EAAnC;AAAA,IADF,CAjBuB,eAoBvB,6CACE,oBAAA,MAAA;AAAQ,IAAA,MAAA,EAAQA,IAAI,CAApB,MAAA;AAA6B,IAAA,IAAA,EAA7B,IAAA;AAAyC,IAAA,UAAA,EAAzC;AAAA,IADF,CApBuB,MAAtBrB,CAXH,CAPD,CADD,CAFA;AA5DK,CAAA;;GAAMT,I;UAKEG,U,EAIGA,U,EAMDA,U;;;KAfJH,I","sourcesContent":["import React, { useState } from 'react';\nimport { useTracker } from 'meteor/react-meteor-data';\nimport { Tarefa } from '../api/connection';\nimport { Deleta } from './delete';\nimport { Estado } from './estado';\nimport { Meteor } from 'meteor/meteor';\nimport { PrioridadeSelect } from './Prioridade';\nimport { TarefaStyle} from './styles/styleLista.js';\n\nexport const Task = () => {\n  const [estado, setEstado] = useState(false);\n  const [mostra, setMostra] = useState(true)\n \n\n  const user = useTracker(() => Meteor.user())\n\n  const alter = ({ completo: estado, userId: user._id})\n \n  const tarefas = useTracker(() => {Meteor.subscribe('tarefa') \n  const tarefas = (mostra ?  Tarefa.find({ userId: user._id}, {sort: { prioridade: 1, sabor: -1 }}).fetch() : Tarefa.find({ completo: estado, userId: user._id}, {sort: { prioridade: 1, sabor: -1}  }).fetch() )\n  console.log(tarefas)\n  return  tarefas\n})\n\nconst tarefas2 = useTracker(() => {\n  Meteor.subscribe('tarefa') \n  const tarefas2 = Tarefa.find({deleta: true}).fetch()\n  return  tarefas2\n})\n\n\nconst changeStatus = ({_id, completo}) =>Meteor.call('tarefa.checado', _id, !completo);\n\nconst mudaDeleta = ({_id, deleta}) =>Meteor.call('tarefa.checado2', _id, !deleta);\n\nconst deleta= ({_id}) =>Meteor.call('tarefa.deleta', _id)\n\nconst showAll= () =>{setMostra(true)}\n\nconst showComplete = () =>{ setEstado(true), setMostra(false)}\n\nconst showIncomplete = () =>{ setEstado(false), setMostra(false)}\n\nconst deletaVarios = () =>{\n  let ids = []\n\n \n  tarefas2.forEach(e =>{ ids.push(e._id) })\n\n \n \n  Meteor.call('tarefa.deleta2', ids)}\n  const selectPrioridade = (_id,uid) => {\n    \n    \n\t  var select = document.getElementById(uid);\n    var prioridade = select.options[select.selectedIndex].value\n    \n      \n  \n    Meteor.call('tarefa.checado3',_id, prioridade)\n    \n    }\n    \n    \n    \n    \n  \n\n  return  (\n  \n  <>\n   <TarefaStyle>\n    <div class=\"muda\">\n      <Deleta handleClick={showAll} text={\"Mostrar todos\"} />\n      <Deleta handleClick={showIncomplete} text={\"Mostrar incompletas\"}/> \n      <Deleta handleClick={showComplete} text={\"Mostrar completas\"}/>\n      <Deleta  text={\"Deletar várias\"} handleClick={deletaVarios} />\n      </div>\n    <table className=\"tabela\">\n      \n      <tr>\n        <th>Status</th>\n        <th>Tarefa</th>\n        <th>Criada</th>\n        <th>Prioridade</th>\n        <th></th>\n        <th>Deletar várias</th>\n        </tr>\n      \n      {tarefas.map(task =>   < tr key={ task._id }> \n      <td>\n        <label className=\"container\">\n      <Estado  estado={task.completo} task={task} mudaEstado={changeStatus}/> \n      <span className=\"b\">{task.completo ? \"Completo\" : \"Pendente\"}</span>\n      </label>\n      </td>\n      <td>\n       {task.name  }\n      </td>\n      <td>\n        {JSON.stringify(task.criado)}\n        </td>\n        <td>\n          <PrioridadeSelect  prioridade={task.prioridade} task={task._id} changePrioridade={selectPrioridade}/>\n          <span className=\"a\"></span>\n        </td>\n      <td>\n        <Deleta text={\"Deletar\"}task={task}handleClick={deleta}/> \n      </td>\n      <td>\n        <Estado estado={task.deleta} task={task} mudaEstado={mudaDeleta}/> \n      </td> </tr>)}\n      \n      \n      </table>\n      </TarefaStyle>\n  </>)\n};"]},"sourceType":"module","hash":"e3f5992f417d3ac3493c89aeb2dac22495a878cd"}
