{"metadata":{},"options":{"assumptions":{},"compact":false,"sourceMaps":true,"ast":true,"babelrc":false,"configFile":false,"parserOpts":{"sourceType":"module","sourceFileName":"/home/matheuswm/Downloads/teste/imports/ui/Task.jsx","plugins":["*","flow","jsx","asyncGenerators","bigInt","classPrivateMethods","classPrivateProperties","classProperties","doExpressions","dynamicImport","exportDefaultFrom","exportExtensions","exportNamespaceFrom","functionBind","functionSent","importMeta","nullishCoalescingOperator","numericSeparator","objectRestSpread","optionalCatchBinding","optionalChaining",["pipelineOperator",{"proposal":"minimal"}],"throwExpressions","classProperties","classPrivateProperties","jsx","nullishCoalescingOperator","nullishCoalescingOperator","optionalChaining","optionalCatchBinding","optionalCatchBinding","classProperties","classPrivateProperties","classPrivateMethods","classProperties","classPrivateProperties","asyncGenerators","asyncGenerators","objectRestSpread","objectRestSpread","logicalAssignment"],"allowImportExportEverywhere":true,"allowReturnOutsideFunction":true,"allowUndeclaredExports":true,"strictMode":false},"caller":{"name":"meteor","arch":"web.cordova"},"sourceFileName":"imports/ui/Task.jsx","filename":"/home/matheuswm/Downloads/teste/imports/ui/Task.jsx","targets":{},"cloneInputAst":true,"browserslistConfigFile":false,"passPerPreset":false,"envName":"development","cwd":"/home/matheuswm/Downloads/teste","root":"/home/matheuswm/Downloads/teste","rootMode":"root","plugins":[{"key":"base$0","visitor":{"_exploded":true,"_verified":true},"options":{}},{"key":"base$0$0","visitor":{"Program":{"enter":[null],"exit":[null]},"_exploded":true,"_verified":true},"options":{"avoidModernSyntax":true,"enforceStrictMode":false,"dynamicImport":true}},{"key":"transform-runtime","visitor":{"MemberExpression":{"enter":[null]},"ObjectPattern":{"enter":[null]},"BinaryExpression":{"enter":[null]},"_exploded":{},"_verified":{},"Identifier":{"enter":[null]},"JSXIdentifier":{"enter":[null]}},"options":{"version":"7.15.3","helpers":true,"useESModules":false,"corejs":false}},{"key":"proposal-class-properties","visitor":{"PrivateName":{"enter":[null]},"ExportDefaultDeclaration":{"enter":[null]},"_exploded":true,"_verified":true,"ClassExpression":{"enter":[null]},"ClassDeclaration":{"enter":[null]}},"options":{"loose":true}},{"key":"base$0$3","visitor":{"FunctionExpression":{"exit":[null]},"_exploded":true,"_verified":true},"options":{}},{"key":"base$0$4","visitor":{"ForInStatement":{"enter":[null]},"_exploded":true,"_verified":true},"options":{}},{"key":"transform-react-jsx","visitor":{"_exploded":{},"_verified":{},"JSXNamespacedName":{"enter":[null]},"JSXSpreadChild":{"enter":[null]},"Program":{"enter":[null]},"JSXElement":{"exit":[null]},"JSXFragment":{"exit":[null]},"JSXAttribute":{"enter":[null]}},"options":{"pragma":"React.createElement","pragmaFrag":"React.Fragment","runtime":"classic","throwIfNamespace":true,"useBuiltIns":false}},{"key":"transform-react-display-name","visitor":{"ExportDefaultDeclaration":{"enter":[null]},"CallExpression":{"enter":[null]},"_exploded":true,"_verified":true},"options":{}},{"key":"transform-react-pure-annotations","visitor":{"CallExpression":{"enter":[null]},"_exploded":true,"_verified":true},"options":{}},{"key":"syntax-nullish-coalescing-operator","visitor":{"_exploded":true,"_verified":true},"options":{}},{"key":"proposal-nullish-coalescing-operator","visitor":{"_exploded":{},"_verified":{},"LogicalExpression":{"enter":[null]}},"options":{}},{"key":"syntax-optional-chaining","visitor":{"_exploded":true,"_verified":true},"options":{}},{"key":"proposal-optional-chaining","visitor":{"_exploded":true,"OptionalCallExpression":{"enter":[null]},"OptionalMemberExpression":{"enter":[null]},"_verified":true},"options":{}},{"key":"syntax-optional-catch-binding","visitor":{"_exploded":true,"_verified":true},"options":{}},{"key":"proposal-optional-catch-binding","visitor":{"_exploded":{},"_verified":{},"CatchClause":{"enter":[null]}},"options":{}},{"key":"syntax-class-properties","visitor":{"_exploded":true,"_verified":true},"options":{}},{"key":"proposal-class-properties","visitor":{"PrivateName":{"enter":[null]},"ExportDefaultDeclaration":{"enter":[null]},"_exploded":true,"_verified":true,"ClassExpression":{"enter":[null]},"ClassDeclaration":{"enter":[null]}},"options":{}},{"key":"syntax-async-generators","visitor":{"_exploded":true,"_verified":true},"options":{}},{"key":"proposal-async-generator-functions","visitor":{"_exploded":{},"_verified":{},"Program":{"enter":[null]}},"options":{}},{"key":"syntax-object-rest-spread","visitor":{"_exploded":true,"_verified":true},"options":{}},{"key":"proposal-object-rest-spread","visitor":{"_exploded":{},"_verified":{},"VariableDeclarator":{"enter":[null]},"ExportNamedDeclaration":{"enter":[null]},"CatchClause":{"enter":[null]},"AssignmentExpression":{"enter":[null]},"ArrayPattern":{"enter":[null]},"ObjectExpression":{"enter":[null]},"FunctionDeclaration":{"enter":[null]},"FunctionExpression":{"enter":[null]},"ObjectMethod":{"enter":[null]},"ArrowFunctionExpression":{"enter":[null]},"ClassMethod":{"enter":[null]},"ClassPrivateMethod":{"enter":[null]},"ForInStatement":{"enter":[null]},"ForOfStatement":{"enter":[null]}},"options":{}},{"key":"proposal-logical-assignment-operators","visitor":{"_exploded":{},"_verified":{},"AssignmentExpression":{"enter":[null]}},"options":{}},{"key":"transform-arrow-functions","visitor":{"ArrowFunctionExpression":{"enter":[null]},"_exploded":true,"_verified":true},"options":{}},{"key":"transform-block-scoped-functions","visitor":{"BlockStatement":{"enter":[null]},"SwitchCase":{"enter":[null]},"_exploded":true,"_verified":true},"options":{}},{"key":"transform-block-scoping","visitor":{"VariableDeclaration":{"enter":[null]},"CatchClause":{"enter":[null]},"_exploded":true,"BlockStatement":{"enter":[null]},"SwitchStatement":{"enter":[null]},"Program":{"enter":[null]},"_verified":true,"DoWhileStatement":{"enter":[null]},"ForInStatement":{"enter":[null]},"ForStatement":{"enter":[null]},"WhileStatement":{"enter":[null]},"ForOfStatement":{"enter":[null]}},"options":{}},{"key":"transform-classes","visitor":{"ExportDefaultDeclaration":{"enter":[null]},"ClassDeclaration":{"enter":[null]},"ClassExpression":{"enter":[null]},"_exploded":true,"_verified":true},"options":{"loose":true}},{"key":"transform-computed-properties","visitor":{"ObjectExpression":{"exit":[null]},"_exploded":true,"_verified":true},"options":{"loose":true}},{"key":"transform-destructuring","visitor":{"ExportNamedDeclaration":{"enter":[null]},"CatchClause":{"enter":[null]},"AssignmentExpression":{"enter":[null]},"VariableDeclaration":{"enter":[null]},"_exploded":true,"_verified":true,"ForInStatement":{"enter":[null]},"ForOfStatement":{"enter":[null]}},"options":{}},{"key":"transform-for-of","visitor":{"ForOfStatement":{"enter":[null]},"_exploded":true,"_verified":true},"options":{"loose":true}},{"key":"transform-literals","visitor":{"NumericLiteral":{"enter":[null]},"StringLiteral":{"enter":[null]},"_exploded":true,"_verified":true},"options":{}},{"key":"transform-object-super","visitor":{"ObjectExpression":{"enter":[null]},"_exploded":true,"_verified":true},"options":{}},{"key":"transform-parameters","visitor":{"_exploded":true,"_verified":true,"FunctionDeclaration":{"enter":[null]},"FunctionExpression":{"enter":[null]},"ObjectMethod":{"enter":[null]},"ArrowFunctionExpression":{"enter":[null]},"ClassMethod":{"enter":[null]},"ClassPrivateMethod":{"enter":[null]}},"options":{}},{"key":"transform-shorthand-properties","visitor":{"ObjectMethod":{"enter":[null]},"ObjectProperty":{"enter":[null]},"_exploded":true,"_verified":true},"options":{}},{"key":"transform-spread","visitor":{"ArrayExpression":{"enter":[null]},"CallExpression":{"enter":[null]},"NewExpression":{"enter":[null]},"_exploded":true,"_verified":true},"options":{}},{"key":"transform-sticky-regex","visitor":{"RegExpLiteral":{"enter":[null]},"_exploded":true,"_verified":true},"options":{}},{"key":"transform-template-literals","visitor":{"TaggedTemplateExpression":{"enter":[null]},"TemplateLiteral":{"enter":[null]},"_exploded":true,"_verified":true},"options":{"loose":true}},{"key":"transform-typeof-symbol","visitor":{"UnaryExpression":{"enter":[null]},"_exploded":true,"_verified":true,"BlockStatement":{"enter":[null]},"CatchClause":{"enter":[null]},"DoWhileStatement":{"enter":[null]},"ForInStatement":{"enter":[null]},"ForStatement":{"enter":[null]},"FunctionDeclaration":{"enter":[null]},"FunctionExpression":{"enter":[null]},"Program":{"enter":[null]},"ObjectMethod":{"enter":[null]},"SwitchStatement":{"enter":[null]},"WhileStatement":{"enter":[null]},"ArrowFunctionExpression":{"enter":[null]},"ClassExpression":{"enter":[null]},"ClassDeclaration":{"enter":[null]},"ForOfStatement":{"enter":[null]},"ClassMethod":{"enter":[null]},"ClassPrivateMethod":{"enter":[null]},"StaticBlock":{"enter":[null]},"TSModuleBlock":{"enter":[null]},"AssignmentPattern":{"enter":[null]},"ArrayPattern":{"enter":[null]},"ObjectPattern":{"enter":[null]}},"options":{}},{"key":"transform-unicode-regex","visitor":{"RegExpLiteral":{"enter":[null]},"_exploded":true,"_verified":true},"options":{}},{"key":"transform-property-literals","visitor":{"ObjectProperty":{"exit":[null]},"_exploded":true,"_verified":true},"options":{}},{"key":"transform-exponentiation-operator","visitor":{"AssignmentExpression":{"enter":[null]},"BinaryExpression":{"enter":[null]},"_exploded":true,"_verified":true},"options":{}},{"key":"regenerator-transform","visitor":{"_exploded":true,"_verified":true,"ObjectMethod":{"enter":[null],"exit":[null]},"ClassMethod":{"enter":[null],"exit":[null]},"ClassPrivateMethod":{"enter":[null],"exit":[null]},"FunctionDeclaration":{"exit":[null]},"FunctionExpression":{"exit":[null]},"ArrowFunctionExpression":{"exit":[null]}},"options":{}}],"presets":[],"generatorOpts":{"filename":"/home/matheuswm/Downloads/teste/imports/ui/Task.jsx","comments":true,"compact":false,"sourceMaps":true,"sourceFileName":"imports/ui/Task.jsx"}},"code":"var _slicedToArray;\n\nmodule.link(\"@babel/runtime/helpers/slicedToArray\", {\n  default: function (v) {\n    _slicedToArray = v;\n  }\n}, 0);\nmodule.export({\n  Task: function () {\n    return Task;\n  }\n});\nvar React, useState;\nmodule.link(\"react\", {\n  \"default\": function (v) {\n    React = v;\n  },\n  useState: function (v) {\n    useState = v;\n  }\n}, 0);\nvar useTracker;\nmodule.link(\"meteor/react-meteor-data\", {\n  useTracker: function (v) {\n    useTracker = v;\n  }\n}, 1);\nvar Tarefa;\nmodule.link(\"../api/connection\", {\n  Tarefa: function (v) {\n    Tarefa = v;\n  }\n}, 2);\nvar Deleta;\nmodule.link(\"./delete\", {\n  Deleta: function (v) {\n    Deleta = v;\n  }\n}, 3);\nvar Estado;\nmodule.link(\"./estado\", {\n  Estado: function (v) {\n    Estado = v;\n  }\n}, 4);\nvar Meteor;\nmodule.link(\"meteor/meteor\", {\n  Meteor: function (v) {\n    Meteor = v;\n  }\n}, 5);\nvar PrioridadeSelect;\nmodule.link(\"./Prioridade\", {\n  PrioridadeSelect: function (v) {\n    PrioridadeSelect = v;\n  }\n}, 6);\nvar TarefaStyle;\nmodule.link(\"./styles/styleLista.js\", {\n  TarefaStyle: function (v) {\n    TarefaStyle = v;\n  }\n}, 7);\n\nvar Task = function () {\n  var _useState = useState(false),\n      _useState2 = _slicedToArray(_useState, 2),\n      estado = _useState2[0],\n      setEstado = _useState2[1];\n\n  var _useState3 = useState(true),\n      _useState4 = _slicedToArray(_useState3, 2),\n      mostra = _useState4[0],\n      setMostra = _useState4[1];\n\n  var user = useTracker(function () {\n    return Meteor.user();\n  });\n  var alter = {\n    completo: estado,\n    userId: user._id\n  };\n  var tarefas = useTracker(function () {\n    Meteor.subscribe('tarefa');\n    var tarefas = mostra ? Tarefa.find({\n      userId: user._id\n    }, {\n      sort: {\n        prioridade: 1,\n        sabor: -1\n      }\n    }).fetch() : Tarefa.find({\n      completo: estado,\n      userId: user._id\n    }, {\n      sort: {\n        prioridade: 1,\n        sabor: -1\n      }\n    }).fetch();\n    return tarefas;\n  });\n  var tarefas2 = useTracker(function () {\n    Meteor.subscribe('tarefa');\n    var tarefas2 = Tarefa.find({\n      deleta: true\n    }).fetch();\n    return tarefas2;\n  });\n\n  var changeStatus = function (_ref) {\n    var _id = _ref._id,\n        completo = _ref.completo;\n    return Meteor.call('tarefa.checado', _id, !completo);\n  };\n\n  var mudaDeleta = function (_ref2) {\n    var _id = _ref2._id,\n        deleta = _ref2.deleta;\n    return Meteor.call('tarefa.checado2', _id, !deleta);\n  };\n\n  var deleta = function (_ref3) {\n    var _id = _ref3._id;\n    return Meteor.call('tarefa.deleta', _id);\n  };\n\n  var showAll = function () {\n    setMostra(true);\n  };\n\n  var showComplete = function () {\n    setEstado(true), setMostra(false);\n  };\n\n  var showIncomplete = function () {\n    setEstado(false), setMostra(false);\n  };\n\n  var deletaVarios = function () {\n    var ids = [];\n    tarefas2.forEach(function (e) {\n      ids.push(e._id);\n    });\n    Meteor.call('tarefa.deleta2', ids);\n  };\n\n  var selectPrioridade = function (_id, uid) {\n    var select = document.getElementById(uid);\n    var prioridade = select.options[select.selectedIndex].value;\n    Meteor.call('tarefa.checado3', _id, prioridade);\n  };\n\n  return /*#__PURE__*/React.createElement(React.Fragment, null, /*#__PURE__*/React.createElement(TarefaStyle, null, /*#__PURE__*/React.createElement(\"div\", {\n    \"class\": \"muda\"\n  }, /*#__PURE__*/React.createElement(Deleta, {\n    handleClick: showAll,\n    text: \"Mostrar todos\"\n  }), /*#__PURE__*/React.createElement(Deleta, {\n    handleClick: showIncomplete,\n    text: \"Mostrar incompletas\"\n  }), /*#__PURE__*/React.createElement(Deleta, {\n    handleClick: showComplete,\n    text: \"Mostrar completas\"\n  }), /*#__PURE__*/React.createElement(Deleta, {\n    text: \"Deletar várias\",\n    handleClick: deletaVarios\n  })), /*#__PURE__*/React.createElement(\"table\", {\n    className: \"tabela\"\n  }, /*#__PURE__*/React.createElement(\"tr\", null, /*#__PURE__*/React.createElement(\"th\", null, \"Status\"), /*#__PURE__*/React.createElement(\"th\", null, \"Tarefa\"), /*#__PURE__*/React.createElement(\"th\", null, \"Criada\"), /*#__PURE__*/React.createElement(\"th\", null, \"Prioridade\"), /*#__PURE__*/React.createElement(\"th\", null), /*#__PURE__*/React.createElement(\"th\", null, \"Deletar v\\xE1rias\")), tarefas.map(function (task) {\n    return /*#__PURE__*/React.createElement(\"tr\", {\n      key: task._id\n    }, /*#__PURE__*/React.createElement(\"td\", null, /*#__PURE__*/React.createElement(\"label\", {\n      className: \"container\"\n    }, /*#__PURE__*/React.createElement(Estado, {\n      estado: task.completo,\n      task: task,\n      mudaEstado: changeStatus\n    }), /*#__PURE__*/React.createElement(\"span\", {\n      className: \"b\"\n    }, task.completo ? \"Completo\" : \"Pendente\"))), /*#__PURE__*/React.createElement(\"td\", null, task.name), /*#__PURE__*/React.createElement(\"td\", null, JSON.stringify(task.criado)), /*#__PURE__*/React.createElement(\"td\", null, /*#__PURE__*/React.createElement(PrioridadeSelect, {\n      prioridade: task.prioridade,\n      task: task._id,\n      changePrioridade: selectPrioridade\n    }), /*#__PURE__*/React.createElement(\"span\", {\n      className: \"a\"\n    })), /*#__PURE__*/React.createElement(\"td\", null, /*#__PURE__*/React.createElement(Deleta, {\n      text: \"Deletar\",\n      task: task,\n      handleClick: deleta\n    })), /*#__PURE__*/React.createElement(\"td\", null, /*#__PURE__*/React.createElement(Estado, {\n      estado: task.deleta,\n      task: task,\n      mudaEstado: mudaDeleta\n    })), \" \");\n  }))));\n};","map":{"version":3,"sources":["imports/ui/Task.jsx"],"names":["_slicedToArray","module","link","default","v","export","Task","React","useState","useTracker","Tarefa","Deleta","Estado","Meteor","PrioridadeSelect","TarefaStyle","estado","setEstado","mostra","setMostra","user","alter","completo","userId","_id","tarefas","subscribe","find","sort","prioridade","sabor","fetch","tarefas2","deleta","changeStatus","call","mudaDeleta","showAll","showComplete","showIncomplete","deletaVarios","ids","forEach","e","push","selectPrioridade","uid","select","document","getElementById","options","selectedIndex","value","map","task","name","JSON","stringify","criado"],"mappings":"AAAA,IAAIA,cAAJ;;AAAmBC,MAAM,CAACC,IAAP,CAAY,sCAAZ,EAAmD;AAACC,EAAAA,OAAO,EAAC,UAASC,CAAT,EAAW;AAACJ,IAAAA,cAAc,GAACI,CAAf;AAAiB;AAAtC,CAAnD,EAA2F,CAA3F;AAAnBH,MAAM,CAACI,MAAP,CAAc;AAACC,EAAAA,IAAI,EAAC,YAAU;AAAC,WAAOA,IAAP;AAAY;AAA7B,CAAd;AAA8C,IAAIC,KAAJ,EAAUC,QAAV;AAAmBP,MAAM,CAACC,IAAP,CAAY,OAAZ,EAAoB;AAAC,aAAQ,UAASE,CAAT,EAAW;AAACG,IAAAA,KAAK,GAACH,CAAN;AAAQ,GAA7B;AAA8BI,EAAAA,QAAQ,EAAC,UAASJ,CAAT,EAAW;AAACI,IAAAA,QAAQ,GAACJ,CAAT;AAAW;AAA9D,CAApB,EAAoF,CAApF;AAAuF,IAAIK,UAAJ;AAAeR,MAAM,CAACC,IAAP,CAAY,0BAAZ,EAAuC;AAACO,EAAAA,UAAU,EAAC,UAASL,CAAT,EAAW;AAACK,IAAAA,UAAU,GAACL,CAAX;AAAa;AAArC,CAAvC,EAA8E,CAA9E;AAAiF,IAAIM,MAAJ;AAAWT,MAAM,CAACC,IAAP,CAAY,mBAAZ,EAAgC;AAACQ,EAAAA,MAAM,EAAC,UAASN,CAAT,EAAW;AAACM,IAAAA,MAAM,GAACN,CAAP;AAAS;AAA7B,CAAhC,EAA+D,CAA/D;AAAkE,IAAIO,MAAJ;AAAWV,MAAM,CAACC,IAAP,CAAY,UAAZ,EAAuB;AAACS,EAAAA,MAAM,EAAC,UAASP,CAAT,EAAW;AAACO,IAAAA,MAAM,GAACP,CAAP;AAAS;AAA7B,CAAvB,EAAsD,CAAtD;AAAyD,IAAIQ,MAAJ;AAAWX,MAAM,CAACC,IAAP,CAAY,UAAZ,EAAuB;AAACU,EAAAA,MAAM,EAAC,UAASR,CAAT,EAAW;AAACQ,IAAAA,MAAM,GAACR,CAAP;AAAS;AAA7B,CAAvB,EAAsD,CAAtD;AAAyD,IAAIS,MAAJ;AAAWZ,MAAM,CAACC,IAAP,CAAY,eAAZ,EAA4B;AAACW,EAAAA,MAAM,EAAC,UAAST,CAAT,EAAW;AAACS,IAAAA,MAAM,GAACT,CAAP;AAAS;AAA7B,CAA5B,EAA2D,CAA3D;AAA8D,IAAIU,gBAAJ;AAAqBb,MAAM,CAACC,IAAP,CAAY,cAAZ,EAA2B;AAACY,EAAAA,gBAAgB,EAAC,UAASV,CAAT,EAAW;AAACU,IAAAA,gBAAgB,GAACV,CAAjB;AAAmB;AAAjD,CAA3B,EAA8E,CAA9E;AAAiF,IAAIW,WAAJ;AAAgBd,MAAM,CAACC,IAAP,CAAY,wBAAZ,EAAqC;AAACa,EAAAA,WAAW,EAAC,UAASX,CAAT,EAAW;AAACW,IAAAA,WAAW,GAACX,CAAZ;AAAc;AAAvC,CAArC,EAA8E,CAA9E;;AASroB,IAAME,IAAI,GAAG,YAAM;AACxB,kBAA4BE,QAAQ,CAAC,KAAD,CAApC;AAAA;AAAA,MAAOQ,MAAP;AAAA,MAAeC,SAAf;;AACA,mBAA4BT,QAAQ,CAAC,IAAD,CAApC;AAAA;AAAA,MAAOU,MAAP;AAAA,MAAeC,SAAf;;AAGA,MAAMC,IAAI,GAAGX,UAAU,CAAC;AAAA,WAAMI,MAAM,CAACO,IAAP,EAAN;AAAA,GAAD,CAAvB;AAEA,MAAMC,KAAK,GAAI;AAAEC,IAAAA,QAAQ,EAAEN,MAAZ;AAAoBO,IAAAA,MAAM,EAAEH,IAAI,CAACI;AAAjC,GAAf;AAEA,MAAMC,OAAO,GAAGhB,UAAU,CAAC,YAAM;AAACI,IAAAA,MAAM,CAACa,SAAP,CAAiB,QAAjB;AAClC,QAAMD,OAAO,GAAIP,MAAM,GAAIR,MAAM,CAACiB,IAAP,CAAY;AAAEJ,MAAAA,MAAM,EAAEH,IAAI,CAACI;AAAf,KAAZ,EAAiC;AAACI,MAAAA,IAAI,EAAE;AAAEC,QAAAA,UAAU,EAAE,CAAd;AAAiBC,QAAAA,KAAK,EAAE,CAAC;AAAzB;AAAP,KAAjC,EAAuEC,KAAvE,EAAJ,GAAqFrB,MAAM,CAACiB,IAAP,CAAY;AAAEL,MAAAA,QAAQ,EAAEN,MAAZ;AAAoBO,MAAAA,MAAM,EAAEH,IAAI,CAACI;AAAjC,KAAZ,EAAmD;AAACI,MAAAA,IAAI,EAAE;AAAEC,QAAAA,UAAU,EAAE,CAAd;AAAiBC,QAAAA,KAAK,EAAE,CAAC;AAAzB;AAAP,KAAnD,EAA0FC,KAA1F,EAA5G;AAEA,WAAQN,OAAR;AACD,GAJ2B,CAA1B;AAMF,MAAMO,QAAQ,GAAGvB,UAAU,CAAC,YAAM;AAChCI,IAAAA,MAAM,CAACa,SAAP,CAAiB,QAAjB;AACA,QAAMM,QAAQ,GAAGtB,MAAM,CAACiB,IAAP,CAAY;AAACM,MAAAA,MAAM,EAAE;AAAT,KAAZ,EAA4BF,KAA5B,EAAjB;AACA,WAAQC,QAAR;AACD,GAJ0B,CAA3B;;AAOA,MAAME,YAAY,GAAG;AAAA,QAAEV,GAAF,QAAEA,GAAF;AAAA,QAAOF,QAAP,QAAOA,QAAP;AAAA,WAAoBT,MAAM,CAACsB,IAAP,CAAY,gBAAZ,EAA8BX,GAA9B,EAAmC,CAACF,QAApC,CAApB;AAAA,GAArB;;AAEA,MAAMc,UAAU,GAAG;AAAA,QAAEZ,GAAF,SAAEA,GAAF;AAAA,QAAOS,MAAP,SAAOA,MAAP;AAAA,WAAkBpB,MAAM,CAACsB,IAAP,CAAY,iBAAZ,EAA+BX,GAA/B,EAAoC,CAACS,MAArC,CAAlB;AAAA,GAAnB;;AAEA,MAAMA,MAAM,GAAE;AAAA,QAAET,GAAF,SAAEA,GAAF;AAAA,WAAUX,MAAM,CAACsB,IAAP,CAAY,eAAZ,EAA6BX,GAA7B,CAAV;AAAA,GAAd;;AAEA,MAAMa,OAAO,GAAE,YAAK;AAAClB,IAAAA,SAAS,CAAC,IAAD,CAAT;AAAgB,GAArC;;AAEA,MAAMmB,YAAY,GAAG,YAAK;AAAErB,IAAAA,SAAS,CAAC,IAAD,CAAT,EAAiBE,SAAS,CAAC,KAAD,CAA1B;AAAkC,GAA9D;;AAEA,MAAMoB,cAAc,GAAG,YAAK;AAAEtB,IAAAA,SAAS,CAAC,KAAD,CAAT,EAAkBE,SAAS,CAAC,KAAD,CAA3B;AAAmC,GAAjE;;AAEA,MAAMqB,YAAY,GAAG,YAAK;AACxB,QAAIC,GAAG,GAAG,EAAV;AAGAT,IAAAA,QAAQ,CAACU,OAAT,CAAiB,UAAAC,CAAC,EAAG;AAAEF,MAAAA,GAAG,CAACG,IAAJ,CAASD,CAAC,CAACnB,GAAX;AAAiB,KAAxC;AAIAX,IAAAA,MAAM,CAACsB,IAAP,CAAY,gBAAZ,EAA8BM,GAA9B;AAAmC,GARrC;;AASE,MAAMI,gBAAgB,GAAG,UAACrB,GAAD,EAAKsB,GAAL,EAAa;AAGrC,QAAIC,MAAM,GAAGC,QAAQ,CAACC,cAAT,CAAwBH,GAAxB,CAAb;AACC,QAAIjB,UAAU,GAAGkB,MAAM,CAACG,OAAP,CAAeH,MAAM,CAACI,aAAtB,EAAqCC,KAAtD;AAIAvC,IAAAA,MAAM,CAACsB,IAAP,CAAY,iBAAZ,EAA8BX,GAA9B,EAAmCK,UAAnC;AAEC,GAVH;;AAiBA,sBAEA,uDACC,oBAAC,WAAD,qBACC;AAAK,aAAM;AAAX,kBACE,oBAAC,MAAD;AAAQ,IAAA,WAAW,EAAEQ,OAArB;AAA8B,IAAA,IAAI,EAAE;AAApC,IADF,eAEE,oBAAC,MAAD;AAAQ,IAAA,WAAW,EAAEE,cAArB;AAAqC,IAAA,IAAI,EAAE;AAA3C,IAFF,eAGE,oBAAC,MAAD;AAAQ,IAAA,WAAW,EAAED,YAArB;AAAmC,IAAA,IAAI,EAAE;AAAzC,IAHF,eAIE,oBAAC,MAAD;AAAS,IAAA,IAAI,EAAE,gBAAf;AAAiC,IAAA,WAAW,EAAEE;AAA9C,IAJF,CADD,eAOC;AAAO,IAAA,SAAS,EAAC;AAAjB,kBAEE,6CACE,yCADF,eAEE,yCAFF,eAGE,yCAHF,eAIE,6CAJF,eAKE,+BALF,eAME,oDANF,CAFF,EAWGf,OAAO,CAAC4B,GAAR,CAAY,UAAAC,IAAI;AAAA,wBAAM;AAAK,MAAA,GAAG,EAAGA,IAAI,CAAC9B;AAAhB,oBACvB,6CACE;AAAO,MAAA,SAAS,EAAC;AAAjB,oBACF,oBAAC,MAAD;AAAS,MAAA,MAAM,EAAE8B,IAAI,CAAChC,QAAtB;AAAgC,MAAA,IAAI,EAAEgC,IAAtC;AAA4C,MAAA,UAAU,EAAEpB;AAAxD,MADE,eAEF;AAAM,MAAA,SAAS,EAAC;AAAhB,OAAqBoB,IAAI,CAAChC,QAAL,GAAgB,UAAhB,GAA6B,UAAlD,CAFE,CADF,CADuB,eAOvB,gCACEgC,IAAI,CAACC,IADP,CAPuB,eAUvB,gCACGC,IAAI,CAACC,SAAL,CAAeH,IAAI,CAACI,MAApB,CADH,CAVuB,eAarB,6CACE,oBAAC,gBAAD;AAAmB,MAAA,UAAU,EAAEJ,IAAI,CAACzB,UAApC;AAAgD,MAAA,IAAI,EAAEyB,IAAI,CAAC9B,GAA3D;AAAgE,MAAA,gBAAgB,EAAEqB;AAAlF,MADF,eAEE;AAAM,MAAA,SAAS,EAAC;AAAhB,MAFF,CAbqB,eAiBvB,6CACE,oBAAC,MAAD;AAAQ,MAAA,IAAI,EAAE,SAAd;AAAwB,MAAA,IAAI,EAAES,IAA9B;AAAmC,MAAA,WAAW,EAAErB;AAAhD,MADF,CAjBuB,eAoBvB,6CACE,oBAAC,MAAD;AAAQ,MAAA,MAAM,EAAEqB,IAAI,CAACrB,MAArB;AAA6B,MAAA,IAAI,EAAEqB,IAAnC;AAAyC,MAAA,UAAU,EAAElB;AAArD,MADF,CApBuB,MAAN;AAAA,GAAhB,CAXH,CAPD,CADD,CAFA;AAiDD,CA7GM","sourcesContent":["import React, { useState } from 'react';\nimport { useTracker } from 'meteor/react-meteor-data';\nimport { Tarefa } from '../api/connection';\nimport { Deleta } from './delete';\nimport { Estado } from './estado';\nimport { Meteor } from 'meteor/meteor';\nimport { PrioridadeSelect } from './Prioridade';\nimport { TarefaStyle} from './styles/styleLista.js';\n\nexport const Task = () => {\n  const [estado, setEstado] = useState(false);\n  const [mostra, setMostra] = useState(true)\n \n\n  const user = useTracker(() => Meteor.user())\n\n  const alter = ({ completo: estado, userId: user._id})\n \n  const tarefas = useTracker(() => {Meteor.subscribe('tarefa') \n  const tarefas = (mostra ?  Tarefa.find({ userId: user._id}, {sort: { prioridade: 1, sabor: -1 }}).fetch() : Tarefa.find({ completo: estado, userId: user._id}, {sort: { prioridade: 1, sabor: -1}  }).fetch() )\n  \n  return  tarefas\n})\n\nconst tarefas2 = useTracker(() => {\n  Meteor.subscribe('tarefa') \n  const tarefas2 = Tarefa.find({deleta: true}).fetch()\n  return  tarefas2\n})\n\n\nconst changeStatus = ({_id, completo}) =>Meteor.call('tarefa.checado', _id, !completo);\n\nconst mudaDeleta = ({_id, deleta}) =>Meteor.call('tarefa.checado2', _id, !deleta);\n\nconst deleta= ({_id}) =>Meteor.call('tarefa.deleta', _id)\n\nconst showAll= () =>{setMostra(true)}\n\nconst showComplete = () =>{ setEstado(true), setMostra(false)}\n\nconst showIncomplete = () =>{ setEstado(false), setMostra(false)}\n\nconst deletaVarios = () =>{\n  let ids = []\n\n \n  tarefas2.forEach(e =>{ ids.push(e._id) })\n\n \n \n  Meteor.call('tarefa.deleta2', ids)}\n  const selectPrioridade = (_id,uid) => {\n    \n    \n\t  var select = document.getElementById(uid);\n    var prioridade = select.options[select.selectedIndex].value\n    \n      \n  \n    Meteor.call('tarefa.checado3',_id, prioridade)\n    \n    }\n    \n    \n    \n    \n  \n\n  return  (\n  \n  <>\n   <TarefaStyle>\n    <div class=\"muda\">\n      <Deleta handleClick={showAll} text={\"Mostrar todos\"} />\n      <Deleta handleClick={showIncomplete} text={\"Mostrar incompletas\"}/> \n      <Deleta handleClick={showComplete} text={\"Mostrar completas\"}/>\n      <Deleta  text={\"Deletar várias\"} handleClick={deletaVarios} />\n      </div>\n    <table className=\"tabela\">\n      \n      <tr>\n        <th>Status</th>\n        <th>Tarefa</th>\n        <th>Criada</th>\n        <th>Prioridade</th>\n        <th></th>\n        <th>Deletar várias</th>\n        </tr>\n      \n      {tarefas.map(task =>   < tr key={ task._id }> \n      <td>\n        <label className=\"container\">\n      <Estado  estado={task.completo} task={task} mudaEstado={changeStatus}/> \n      <span className=\"b\">{task.completo ? \"Completo\" : \"Pendente\"}</span>\n      </label>\n      </td>\n      <td>\n       {task.name  }\n      </td>\n      <td>\n        {JSON.stringify(task.criado)}\n        </td>\n        <td>\n          <PrioridadeSelect  prioridade={task.prioridade} task={task._id} changePrioridade={selectPrioridade}/>\n          <span className=\"a\"></span>\n        </td>\n      <td>\n        <Deleta text={\"Deletar\"}task={task}handleClick={deleta}/> \n      </td>\n      <td>\n        <Estado estado={task.deleta} task={task} mudaEstado={mudaDeleta}/> \n      </td> </tr>)}\n      \n      \n      </table>\n      </TarefaStyle>\n  </>)\n};"]},"sourceType":"module","hash":"e776f94f25897773f781477ef2ee173d85be8c40"}
