{"lastInput":{"dependencies":["meteor-base","mobile-experience","mongo","reactive-var","standard-minifier-css","standard-minifier-js","es5-shim","ecmascript","typescript","shell-server","hot-module-replacement","static-html","react-meteor-data","http","accounts-password","meteortesting:mocha","quave:testing"],"constraints":["meteor-base@1.5.1","mobile-experience@1.1.0","mongo@1.12.0","reactive-var@1.0.11","standard-minifier-css@1.7.3","standard-minifier-js@2.6.1","es5-shim@4.8.0","ecmascript@0.15.3","typescript@4.3.5","shell-server@0.5.0","hot-module-replacement@0.3.0","static-html","react-meteor-data","http","accounts-password@2.0.1","meteortesting:mocha","quave:testing","accounts-base@~2.0.1","accounts-facebook@~1.3.3","accounts-github@~1.5.0","accounts-google@~1.4.0","accounts-meetup@~1.5.0","accounts-meteor-developer@~1.5.0","accounts-oauth@~1.3.0","accounts-password@~2.0.1","accounts-twitter@~1.5.0","accounts-ui-unstyled@~1.5.0","accounts-ui@~1.4.0","accounts-weibo@~1.4.0","allow-deny@~1.1.0","appcache@~1.2.7","audit-argument-checks@~1.0.7","autopublish@~1.0.7","autoupdate@~1.7.0","babel-compiler@~7.7.0","babel-runtime@~1.5.0","base64@~1.0.12","binary-heap@~1.0.11","boilerplate-generator-tests@~1.5.0","boilerplate-generator@~1.7.1","browser-policy-common@~1.0.11","browser-policy-content@~1.1.1","browser-policy-framing@~1.1.0","browser-policy@~1.1.0","caching-compiler@~1.2.2","callback-hook@~1.3.1","check@~1.3.1","constraint-solver@~1.2.0","context@~0.5.0","crosswalk@~1.7.1","ddp-client@~2.5.0","ddp-common@~1.4.0","ddp-rate-limiter@~1.1.0","ddp-server@~2.4.1","ddp@~1.4.0","dev-error-overlay@~0.1.1","diff-sequence@~1.1.1","disable-oplog@~1.0.7","dynamic-import@~0.7.1","ecmascript-runtime-client@~0.11.1","ecmascript-runtime-server@~0.10.1","ecmascript-runtime@~0.7.0","ecmascript@~0.15.3","ejson@~1.1.1","email@~2.1.1","es5-shim@~4.8.0","facebook-config-ui@~1.0.3","facebook-oauth@~1.9.1","facts-base@~1.0.1","facts-ui@~1.0.0","fetch@~0.1.1","force-ssl-common@~1.1.0","force-ssl@~1.1.0","geojson-utils@~1.0.10","github-config-ui@~1.0.2","github-oauth@~1.3.1","google-config-ui@~1.0.2","google-oauth@~1.4.1","hot-code-push@~1.0.4","hot-module-replacement@~0.3.0","id-map@~1.1.1","insecure@~1.0.7","inter-process-messaging@~0.1.1","launch-screen@~1.3.0","localstorage@~1.2.0","logging@~1.2.0","logic-solver@~2.0.8","meetup-config-ui@~1.0.2","meetup-oauth@~1.1.1","meteor-base@~1.5.1","meteor-developer-config-ui@~1.0.2","meteor-developer-oauth@~1.3.1","meteor@~1.9.3","minifier-css@~1.5.4","minifier-js@~2.6.1","minimongo@~1.7.0","mobile-experience@~1.1.0","mobile-status-bar@~1.1.0","modern-browsers@~0.1.5","modules-runtime-hot@~0.13.0","modules-runtime@~0.12.0","modules@~0.16.0","mongo-dev-server@~1.1.0","mongo-id@~1.0.8","mongo-livedata@~1.0.12","mongo@~1.12.0","npm-mongo@~3.9.1","oauth-encryption@~1.3.2","oauth@~2.0.0","oauth1@~1.4.1","oauth2@~1.3.1","ordered-dict@~1.1.0","package-stats-opt-out@~1.0.7","package-version-parser@~3.2.0","promise@~0.12.0","random@~1.2.0","rate-limit@~1.0.9","react-fast-refresh@~0.1.1","reactive-dict@~1.3.0","reactive-var@~1.0.11","reload-safetybelt@~1.0.12","reload@~1.3.1","retry@~1.1.0","routepolicy@~1.1.1","server-render@~0.4.0","service-configuration@~1.1.0","session@~1.2.0","sha@~1.0.9","shell-server@~0.5.0","socket-stream-client@~0.4.0","standard-minifier-css@~1.7.3","standard-minifier-js@~2.6.1","standard-minifiers@~1.1.0","test-helpers@~1.2.0","test-in-browser@~1.3.0","test-in-console@~1.2.3","test-server-tests-in-console-once@~1.0.11","tinytest-harness@~0.0.4","tinytest@~1.1.1","tracker@~1.2.0","twitter-config-ui@~1.0.1","twitter-oauth@~1.3.0","typescript@~4.3.5","underscore-tests@~1.0.8","underscore@~1.0.10","url@~1.3.2","webapp-hashing@~1.1.0","webapp@~1.11.1","weibo-config-ui@~1.0.2","weibo-oauth@~1.3.1"],"previousSolution":{"accounts-base":"2.0.1","accounts-password":"2.0.1","allow-deny":"1.1.0","autoupdate":"1.7.0","babel-compiler":"7.7.0","babel-runtime":"1.5.0","base64":"1.0.12","binary-heap":"1.0.11","blaze-tools":"1.1.2","boilerplate-generator":"1.7.1","caching-compiler":"1.2.2","caching-html-compiler":"1.2.1","callback-hook":"1.3.1","check":"1.3.1","ddp":"1.4.0","ddp-client":"2.5.0","ddp-common":"1.4.0","ddp-rate-limiter":"1.1.0","ddp-server":"2.4.1","diff-sequence":"1.1.1","dynamic-import":"0.7.1","ecmascript":"0.15.3","ecmascript-runtime":"0.7.0","ecmascript-runtime-client":"0.11.1","ecmascript-runtime-server":"0.10.1","ejson":"1.1.1","email":"2.1.1","es5-shim":"4.8.0","fetch":"0.1.1","geojson-utils":"1.0.10","hot-code-push":"1.0.4","hot-module-replacement":"0.3.0","html-tools":"1.1.2","htmljs":"1.1.1","http":"2.0.0","id-map":"1.1.1","inter-process-messaging":"0.1.1","launch-screen":"1.3.0","localstorage":"1.2.0","logging":"1.2.0","meteor":"1.9.3","meteor-base":"1.5.1","meteortesting:browser-tests":"1.3.4","meteortesting:mocha":"2.0.2","meteortesting:mocha-core":"8.0.1","minifier-css":"1.5.4","minifier-js":"2.6.1","minimongo":"1.7.0","mobile-experience":"1.1.0","mobile-status-bar":"1.1.0","modern-browsers":"0.1.5","modules":"0.16.0","modules-runtime":"0.12.0","modules-runtime-hot":"0.13.0","mongo":"1.12.0","mongo-decimal":"0.1.2","mongo-dev-server":"1.1.0","mongo-id":"1.0.8","npm-mongo":"3.9.1","ordered-dict":"1.1.0","promise":"0.12.0","quave:testing":"1.0.0","random":"1.2.0","rate-limit":"1.0.9","react-fast-refresh":"0.1.1","react-meteor-data":"2.3.3","reactive-var":"1.0.11","reload":"1.3.1","retry":"1.1.0","routepolicy":"1.1.1","service-configuration":"1.1.0","sha":"1.0.9","shell-server":"0.5.0","socket-stream-client":"0.4.0","spacebars-compiler":"1.3.0","standard-minifier-css":"1.7.3","standard-minifier-js":"2.6.1","static-html":"1.3.2","templating-tools":"1.2.1","tracker":"1.2.0","typescript":"4.3.5","underscore":"1.0.10","url":"1.3.2","webapp":"1.11.1","webapp-hashing":"1.1.0"}},"lastOutput":{"neededToUseUnanticipatedPrereleases":false,"answer":{"accounts-base":"2.0.1","accounts-password":"2.0.1","allow-deny":"1.1.0","autoupdate":"1.7.0","babel-compiler":"7.7.0","babel-runtime":"1.5.0","base64":"1.0.12","binary-heap":"1.0.11","blaze-tools":"1.1.2","boilerplate-generator":"1.7.1","caching-compiler":"1.2.2","caching-html-compiler":"1.2.1","callback-hook":"1.3.1","check":"1.3.1","ddp":"1.4.0","ddp-client":"2.5.0","ddp-common":"1.4.0","ddp-rate-limiter":"1.1.0","ddp-server":"2.4.1","diff-sequence":"1.1.1","dynamic-import":"0.7.1","ecmascript":"0.15.3","ecmascript-runtime":"0.7.0","ecmascript-runtime-client":"0.11.1","ecmascript-runtime-server":"0.10.1","ejson":"1.1.1","email":"2.1.1","es5-shim":"4.8.0","fetch":"0.1.1","geojson-utils":"1.0.10","hot-code-push":"1.0.4","hot-module-replacement":"0.3.0","html-tools":"1.1.2","htmljs":"1.1.1","http":"2.0.0","id-map":"1.1.1","inter-process-messaging":"0.1.1","isobuild:compiler-plugin":"1.0.0","isobuild:dynamic-import":"1.5.0","isobuild:isopack-2":"1.0.0","isobuild:minifier-plugin":"1.0.0","launch-screen":"1.3.0","localstorage":"1.2.0","logging":"1.2.0","meteor":"1.9.3","meteor-base":"1.5.1","meteortesting:browser-tests":"1.3.4","meteortesting:mocha":"2.0.2","meteortesting:mocha-core":"8.0.1","minifier-css":"1.5.4","minifier-js":"2.6.1","minimongo":"1.7.0","mobile-experience":"1.1.0","mobile-status-bar":"1.1.0","modern-browsers":"0.1.5","modules":"0.16.0","modules-runtime":"0.12.0","modules-runtime-hot":"0.13.0","mongo":"1.12.0","mongo-decimal":"0.1.2","mongo-dev-server":"1.1.0","mongo-id":"1.0.8","npm-mongo":"3.9.1","ordered-dict":"1.1.0","promise":"0.12.0","quave:testing":"1.0.0","random":"1.2.0","rate-limit":"1.0.9","react-fast-refresh":"0.1.1","react-meteor-data":"2.3.3","reactive-var":"1.0.11","reload":"1.3.1","retry":"1.1.0","routepolicy":"1.1.1","service-configuration":"1.1.0","sha":"1.0.9","shell-server":"0.5.0","socket-stream-client":"0.4.0","spacebars-compiler":"1.3.0","standard-minifier-css":"1.7.3","standard-minifier-js":"2.6.1","static-html":"1.3.2","templating-tools":"1.2.1","tracker":"1.2.0","typescript":"4.3.5","underscore":"1.0.10","url":"1.3.2","webapp":"1.11.1","webapp-hashing":"1.1.0"}}}
