{"metadata":{},"options":{"assumptions":{},"compact":false,"sourceMaps":true,"ast":true,"babelrc":false,"configFile":false,"parserOpts":{"sourceType":"module","sourceFileName":"/home/matheuswm/Downloads/teste/packages/react-meteor-data/withTracker.tsx","plugins":["*","flow","jsx","asyncGenerators","bigInt","classPrivateMethods","classPrivateProperties","classProperties","doExpressions","dynamicImport","exportDefaultFrom","exportExtensions","exportNamespaceFrom","functionBind","functionSent","importMeta","nullishCoalescingOperator","numericSeparator","objectRestSpread","optionalCatchBinding","optionalChaining",["pipelineOperator",{"proposal":"minimal"}],"throwExpressions","classProperties","classPrivateProperties","jsx","nullishCoalescingOperator","nullishCoalescingOperator","optionalChaining","optionalCatchBinding","optionalCatchBinding","classProperties","classPrivateProperties","classPrivateMethods","classProperties","classPrivateProperties","asyncGenerators","asyncGenerators","objectRestSpread","objectRestSpread","logicalAssignment"],"allowImportExportEverywhere":true,"allowReturnOutsideFunction":true,"allowUndeclaredExports":true,"strictMode":false},"caller":{"name":"meteor","arch":"web.browser"},"sourceFileName":"packages/react-meteor-data/withTracker.tsx","filename":"/home/matheuswm/Downloads/teste/packages/react-meteor-data/withTracker.tsx","inputSourceMap":{"version":3,"file":"packages/react-meteor-data/withTracker.tsx","sourceRoot":"","sources":["packages/react-meteor-data/withTracker.tsx"],"names":[],"mappings":"AAAA,OAAO,KAAK,EAAE,EAAE,UAAU,EAAE,IAAI,EAAE,MAAM,OAAO,CAAC;AAChD,OAAO,UAAU,MAAM,cAAc,CAAC;AAStC,MAAM,CAAC,OAAO,UAAU,WAAW,CAAC,OAAqC;IACvE,OAAO,CAAC,SAA8B,EAAE,EAAE;QACxC,MAAM,aAAa,GAAG,OAAO,OAAO,KAAK,UAAU;YACjD,CAAC,CAAC,OAAO;YACT,CAAC,CAAC,OAAO,CAAC,aAAa,CAAC;QAE1B,MAAM,WAAW,GAAG,UAAU,CAAC,CAAC,KAAK,EAAE,GAAG,EAAE,EAAE;YAC5C,MAAM,IAAI,GAAG,UAAU,CACrB,GAAG,EAAE,CAAC,aAAa,CAAC,KAAK,CAAC,IAAI,EAAE,EAC/B,OAA2B,CAAC,UAAU,CACxC,CAAC;YACF,OAAO,CACL,CAAC,SAAS,CAAC,GAAG,CAAC,CAAC,GAAG,CAAC,CAAC,IAAI,KAAK,CAAC,CAAC,IAAI,IAAI,CAAC,EAAG,CAC7C,CAAC;QACJ,CAAC,CAAC,CAAC;QAEH,MAAM,EAAE,IAAI,GAAG,IAAI,EAAE,GAAG,OAA0B,CAAC;QACnD,OAAO,IAAI,CAAC,CAAC,CAAC,IAAI,CAAC,WAAW,CAAC,CAAC,CAAC,CAAC,WAAW,CAAC;IAChD,CAAC,CAAC;AACJ,CAAC","sourcesContent":["import React, { forwardRef, memo } from 'react';\nimport useTracker from './useTracker';\n\ntype ReactiveFn = (props: object) => any;\ntype ReactiveOptions = {\n  getMeteorData: ReactiveFn;\n  pure?: boolean;\n  skipUpdate?: (prev: any, next: any) => boolean;\n}\n\nexport default function withTracker(options: ReactiveFn | ReactiveOptions) {\n  return (Component: React.ComponentType) => {\n    const getMeteorData = typeof options === 'function'\n      ? options\n      : options.getMeteorData;\n\n    const WithTracker = forwardRef((props, ref) => {\n      const data = useTracker(\n        () => getMeteorData(props) || {},\n        (options as ReactiveOptions).skipUpdate\n      );\n      return (\n        <Component ref={ref} {...props} {...data} />\n      );\n    });\n\n    const { pure = true } = options as ReactiveOptions;\n    return pure ? memo(WithTracker) : WithTracker;\n  };\n}\n"]},"targets":{},"cloneInputAst":true,"browserslistConfigFile":false,"passPerPreset":false,"envName":"development","cwd":"/home/matheuswm/Downloads/teste","root":"/home/matheuswm/Downloads/teste","rootMode":"root","plugins":[{"key":"base$0","visitor":{"_exploded":true,"_verified":true},"options":{}},{"key":"base$0$0","visitor":{"Program":{"enter":[null],"exit":[null]},"_exploded":true,"_verified":true},"options":{"avoidModernSyntax":false,"enforceStrictMode":false,"dynamicImport":true,"generateLetDeclarations":true}},{"key":"transform-runtime","visitor":{"MemberExpression":{"enter":[null]},"ObjectPattern":{"enter":[null]},"BinaryExpression":{"enter":[null]},"_exploded":{},"_verified":{},"Identifier":{"enter":[null]},"JSXIdentifier":{"enter":[null]}},"options":{"version":"7.15.3","helpers":true,"useESModules":false,"corejs":false}},{"key":"proposal-class-properties","visitor":{"PrivateName":{"enter":[null]},"ExportDefaultDeclaration":{"enter":[null]},"_exploded":true,"_verified":true,"ClassExpression":{"enter":[null]},"ClassDeclaration":{"enter":[null]}},"options":{"loose":true}},{"key":"transform-react-jsx","visitor":{"_exploded":{},"_verified":{},"JSXNamespacedName":{"enter":[null]},"JSXSpreadChild":{"enter":[null]},"Program":{"enter":[null]},"JSXElement":{"exit":[null]},"JSXFragment":{"exit":[null]},"JSXAttribute":{"enter":[null]}},"options":{"pragma":"React.createElement","pragmaFrag":"React.Fragment","runtime":"classic","throwIfNamespace":true,"useBuiltIns":false}},{"key":"transform-react-display-name","visitor":{"ExportDefaultDeclaration":{"enter":[null]},"CallExpression":{"enter":[null]},"_exploded":true,"_verified":true},"options":{}},{"key":"transform-react-pure-annotations","visitor":{"CallExpression":{"enter":[null]},"_exploded":true,"_verified":true},"options":{}},{"key":"syntax-nullish-coalescing-operator","visitor":{"_exploded":true,"_verified":true},"options":{}},{"key":"proposal-nullish-coalescing-operator","visitor":{"_exploded":{},"_verified":{},"LogicalExpression":{"enter":[null]}},"options":{}},{"key":"syntax-optional-chaining","visitor":{"_exploded":true,"_verified":true},"options":{}},{"key":"proposal-optional-chaining","visitor":{"_exploded":true,"OptionalCallExpression":{"enter":[null]},"OptionalMemberExpression":{"enter":[null]},"_verified":true},"options":{}},{"key":"syntax-optional-catch-binding","visitor":{"_exploded":true,"_verified":true},"options":{}},{"key":"proposal-optional-catch-binding","visitor":{"_exploded":{},"_verified":{},"CatchClause":{"enter":[null]}},"options":{}},{"key":"syntax-class-properties","visitor":{"_exploded":true,"_verified":true},"options":{}},{"key":"proposal-class-properties","visitor":{"PrivateName":{"enter":[null]},"ExportDefaultDeclaration":{"enter":[null]},"_exploded":true,"_verified":true,"ClassExpression":{"enter":[null]},"ClassDeclaration":{"enter":[null]}},"options":{}},{"key":"syntax-async-generators","visitor":{"_exploded":true,"_verified":true},"options":{}},{"key":"proposal-async-generator-functions","visitor":{"_exploded":{},"_verified":{},"Program":{"enter":[null]}},"options":{}},{"key":"syntax-object-rest-spread","visitor":{"_exploded":true,"_verified":true},"options":{}},{"key":"proposal-object-rest-spread","visitor":{"_exploded":{},"_verified":{},"VariableDeclarator":{"enter":[null]},"ExportNamedDeclaration":{"enter":[null]},"CatchClause":{"enter":[null]},"AssignmentExpression":{"enter":[null]},"ArrayPattern":{"enter":[null]},"ObjectExpression":{"enter":[null]},"FunctionDeclaration":{"enter":[null]},"FunctionExpression":{"enter":[null]},"ObjectMethod":{"enter":[null]},"ArrowFunctionExpression":{"enter":[null]},"ClassMethod":{"enter":[null]},"ClassPrivateMethod":{"enter":[null]},"ForInStatement":{"enter":[null]},"ForOfStatement":{"enter":[null]}},"options":{}},{"key":"proposal-logical-assignment-operators","visitor":{"_exploded":{},"_verified":{},"AssignmentExpression":{"enter":[null]}},"options":{}},{"key":"transform-literals","visitor":{"NumericLiteral":{"enter":[null]},"StringLiteral":{"enter":[null]},"_exploded":true,"_verified":true},"options":{}},{"key":"transform-template-literals","visitor":{"TaggedTemplateExpression":{"enter":[null]},"TemplateLiteral":{"enter":[null]},"_exploded":true,"_verified":true},"options":{}},{"key":"transform-parameters","visitor":{"_exploded":true,"_verified":true,"FunctionDeclaration":{"enter":[null]},"FunctionExpression":{"enter":[null]},"ObjectMethod":{"enter":[null]},"ArrowFunctionExpression":{"enter":[null]},"ClassMethod":{"enter":[null]},"ClassPrivateMethod":{"enter":[null]}},"options":{}},{"key":"transform-exponentiation-operator","visitor":{"AssignmentExpression":{"enter":[null]},"BinaryExpression":{"enter":[null]},"_exploded":true,"_verified":true},"options":{}}],"presets":[],"generatorOpts":{"filename":"/home/matheuswm/Downloads/teste/packages/react-meteor-data/withTracker.tsx","comments":true,"compact":false,"sourceMaps":true,"sourceFileName":"packages/react-meteor-data/withTracker.tsx"}},"code":"let _extends;\n\nmodule.link(\"@babel/runtime/helpers/extends\", {\n  default(v) {\n    _extends = v;\n  }\n\n}, 0);\nmodule.export({\n  default: () => withTracker\n});\nlet React, forwardRef, memo;\nmodule.link(\"react\", {\n  default(v) {\n    React = v;\n  },\n\n  forwardRef(v) {\n    forwardRef = v;\n  },\n\n  memo(v) {\n    memo = v;\n  }\n\n}, 0);\nlet useTracker;\nmodule.link(\"./useTracker\", {\n  default(v) {\n    useTracker = v;\n  }\n\n}, 1);\n\nfunction withTracker(options) {\n  return Component => {\n    const getMeteorData = typeof options === 'function' ? options : options.getMeteorData;\n    const WithTracker = /*#__PURE__*/forwardRef((props, ref) => {\n      const data = useTracker(() => getMeteorData(props) || {}, options.skipUpdate);\n      return /*#__PURE__*/React.createElement(Component, _extends({\n        ref: ref\n      }, props, data));\n    });\n    const {\n      pure = true\n    } = options;\n    return pure ? /*#__PURE__*/memo(WithTracker) : WithTracker;\n  };\n}","map":{"version":3,"sources":["packages/react-meteor-data/withTracker.tsx"],"names":[],"mappings":"AAAA,IAAA,QAAA;;AAAY,MAAI,CAAA,IAAJ,CAAI,gCAAJ,EAAoC;AAAA,EAAA,OAAA,CAAA,CAAA,EAAA;AAAA,IAAA,QAAA,GAAA,CAAA;AAAA;;AAAA,CAApC,EAAoC,CAApC;AAAZ,MAAA,CAAO,MAAP,CAAc;AAAA,EAAA,OAAE,EAAA,MAAU;AAAZ,CAAd;AAAwC,IAAA,KAAA,EAAQ,UAAR,EAAQ,IAAR;AAAQ,MAAA,CAAA,IAAA,CAAA,OAAA,EAAA;AAAA,EAAA,OAAA,CAAA,CAAA,EAAA;AAAA,IAAA,KAAA,GAAA,CAAA;AAAA,GAAA;;AAAA,EAAA,UAAA,CAAA,CAAA,EAAA;AAAA,IAAA,UAAA,GAAA,CAAA;AAAA,GAAA;;AAAA,EAAA,IAAA,CAAA,CAAA,EAAA;AAAA,IAAA,IAAA,GAAA,CAAA;AAAA;;AAAA,CAAA,EAAA,CAAA;AAAA,IAAA,UAAA;AAAA,MAAA,CAAA,IAAA,CAAA,cAAA,EAAA;AAAA,EAAA,OAAA,CAAA,CAAA,EAAA;AAAA,IAAA,UAAA,GAAA,CAAA;AAAA;;AAAA,CAAA,EAAA,CAAA;;AAUlC,SAAU,WAAV,CAAsB,OAAtB,EAA2D;AACvE,SAAQ,SAAD,IAAmC;AACxC,UAAM,aAAa,GAAG,OAAO,OAAP,KAAmB,UAAnB,GAClB,OADkB,GAElB,OAAO,CAAC,aAFZ;AAIA,UAAM,WAAW,gBAAG,UAAU,CAAC,CAAC,KAAD,EAAQ,GAAR,KAAe;AAC5C,YAAM,IAAI,GAAG,UAAU,CACrB,MAAM,aAAa,CAAC,KAAD,CAAb,IAAwB,EADT,EAEpB,OAA2B,CAAC,UAFR,CAAvB;AAIA,0BACE,oBAAC,SAAD;AAAW,QAAA,GAAG,EAAE;AAAhB,SAAyB,KAAzB,EAAoC,IAApC,EADF;AAGD,KAR6B,CAA9B;AAUA,UAAM;AAAE,MAAA,IAAI,GAAG;AAAT,QAAkB,OAAxB;AACA,WAAO,IAAI,gBAAG,IAAI,CAAC,WAAD,CAAP,GAAuB,WAAlC;AACD,GAjBD;AAkBD","sourcesContent":["import React, { forwardRef, memo } from 'react';\nimport useTracker from './useTracker';\n\ntype ReactiveFn = (props: object) => any;\ntype ReactiveOptions = {\n  getMeteorData: ReactiveFn;\n  pure?: boolean;\n  skipUpdate?: (prev: any, next: any) => boolean;\n}\n\nexport default function withTracker(options: ReactiveFn | ReactiveOptions) {\n  return (Component: React.ComponentType) => {\n    const getMeteorData = typeof options === 'function'\n      ? options\n      : options.getMeteorData;\n\n    const WithTracker = forwardRef((props, ref) => {\n      const data = useTracker(\n        () => getMeteorData(props) || {},\n        (options as ReactiveOptions).skipUpdate\n      );\n      return (\n        <Component ref={ref} {...props} {...data} />\n      );\n    });\n\n    const { pure = true } = options as ReactiveOptions;\n    return pure ? memo(WithTracker) : WithTracker;\n  };\n}\n"],"sourceRoot":""},"sourceType":"module","hash":"5ddf5bfbdb26fa7ac3cd8819a1613740c30d4d03"}
